I,X,Y,Z,V0,s0,V,s
233845,0.02,-0.01,-0.01,0.19,0.844,0.052777778,0.844
233855,0.02,-0.01,-0.01,,,0.047222222,0.844
233865,0.02,-0.01,-0.01,,,0.041666667,0.844
233875,0.02,-0.01,-0.01,,,0.036111111,0.844
233885,0.02,-0.01,-0.01,0.11,0.844,0.030555556,0.844
233895,0.02,-0.01,-0.01,,,0.028472222,0.844
233905,0.02,-0.01,-0.01,,,0.026388889,0.844
233915,0.02,-0.01,-0.01,,,0.024305556,0.844
233925,0.02,-0.01,-0.01,0.08,0.844,0.022222222,0.844
233935,0.02,-0.01,-0.01,,,0.025694444,0.844
233945,0.02,-0.01,-0.01,,,0.029166667,0.844
233955,0.02,-0.01,-0.01,,,0.032638889,0.844
233965,0.02,-0.01,0,0.13,0.844,0.036111111,0.844
233975,0.02,-0.01,-0.01,,,0.030555556,0.844
233985,0.02,-0.01,-0.01,,,0.025,0.844
233995,0.02,-0.01,-0.01,,,0.019444444,0.844
234005,0.02,-0.01,-0.01,0.05,0.844,0.013888889,0.844
234015,0.02,-0.01,-0.01,,,0.013888889,0.844
234025,0.02,-0.01,-0.01,,,0.013888889,0.844
234035,0.02,-0.01,-0.01,,,0.013888889,0.844
234045,0.02,-0.01,-0.01,0.05,0.844,0.013888889,0.844
234055,0.02,-0.01,-0.01,,,0.015277778,0.844
234065,0.02,-0.01,-0.01,,,0.016666667,0.844
234075,0.02,-0.01,-0.01,,,0.018055556,0.844
234085,0.02,-0.01,-0.01,0.07,0.844,0.019444444,0.844
234095,0.02,-0.01,-0.01,,,0.020138889,0.844
234105,0.02,-0.01,-0.01,,,0.020833333,0.844
234115,0.02,-0.01,-0.01,,,0.021527778,0.844
234125,0.02,-0.01,-0.01,0.08,0.844,0.022222222,0.844
234135,0.02,-0.01,-0.01,,,0.034027778,0.844
234145,0.02,-0.01,-0.01,,,0.045833333,0.844
234155,0.02,-0.01,-0.01,,,0.057638889,0.844
234165,0.02,-0.01,-0.01,0.25,0.844,0.069444444,0.844
234175,0.02,-0.01,-0.01,,,0.061111111,0.844
234185,0.02,-0.01,-0.01,,,0.052777778,0.844
234195,0.02,-0.01,-0.01,,,0.044444444,0.844
234205,0.02,-0.01,-0.01,0.13,0.844,0.036111111,0.844
234215,0.02,-0.01,-0.01,,,0.034722222,0.844
234225,0.02,-0.01,-0.01,,,0.033333333,0.844
234235,0.02,-0.01,-0.01,,,0.031944444,0.844
234245,0.02,-0.01,-0.01,0.11,0.844,0.030555556,0.844
234255,0.02,-0.01,-0.01,,,0.029861111,0.844
234265,0.02,-0.01,-0.01,,,0.029166667,0.844
234275,0.02,-0.01,-0.01,,,0.028472222,0.844
234285,0.02,-0.01,0,0,0.844,0,0.844
234295,0.03,-0.01,-0.01,,,0.027083333,0.844
234305,0.03,-0.01,-0.02,,,0.026388889,0.844
234315,0.03,-0.01,-0.02,,,0.025694444,0.844
234325,0.04,-0.01,-0.02,0.09,0.844,0.025,0.844
234335,0.04,-0.01,-0.03,,,0.022916667,0.844
234345,0.05,-0.01,-0.04,,,0.020833333,0.844
234355,0.06,-0.01,-0.07,,,0.01875,0.844
234365,0.08,-0.01,-0.07,0.06,0.844,0.016666667,0.844
234375,0.09,-0.01,-0.07,,,0.018055556,0.844
234385,0.09,-0.01,-0.1,,,0.019444444,0.844
234395,0.1,-0.01,-0.1,,,0.020833333,0.844
234405,0.1,-0.01,-0.11,0.08,0.844,0.022222222,0.844
234415,0.1,-0.01,-0.11,,,0.039583333,0.844
234425,0.09,-0.01,-0.12,,,0.056944444,0.844
234435,0.09,-0.01,-0.13,,,0.074305556,0.844
234445,0.09,-0.01,-0.13,0.33,0.844,0.091666667,0.844
234455,0.08,-0.01,-0.14,,,0.109722222,0.844
234465,0.08,-0.01,-0.14,,,0.127777778,0.844
234475,0.08,-0.01,-0.13,,,0.145833333,0.844
234485,0.08,-0.01,-0.12,0.59,0.844,0.163888889,0.844
234495,0.09,-0.02,-0.12,,,0.169444444,0.844
234505,0.1,-0.02,-0.14,,,0.175,0.844
234515,0.1,-0.02,-0.14,,,0.180555556,0.844
234525,0.11,-0.02,-0.14,0.67,0.844,0.186111111,0.844
234535,0.12,-0.02,-0.15,,,0.203472222,0.84435
234545,0.12,-0.01,-0.15,,,0.220833333,0.8447
234555,0.13,-0.01,-0.17,,,0.238194444,0.84505
234565,0.14,-0.01,-0.19,0.92,0.8454,0.255555556,0.8454
234575,0.15,-0.01,-0.2,,,0.26875,0.8454
234585,0.15,-0.01,-0.21,,,0.281944444,0.8454
234595,0.16,-0.02,-0.21,,,0.295138889,0.8454
234605,0.17,-0.02,-0.21,1.11,0.8454,0.308333333,0.8454
234615,0.18,-0.02,-0.25,,,0.345833333,0.8454
234625,0.18,-0.02,-0.27,,,0.383333333,0.8454
234635,0.19,-0.02,-0.26,,,0.420833333,0.8454
234645,0.21,-0.01,-0.25,1.65,0.8454,0.458333333,0.8454
234655,0.22,-0.01,-0.26,,,0.476388889,0.8454
234665,0.25,-0.01,-0.29,,,0.494444444,0.8454
234675,0.26,0,-0.32,,,0.5125,0.8454
234685,0.28,-0.01,-0.36,1.91,0.8454,0.530555556,0.8454
234695,0.3,-0.01,-0.36,,,0.595138889,0.845425
234705,0.31,-0.01,-0.37,,,0.659722222,0.84545
234715,0.33,-0.02,-0.39,,,0.724305556,0.845475
234725,0.35,-0.02,-0.5,2.84,0.8455,0.788888889,0.8455
234735,0.37,0,-0.56,,,0.823611111,0.8455
234745,0.39,0.01,-0.55,,,0.858333333,0.8455
234755,0.4,0.03,-0.48,,,0.893055556,0.8455
234765,0.42,0.03,-0.47,3.34,0.8455,0.927777778,0.8455
234775,0.42,0.03,-0.48,,,1.00625,0.8455
234785,0.41,0.02,-0.5,,,1.084722222,0.8455
234795,0.4,0.03,-0.5,,,1.163194444,0.8455
234805,0.39,0.02,-0.52,4.47,0.8455,1.241666667,0.8455
234815,0.39,0.01,-0.53,,,1.304861111,0.845525
234825,0.39,0.01,-0.53,,,1.368055556,0.84555
234835,0.39,0.01,-0.55,,,1.43125,0.845575
234845,0.4,0.01,-0.54,5.38,0.8456,1.494444444,0.8456
234855,0.4,0,-0.54,,,1.554861111,0.845625
234865,0.41,-0.01,-0.56,,,1.615277778,0.84565
234875,0.41,-0.02,-0.58,,,1.675694444,0.845675
234885,0.41,-0.02,-0.53,6.25,0.8457,1.736111111,0.8457
234895,0.41,0.01,-0.41,,,1.836805556,0.8457
234905,0.4,-0.03,-0.59,,,1.9375,0.8457
234915,0.4,0.02,-0.44,,,2.038194444,0.8457
234925,0.42,-0.04,-0.57,7.7,0.8457,2.138888889,0.8457
234935,0.4,0,-0.59,,,2.159722222,0.845725
234945,0.39,0.02,-0.42,,,2.180555556,0.84575
234955,0.39,0,-0.32,,,2.201388889,0.845775
234965,0.41,-0.01,-0.35,8,0.8458,2.222222222,0.8458
234975,0.41,-0.02,-0.43,,,2.292361111,0.845825
234985,0.41,0,-0.47,,,2.3625,0.84585
234995,0.41,0,-0.51,,,2.432638889,0.845875
235005,0.4,-0.01,-0.53,9.01,0.8459,2.502777778,0.8459
235015,0.42,-0.02,-0.53,,,2.553472222,0.845925
235025,0.4,-0.04,-0.51,,,2.604166667,0.84595
235035,0.4,-0.04,-0.51,,,2.654861111,0.845975
235045,0.38,-0.02,-0.52,9.74,0.846,2.705555556,0.846
235055,0.38,-0.02,-0.54,,,2.736111111,0.846025
235065,0.37,-0.02,-0.55,,,2.766666667,0.84605
235075,0.37,-0.03,-0.54,,,2.797222222,0.846075
235085,0.37,-0.03,-0.55,10.18,0.8461,2.827777778,0.8461
235095,0.36,-0.04,-0.56,,,2.924305556,0.84615
235105,0.36,-0.04,-0.54,,,3.020833333,0.8462
235115,0.36,-0.06,-0.54,,,3.117361111,0.84625
235125,0.35,-0.05,-0.55,11.57,0.8463,3.213888889,0.8463
235135,0.36,-0.04,-0.54,,,3.26875,0.846325
235145,0.38,-0.04,-0.53,,,3.323611111,0.84635
235155,0.38,-0.04,-0.56,,,3.378472222,0.846375
235165,0.37,-0.04,-0.6,12.36,0.8464,3.433333333,0.8464
235175,0.37,-0.05,-0.58,,,3.497222222,0.846425
235185,0.38,-0.05,-0.54,,,3.561111111,0.84645
235195,0.38,-0.05,-0.52,,,3.625,0.846475
235205,0.38,-0.04,-0.52,13.28,0.8465,3.688888889,0.8465
235215,0.37,-0.03,-0.52,,,3.734722222,0.84655
235225,0.37,-0.03,-0.53,,,3.780555556,0.8466
235235,0.36,-0.03,-0.51,,,3.826388889,0.84665
235245,0.36,-0.03,-0.51,13.94,0.8467,3.872222222,0.8467
235255,0.37,-0.04,-0.52,,,3.954861111,0.84675
235265,0.37,-0.05,-0.5,,,4.0375,0.8468
235275,0.38,-0.04,-0.49,,,4.120138889,0.84685
235285,0.38,-0.03,-0.5,15.13,0.8469,4.202777778,0.8469
235295,0.38,-0.02,-0.49,,,4.228472222,0.846925
235305,0.37,-0.01,-0.49,,,4.254166667,0.84695
235315,0.38,-0.02,-0.49,,,4.279861111,0.846975
235325,0.38,-0.02,-0.5,15.5,0.847,4.305555556,0.847
235335,0.38,-0.04,-0.49,,,4.390277778,0.84705
235345,0.39,-0.02,-0.51,,,4.475,0.8471
235355,0.38,-0.05,-0.48,,,4.559722222,0.84715
235365,0.39,-0.03,-0.5,16.72,0.8472,4.644444444,0.8472
235375,0.39,-0.04,-0.49,,,4.724305556,0.84725
235385,0.38,-0.04,-0.5,,,4.804166667,0.8473
235395,0.38,-0.03,-0.51,,,4.884027778,0.84735
235405,0.36,-0.04,-0.5,17.87,0.8474,4.963888889,0.8474
235415,0.36,-0.02,-0.53,,,4.970138889,0.84745
235425,0.35,-0.02,-0.52,,,4.976388889,0.8475
235435,0.34,-0.04,-0.52,,,4.982638889,0.84755
235445,0.35,0.01,-0.56,17.96,0.8476,4.988888889,0.8476
235455,0.37,0,-0.53,,,5.061111111,0.84765
235465,0.37,-0.03,-0.5,,,5.133333333,0.8477
235475,0.36,0.01,-0.53,,,5.205555556,0.84775
235485,0.36,0.02,-0.49,19,0.8478,5.277777778,0.8478
235495,0.38,-0.04,-0.46,,,5.35625,0.84785
235505,0.38,-0.05,-0.45,,,5.434722222,0.8479
235515,0.33,0.1,-0.55,,,5.513194444,0.84795
235525,0.33,0.18,-0.6,20.13,0.848,5.591666667,0.848
235535,0.35,0.14,-0.58,,,5.647222222,0.848075
235545,0.37,-0.02,-0.5,,,5.702777778,0.84815
235555,0.38,-0.03,-0.46,,,5.758333333,0.848225
235565,0.35,0.06,-0.52,20.93,0.8483,5.813888889,0.8483
235575,0.29,0.19,-0.66,,,5.854166667,0.84835
235585,0.25,0.25,-0.72,,,5.894444444,0.8484
235595,0.2,0.26,-0.71,,,5.934722222,0.84845
235605,0.18,0.25,-0.65,21.51,0.8485,5.975,0.8485
235615,0.18,0.21,-0.55,,,6.076388889,0.848575
235625,0.21,0.15,-0.49,,,6.177777778,0.84865
235635,0.21,0.08,-0.45,,,6.279166667,0.848725
235645,0.19,0.07,-0.45,22.97,0.8488,6.380555556,0.8488
235655,0.15,0.08,-0.42,,,6.408333333,0.84885
235665,0.11,0.1,-0.43,,,6.436111111,0.8489
235675,0.11,0.15,-0.49,,,6.463888889,0.84895
235685,0.14,0.21,-0.55,23.37,0.849,6.491666667,0.849
235695,0.21,0.22,-0.58,,,6.5625,0.849075
235705,0.28,0.15,-0.55,,,6.633333333,0.84915
235715,0.32,0.04,-0.55,,,6.704166667,0.849225
235725,0.35,0.01,-0.6,24.39,0.8493,6.775,0.8493
235735,0.31,0.02,-0.59,,,6.783333333,0.849375
235745,0.28,0.05,-0.57,,,6.791666667,0.84945
235755,0.31,0.03,-0.54,,,6.8,0.849525
235765,0.36,0,-0.55,24.51,0.8496,6.808333333,0.8496
235775,0.33,-0.01,-0.56,,,6.926388889,0.84965
235785,0.31,-0.02,-0.52,,,7.044444444,0.8497
235795,0.34,-0.03,-0.5,,,7.1625,0.84975
235805,0.34,-0.02,-0.52,26.21,0.8498,7.280555556,0.8498
235815,0.34,-0.02,-0.51,,,7.327777778,0.849875
235825,0.36,-0.05,-0.51,,,7.375,0.84995
235835,0.35,-0.04,-0.52,,,7.422222222,0.850025
235845,0.34,-0.05,-0.5,26.89,0.8501,7.469444444,0.8501
235855,0.35,-0.03,-0.5,,,7.542361111,0.850175
235865,0.35,0,-0.5,,,7.615277778,0.85025
235875,0.36,-0.03,-0.5,,,7.688194444,0.850325
235885,0.35,-0.03,-0.51,27.94,0.8504,7.761111111,0.8504
235895,0.36,-0.05,-0.51,,,7.788194444,0.8505
235905,0.35,-0.04,-0.49,,,7.815277778,0.8506
235915,0.37,-0.05,-0.48,,,7.842361111,0.8507
235925,0.35,-0.04,-0.47,28.33,0.8508,7.869444444,0.8508
235935,0.35,-0.03,-0.46,,,7.933333333,0.850875
235945,0.34,-0.02,-0.48,,,7.997222222,0.85095
235955,0.35,-0.02,-0.48,,,8.061111111,0.851025
235965,0.36,-0.05,-0.5,29.25,0.8511,8.125,0.8511
235975,0.34,-0.06,-0.49,,,8.175694444,0.851175
235985,0.33,-0.06,-0.48,,,8.226388889,0.85125
235995,0.32,-0.06,-0.49,,,8.277083333,0.851325
236005,0.31,-0.05,-0.5,29.98,0.8514,8.327777778,0.8514
236015,0.32,-0.05,-0.5,,,8.402083333,0.8515
236025,0.34,-0.03,-0.52,,,8.476388889,0.8516
236035,0.33,-0.02,-0.52,,,8.550694444,0.8517
236045,0.33,-0.02,-0.51,31.05,0.8518,8.625,0.8518
236055,0.35,-0.01,-0.5,,,8.699305556,0.851875
236065,0.35,-0.02,-0.48,,,8.773611111,0.85195
236075,0.35,-0.05,-0.47,,,8.847916667,0.852025
236085,0.34,-0.08,-0.49,32.12,0.8521,8.922222222,0.8521
236095,0.33,-0.1,-0.51,,,8.953472222,0.8522
236105,0.31,-0.09,-0.48,,,8.984722222,0.8523
236115,0.31,-0.08,-0.51,,,9.015972222,0.8524
236125,0.31,-0.08,-0.5,32.57,0.8525,9.047222222,0.8525
236135,0.33,-0.1,-0.5,,,9.100694444,0.852575
236145,0.33,-0.1,-0.5,,,9.154166667,0.85265
236155,0.34,-0.08,-0.49,,,9.207638889,0.852725
236165,0.34,-0.05,-0.49,33.34,0.8528,9.261111111,0.8528
236175,0.36,-0.04,-0.49,,,9.320138889,0.8529
236185,0.37,-0.04,-0.5,,,9.379166667,0.853
236195,0.37,-0.05,-0.49,,,9.438194444,0.8531
236205,0.37,-0.07,-0.49,34.19,0.8532,9.497222222,0.8532
236215,0.38,-0.08,-0.49,,,9.565277778,0.8533
236225,0.36,-0.07,-0.53,,,9.633333333,0.8534
236235,0.34,-0.06,-0.55,,,9.701388889,0.8535
236245,0.34,-0.06,-0.56,35.17,0.8536,9.769444444,0.8536
236255,0.33,-0.06,-0.55,,,9.810416667,0.8537
236265,0.31,-0.03,-0.57,,,9.851388889,0.8538
236275,0.33,0,-0.55,,,9.892361111,0.8539
236285,0.34,0.02,-0.5,35.76,0.854,9.933333333,0.854
236295,0.36,0.03,-0.45,,,10.01527778,0.8541
236305,0.35,0.03,-0.46,,,10.09722222,0.8542
236315,0.35,0.04,-0.53,,,10.17916667,0.8543
236325,0.37,0.03,-0.51,36.94,0.8544,10.26111111,0.8544
236335,0.37,0.02,-0.44,,,10.29583333,0.8545
236345,0.35,0.02,-0.46,,,10.33055556,0.8546
236355,0.36,0.03,-0.55,,,10.36527778,0.8547
236365,0.37,0.03,-0.48,37.44,0.8548,10.4,0.8548
236375,0.36,0.02,-0.46,,,10.46666667,0.8549
236385,0.37,0.03,-0.55,,,10.53333333,0.855
236395,0.37,0.01,-0.46,,,10.6,0.8551
236405,0.36,0.02,-0.49,38.4,0.8552,10.66666667,0.8552
236415,0.37,0.11,-0.55,,,10.71805556,0.855325
236425,0.34,0.07,-0.46,,,10.76944444,0.85545
236435,0.36,0.07,-0.56,,,10.82083333,0.855575
236445,0.34,0.06,-0.49,39.14,0.8557,10.87222222,0.8557
236455,0.35,0.06,-0.54,,,10.93263889,0.8558
236465,0.34,0.05,-0.51,,,10.99305556,0.8559
236475,0.33,0.06,-0.58,,,11.05347222,0.856
236485,0.31,0.08,-0.56,40.01,0.8561,11.11388889,0.8561
236495,0.32,0.05,-0.54,,,11.17847222,0.856225
236505,0.27,0.04,-0.5,,,11.24305556,0.85635
236515,0.29,0.11,-0.52,,,11.30763889,0.856475
236525,0.28,0.12,-0.47,40.94,0.8566,11.37222222,0.8566
236535,0.32,0.12,-0.51,,,11.4125,0.8567
236545,0.36,0.05,-0.43,,,11.45277778,0.8568
236555,0.31,0.05,-0.46,,,11.49305556,0.8569
236565,0.3,0.12,-0.46,41.52,0.857,11.53333333,0.857
236575,0.35,0.11,-0.45,,,11.60277778,0.857125
236585,0.32,0.1,-0.53,,,11.67222222,0.85725
236595,0.3,0.15,-0.5,,,11.74166667,0.857375
236605,0.36,0.08,-0.39,42.52,0.8575,11.81111111,0.8575
236615,0.38,0.04,-0.4,,,11.85833333,0.857625
236625,0.32,0.12,-0.46,,,11.90555556,0.85775
236635,0.27,0.23,-0.45,,,11.95277778,0.857875
236645,0.33,0.28,-0.37,43.2,0.858,12,0.858
236655,0.43,0.29,-0.46,,,12.07083333,0.858125
236665,0.48,0.18,-0.57,,,12.14166667,0.85825
236675,0.44,0.13,-0.64,,,12.2125,0.858375
236685,0.33,0.15,-0.55,44.22,0.8585,12.28333333,0.8585
236695,0.25,0.19,-0.42,,,12.33680556,0.858625
236705,0.26,0.2,-0.29,,,12.39027778,0.85875
236715,0.34,0.22,-0.23,,,12.44375,0.858875
236725,0.44,0.25,-0.21,44.99,0.859,12.49722222,0.859
236735,0.55,0.24,-0.21,,,12.55277778,0.859125
236745,0.64,0.24,-0.23,,,12.60833333,0.85925
236755,0.71,0.24,-0.32,,,12.66388889,0.859375
236765,0.78,0.26,-0.4,45.79,0.8595,12.71944444,0.8595
236775,0.81,0.29,-0.45,,,12.77222222,0.859625
236785,0.81,0.31,-0.47,,,12.825,0.85975
236795,0.76,0.35,-0.42,,,12.87777778,0.859875
236805,0.7,0.38,-0.32,46.55,0.86,12.93055556,0.86
236815,0.71,0.38,-0.48,,,12.99027778,0.860125
236825,0.67,0.37,-0.48,,,13.05,0.86025
236835,0.6,0.34,-0.49,,,13.10972222,0.860375
236845,0.54,0.27,-0.44,47.41,0.8605,13.16944444,0.8605
236855,0.46,0.21,-0.39,,,13.21319444,0.860625
236865,0.4,0.15,-0.34,,,13.25694444,0.86075
236875,0.39,0.08,-0.4,,,13.30069444,0.860875
236885,0.47,0.04,-0.54,48.04,0.861,13.34444444,0.861
236895,0.49,0.02,-0.64,,,13.38472222,0.86115
236905,0.43,0.03,-0.64,,,13.425,0.8613
236915,0.37,0.06,-0.59,,,13.46527778,0.86145
236925,0.38,0.07,-0.56,48.62,0.8616,13.50555556,0.8616
236935,0.32,0.09,-0.52,,,13.59583333,0.861725
236945,0.29,0.13,-0.51,,,13.68611111,0.86185
236955,0.32,0.1,-0.53,,,13.77638889,0.861975
236965,0.32,0.09,-0.56,49.92,0.8621,13.86666667,0.8621
236975,0.28,0.13,-0.49,,,13.91805556,0.86225
236985,0.29,0.12,-0.47,,,13.96944444,0.8624
236995,0.28,0.2,-0.47,,,14.02083333,0.86255
237005,0.3,0.27,-0.45,50.66,0.8627,14.07222222,0.8627
237015,0.36,0.23,-0.44,,,14.10416667,0.86285
237025,0.36,0.21,-0.4,,,14.13611111,0.863
237035,0.34,0.22,-0.42,,,14.16805556,0.86315
237045,0.31,0.21,-0.41,51.12,0.8633,14.2,0.8633
237055,0.34,0.24,-0.47,,,14.27361111,0.863425
237065,0.32,0.25,-0.49,,,14.34722222,0.86355
237075,0.33,0.26,-0.49,,,14.42083333,0.863675
237085,0.31,0.3,-0.42,52.18,0.8638,14.49444444,0.8638
237095,0.34,0.28,-0.42,,,14.54444444,0.86395
237105,0.36,0.3,-0.45,,,14.59444444,0.8641
237115,0.35,0.27,-0.45,,,14.64444444,0.86425
237125,0.35,0.22,-0.46,52.9,0.8644,14.69444444,0.8644
237135,0.33,0.23,-0.48,,,14.71458333,0.86455
237145,0.35,0.2,-0.5,,,14.73472222,0.8647
237155,0.35,0.17,-0.51,,,14.75486111,0.86485
237165,0.34,0.21,-0.49,53.19,0.865,14.775,0.865
237175,0.33,0.19,-0.48,,,14.87638889,0.86515
237185,0.33,0.22,-0.47,,,14.97777778,0.8653
237195,0.34,0.23,-0.47,,,15.07916667,0.86545
237205,0.33,0.21,-0.48,54.65,0.8656,15.18055556,0.8656
237215,0.32,0.23,-0.49,,,15.22013889,0.86575
237225,0.33,0.23,-0.53,,,15.25972222,0.8659
237235,0.33,0.2,-0.46,,,15.29930556,0.86605
237245,0.3,0.22,-0.44,55.22,0.8662,15.33888889,0.8662
237255,0.3,0.25,-0.42,,,15.41458333,0.866375
237265,0.3,0.28,-0.42,,,15.49027778,0.86655
237275,0.32,0.26,-0.45,,,15.56597222,0.866725
237285,0.32,0.26,-0.45,56.31,0.8669,15.64166667,0.8669
237295,0.35,0.25,-0.48,,,15.65902778,0.86705
237305,0.36,0.24,-0.47,,,15.67638889,0.8672
237315,0.38,0.29,-0.46,,,15.69375,0.86735
237325,0.35,0.36,-0.49,56.56,0.8675,15.71111111,0.8675
237335,0.34,0.39,-0.46,,,15.78402778,0.86765
237345,0.35,0.36,-0.44,,,15.85694444,0.8678
237355,0.35,0.35,-0.45,,,15.92986111,0.86795
237365,0.35,0.35,-0.47,57.61,0.8681,16.00277778,0.8681
237375,0.37,0.28,-0.46,,,16.07430556,0.868275
237385,0.38,0.26,-0.47,,,16.14583333,0.86845
237395,0.38,0.25,-0.47,,,16.21736111,0.868625
237405,0.36,0.34,-0.47,58.64,0.8688,16.28888889,0.8688
237415,0.35,0.33,-0.49,,,16.30555556,0.86895
237425,0.35,0.31,-0.51,,,16.32222222,0.8691
237435,0.36,0.28,-0.48,,,16.33888889,0.86925
237445,0.36,0.25,-0.49,58.88,0.8694,16.35555556,0.8694
237455,0.35,0.28,-0.5,,,16.42847222,0.869575
237465,0.35,0.23,-0.51,,,16.50138889,0.86975
237475,0.33,0.28,-0.5,,,16.57430556,0.869925
237485,0.32,0.29,-0.51,59.93,0.8701,16.64722222,0.8701
237495,0.3,0.27,-0.5,,,16.70694444,0.870275
237505,0.34,0.26,-0.53,,,16.76666667,0.87045
237515,0.37,0.24,-0.58,,,16.82638889,0.870625
237525,0.37,0.31,-0.58,60.79,0.8708,16.88611111,0.8708
237535,0.37,0.21,-0.57,,,16.91875,0.87095
237545,0.4,0.26,-0.53,,,16.95138889,0.8711
237555,0.4,0.22,-0.5,,,16.98402778,0.87125
237565,0.37,0.25,-0.48,61.26,0.8714,17.01666667,0.8714
237575,0.36,0.24,-0.45,,,17.09791667,0.871575
237585,0.35,0.22,-0.49,,,17.17916667,0.87175
237595,0.39,0.27,-0.47,,,17.26041667,0.871925
237605,0.43,0.19,-0.47,62.43,0.8721,17.34166667,0.8721
237615,0.42,0.23,-0.43,,,17.37361111,0.872275
237625,0.4,0.18,-0.39,,,17.40555556,0.87245
237635,0.38,0.25,-0.36,,,17.4375,0.872625
237645,0.35,0.24,-0.41,62.89,0.8728,17.46944444,0.8728
237655,0.36,0.25,-0.42,,,17.53263889,0.872975
237665,0.37,0.24,-0.39,,,17.59583333,0.87315
237675,0.4,0.22,-0.37,,,17.65902778,0.873325
237685,0.41,0.27,-0.38,63.8,0.8735,17.72222222,0.8735
237695,0.38,0.26,-0.35,,,17.77777778,0.873675
237705,0.33,0.32,-0.37,,,17.83333333,0.87385
237715,0.31,0.3,-0.34,,,17.88888889,0.874025
237725,0.31,0.35,-0.38,64.6,0.8742,17.94444444,0.8742
237735,0.29,0.29,-0.4,,,17.99652778,0.8744
237745,0.29,0.35,-0.36,,,18.04861111,0.8746
237755,0.26,0.35,-0.34,,,18.10069444,0.8748
237765,0.26,0.46,-0.31,65.35,0.875,18.15277778,0.875
237775,0.22,0.43,-0.3,,,18.17083333,0.875175
237785,0.17,0.45,-0.27,,,18.18888889,0.87535
237795,0.12,0.45,-0.24,,,18.20694444,0.875525
237805,0.1,0.49,-0.21,65.61,0.8757,18.225,0.8757
237815,0.06,0.48,-0.19,,,18.27083333,0.875875
237825,0.01,0.46,-0.07,,,18.31666667,0.87605
237835,-0.04,0.53,0.03,,,18.3625,0.876225
237845,-0.12,0.47,0.1,66.27,0.8764,18.40833333,0.8764
237855,-0.2,0.55,0.15,,,18.39791667,0.8766
237865,-0.25,0.5,0.2,,,18.3875,0.8768
237875,-0.23,0.5,0.27,,,18.37708333,0.877
237885,-0.25,0.48,0.33,66.12,0.8772,18.36666667,0.8772
237895,-0.25,0.46,0.4,,,18.28472222,0.877375
237905,-0.26,0.47,0.45,,,18.20277778,0.87755
237915,-0.29,0.4,0.56,,,18.12083333,0.877725
237925,-0.29,0.38,0.6,64.94,0.8779,18.03888889,0.8779
237935,-0.31,0.38,0.62,,,17.96458333,0.878075
237945,-0.29,0.36,0.65,,,17.89027778,0.87825
237955,-0.3,0.39,0.65,,,17.81597222,0.878425
237965,-0.3,0.38,0.7,63.87,0.8786,17.74166667,0.8786
237975,-0.32,0.42,0.78,,,17.66944444,0.878775
237985,-0.36,0.43,0.86,,,17.59722222,0.87895
237995,-0.39,0.42,0.92,,,17.525,0.879125
238005,-0.43,0.41,1.02,62.83,0.8793,17.45277778,0.8793
238015,-0.51,0.42,1.14,,,17.36458333,0.879475
238025,-0.52,0.4,1.06,,,17.27638889,0.87965
238035,-0.54,0.38,1,,,17.18819444,0.879825
238045,-0.54,0.45,0.9,61.56,0.88,17.1,0.88
238055,-0.54,0.51,0.82,,,16.99722222,0.880175
238065,-0.53,0.54,0.72,,,16.89444444,0.88035
238075,-0.53,0.53,0.63,,,16.79166667,0.880525
238085,-0.51,0.64,0.57,60.08,0.8807,16.68888889,0.8807
238095,-0.49,0.66,0.61,,,16.59722222,0.88085
238105,-0.46,0.75,0.63,,,16.50555556,0.881
238115,-0.46,0.7,0.68,,,16.41388889,0.88115
238125,-0.47,0.7,0.71,58.76,0.8813,16.32222222,0.8813
238135,-0.47,0.67,0.68,,,16.27430556,0.881475
238145,-0.46,0.66,0.7,,,16.22638889,0.88165
238155,-0.46,0.65,0.58,,,16.17847222,0.881825
238165,-0.45,0.69,0.57,58.07,0.882,16.13055556,0.882
238175,-0.41,0.67,0.52,,,16.03402778,0.88215
238185,-0.39,0.68,0.5,,,15.9375,0.8823
238195,-0.36,0.69,0.48,,,15.84097222,0.88245
238205,-0.31,0.69,0.45,56.68,0.8826,15.74444444,0.8826
238215,-0.29,0.7,0.45,,,15.66875,0.88275
238225,-0.26,0.63,0.42,,,15.59305556,0.8829
238235,-0.24,0.6,0.42,,,15.51736111,0.88305
238245,-0.23,0.58,0.4,55.59,0.8832,15.44166667,0.8832
238255,-0.22,0.55,0.37,,,15.40069444,0.88335
238265,-0.2,0.55,0.34,,,15.35972222,0.8835
238275,-0.19,0.53,0.33,,,15.31875,0.88365
238285,-0.19,0.54,0.31,55,0.8838,15.27777778,0.8838
238295,-0.2,0.51,0.31,,,15.23958333,0.88395
238305,-0.22,0.46,0.33,,,15.20138889,0.8841
238315,-0.24,0.42,0.35,,,15.16319444,0.88425
238325,-0.25,0.42,0.32,54.45,0.8844,15.125,0.8844
238335,-0.25,0.37,0.3,,,15.09166667,0.88455
238345,-0.24,0.37,0.29,,,15.05833333,0.8847
238355,-0.21,0.35,0.28,,,15.025,0.88485
238365,-0.17,0.36,0.26,53.97,0.885,14.99166667,0.885
238375,-0.16,0.36,0.26,,,14.98194444,0.88515
238385,-0.13,0.35,0.28,,,14.97222222,0.8853
238395,-0.13,0.31,0.27,,,14.9625,0.88545
238405,-0.12,0.29,0.27,53.83,0.8856,14.95277778,0.8856
238415,-0.11,0.31,0.23,,,14.89236111,0.88575
238425,-0.12,0.38,0.19,,,14.83194444,0.8859
238435,-0.12,0.42,0.16,,,14.77152778,0.88605
238445,-0.12,0.45,0.14,52.96,0.8862,14.71111111,0.8862
238455,-0.13,0.53,0.13,,,14.71180556,0.88635
238465,-0.14,0.56,0.15,,,14.7125,0.8865
238475,-0.11,0.6,0.12,,,14.71319444,0.88665
238485,-0.12,0.64,0.09,52.97,0.8868,14.71388889,0.8868
238495,-0.1,0.65,0.07,,,14.71180556,0.88695
238505,-0.12,0.69,0.08,,,14.70972222,0.8871
238515,-0.13,0.74,0.09,,,14.70763889,0.88725
238525,-0.11,0.76,0.07,52.94,0.8874,14.70555556,0.8874
238535,-0.08,0.79,0.09,,,14.70763889,0.88755
238545,-0.07,0.84,0.09,,,14.70972222,0.8877
238555,-0.06,0.85,0.14,,,14.71180556,0.88785
238565,-0.06,0.88,0.15,52.97,0.888,14.71388889,0.888
238575,-0.06,0.87,0.16,,,14.68680556,0.88815
238585,-0.05,0.88,0.16,,,14.65972222,0.8883
238595,-0.04,0.89,0.17,,,14.63263889,0.88845
238605,-0.03,0.88,0.17,52.58,0.8886,14.60555556,0.8886
238615,-0.01,0.88,0.17,,,14.62291667,0.88875
238625,0,0.93,0.17,,,14.64027778,0.8889
238635,-0.01,0.94,0.22,,,14.65763889,0.88905
238645,-0.01,0.97,0.23,52.83,0.8892,14.675,0.8892
238655,-0.01,0.99,0.23,,,14.64930556,0.889325
238665,-0.01,1,0.23,,,14.62361111,0.88945
238675,-0.01,1.04,0.23,,,14.59791667,0.889575
238685,-0.01,1.05,0.19,52.46,0.8897,14.57222222,0.8897
238695,-0.02,1.05,0.18,,,14.56944444,0.88985
238705,-0.02,1.09,0.15,,,14.56666667,0.89
238715,-0.03,1.13,0.08,,,14.56388889,0.89015
238725,0.01,1.18,0.05,52.42,0.8903,14.56111111,0.8903
238735,0.01,1.23,-0.04,,,14.53472222,0.89045
238745,0.06,1.19,-0.05,,,14.50833333,0.8906
238755,0.08,1.21,-0.08,,,14.48194444,0.89075
238765,0.19,1.17,-0.09,52.04,0.8909,14.45555556,0.8909
238775,0.19,1.19,-0.14,,,14.45277778,0.89105
238785,0.14,1.22,-0.14,,,14.45,0.8912
238795,0.12,1.22,-0.15,,,14.44722222,0.89135
238805,0.12,1.23,-0.13,52,0.8915,14.44444444,0.8915
238815,0.12,1.25,-0.12,,,14.45347222,0.89165
238825,0.12,1.23,-0.11,,,14.4625,0.8918
238835,0.15,1.23,-0.11,,,14.47152778,0.89195
238845,0.18,1.23,-0.12,52.13,0.8921,14.48055556,0.8921
238855,0.2,1.19,-0.15,,,14.49027778,0.892225
238865,0.18,1.16,-0.11,,,14.5,0.89235
238875,0.17,1.11,-0.07,,,14.50972222,0.892475
238885,0.16,1.14,-0.05,52.27,0.8926,14.51944444,0.8926
238895,0.15,1.15,-0.02,,,14.53125,0.89275
238905,0.19,1.13,0.01,,,14.54305556,0.8929
238915,0.25,1.12,-0.01,,,14.55486111,0.89305
238925,0.23,1.12,-0.04,52.44,0.8932,14.56666667,0.8932
238935,0.23,1.1,-0.06,,,14.57638889,0.89335
238945,0.19,1.11,-0.06,,,14.58611111,0.8935
238955,0.17,1.08,-0.03,,,14.59583333,0.89365
238965,0.16,1.08,-0.04,52.58,0.8938,14.60555556,0.8938
238975,0.13,1.11,-0.02,,,14.60833333,0.89395
238985,0.13,1.11,-0.05,,,14.61111111,0.8941
238995,0.13,1.17,-0.05,,,14.61388889,0.89425
239005,0.11,1.18,-0.05,52.62,0.8944,14.61666667,0.8944
239015,0.14,1.17,-0.04,,,14.6125,0.89455
239025,0.14,1.16,-0.03,,,14.60833333,0.8947
239035,0.15,1.11,-0.03,,,14.60416667,0.89485
239045,0.16,1.1,-0.03,52.56,0.895,14.6,0.895
239055,0.19,1.11,-0.02,,,14.6125,0.89515
239065,0.18,1.07,-0.07,,,14.625,0.8953
239075,0.18,1.12,-0.12,,,14.6375,0.89545
239085,0.17,1.12,-0.14,52.74,0.8956,14.65,0.8956
239095,0.22,1.08,-0.12,,,14.67083333,0.89575
239105,0.29,1.1,-0.17,,,14.69166667,0.8959
239115,0.26,1.06,-0.18,,,14.7125,0.89605
239125,0.25,1.08,-0.22,53.04,0.8962,14.73333333,0.8962
239135,0.2,1.09,-0.21,,,14.75833333,0.89635
239145,0.19,1.09,-0.2,,,14.78333333,0.8965
239155,0.23,1.09,-0.13,,,14.80833333,0.89665
239165,0.24,1.08,-0.19,53.4,0.8968,14.83333333,0.8968
239175,0.24,1.12,-0.22,,,14.86041667,0.896925
239185,0.21,1.09,-0.22,,,14.8875,0.89705
239195,0.2,1.07,-0.21,,,14.91458333,0.897175
239205,0.2,1.08,-0.17,53.79,0.8973,14.94166667,0.8973
239215,0.19,1.09,-0.17,,,14.95208333,0.89745
239225,0.2,1.1,-0.18,,,14.9625,0.8976
239235,0.18,1.09,-0.17,,,14.97291667,0.89775
239245,0.19,1.06,-0.16,53.94,0.8979,14.98333333,0.8979
239255,0.2,1.05,-0.14,,,14.99305556,0.89805
239265,0.24,1,-0.13,,,15.00277778,0.8982
239275,0.27,0.92,-0.15,,,15.0125,0.89835
239285,0.21,0.88,-0.11,54.08,0.8985,15.02222222,0.8985
239295,0.19,0.81,-0.11,,,15.04236111,0.898675
239305,0.14,0.83,-0.09,,,15.0625,0.89885
239315,0.12,0.83,-0.1,,,15.08263889,0.899025
239325,0.13,0.75,-0.12,54.37,0.8992,15.10277778,0.8992
239335,0.1,0.69,-0.13,,,15.09930556,0.89935
239345,0.13,0.59,-0.16,,,15.09583333,0.8995
239355,0.11,0.48,-0.14,,,15.09236111,0.89965
239365,0.07,0.4,-0.11,54.32,0.8998,15.08888889,0.8998
239375,0.03,0.31,-0.08,,,15.09375,0.89995
239385,0,0.25,-0.06,,,15.09861111,0.9001
239395,-0.02,0.17,-0.06,,,15.10347222,0.90025
239405,-0.02,0.07,-0.05,54.39,0.9004,15.10833333,0.9004
239415,-0.02,0,-0.04,,,15.11666667,0.90055
239425,-0.02,-0.09,-0.05,,,15.125,0.9007
239435,-0.01,-0.2,-0.04,,,15.13333333,0.90085
239445,-0.01,-0.27,-0.03,54.51,0.901,15.14166667,0.901
239455,-0.01,-0.34,-0.01,,,15.11666667,0.90115
239465,-0.04,-0.35,0.01,,,15.09166667,0.9013
239475,-0.07,-0.43,-0.01,,,15.06666667,0.90145
239485,-0.1,-0.5,-0.01,54.15,0.9016,15.04166667,0.9016
239495,-0.11,-0.52,0,,,15.04722222,0.90175
239505,-0.1,-0.55,0.01,,,15.05277778,0.9019
239515,-0.13,-0.58,0.09,,,15.05833333,0.90205
239525,-0.17,-0.65,0.2,54.23,0.9022,15.06388889,0.9022
239535,-0.17,-0.7,0.15,,,15.04583333,0.90235
239545,-0.15,-0.71,0.23,,,15.02777778,0.9025
239555,-0.13,-0.66,0.23,,,15.00972222,0.90265
239565,-0.13,-0.62,0.26,53.97,0.9028,14.99166667,0.9028
239575,-0.12,-0.61,0.26,,,14.94791667,0.90295
239585,-0.11,-0.63,0.27,,,14.90416667,0.9031
239595,-0.1,-0.71,0.23,,,14.86041667,0.90325
239605,-0.09,-0.76,0.21,53.34,0.9034,14.81666667,0.9034
239615,-0.08,-0.79,0.21,,,14.81180556,0.90355
239625,-0.06,-0.8,0.24,,,14.80694444,0.9037
239635,-0.06,-0.79,0.2,,,14.80208333,0.90385
239645,-0.07,-0.74,0.2,53.27,0.904,14.79722222,0.904
239655,-0.07,-0.71,0.2,,,14.76666667,0.904125
239665,-0.08,-0.69,0.2,,,14.73611111,0.90425
239675,-0.08,-0.71,0.19,,,14.70555556,0.904375
239685,-0.09,-0.69,0.19,52.83,0.9045,14.675,0.9045
239695,-0.09,-0.7,0.18,,,14.63541667,0.90465
239705,-0.08,-0.74,0.19,,,14.59583333,0.9048
239715,-0.1,-0.76,0.19,,,14.55625,0.90495
239725,-0.12,-0.8,0.18,52.26,0.9051,14.51666667,0.9051
239735,-0.12,-0.78,0.17,,,14.50138889,0.90525
239745,-0.11,-0.68,0.17,,,14.48611111,0.9054
239755,-0.12,-0.65,0.2,,,14.47083333,0.90555
239765,-0.14,-0.68,0.24,52.04,0.9057,14.45555556,0.9057
239775,-0.17,-0.7,0.22,,,14.44305556,0.90585
239785,-0.15,-0.71,0.17,,,14.43055556,0.906
239795,-0.12,-0.68,0.17,,,14.41805556,0.90615
239805,-0.09,-0.65,0.15,51.86,0.9063,14.40555556,0.9063
239815,-0.07,-0.67,0.1,,,14.38333333,0.90645
239825,-0.03,-0.6,0,,,14.36111111,0.9066
239835,0.01,-0.58,-0.02,,,14.33888889,0.90675
239845,0.03,-0.53,-0.04,51.54,0.9069,14.31666667,0.9069
239855,0.03,-0.43,-0.05,,,14.32083333,0.907025
239865,0.02,-0.4,-0.07,,,14.325,0.90715
239875,-0.02,-0.39,-0.05,,,14.32916667,0.907275
239885,-0.04,-0.41,-0.06,51.6,0.9074,14.33333333,0.9074
239895,-0.05,-0.44,-0.06,,,14.33819444,0.90755
239905,-0.05,-0.39,-0.02,,,14.34305556,0.9077
239915,-0.05,-0.36,0.01,,,14.34791667,0.90785
239925,-0.03,-0.36,0.04,51.67,0.908,14.35277778,0.908
239935,-0.03,-0.37,0.08,,,14.36319444,0.90815
239945,-0.04,-0.39,0.07,,,14.37361111,0.9083
239955,-0.04,-0.42,0.07,,,14.38402778,0.90845
239965,-0.04,-0.42,0.03,51.82,0.9086,14.39444444,0.9086
239975,-0.03,-0.46,0.07,,,14.38263889,0.90875
239985,-0.04,-0.51,0.1,,,14.37083333,0.9089
239995,-0.05,-0.56,0.15,,,14.35902778,0.90905
240005,-0.04,-0.62,0.13,51.65,0.9092,14.34722222,0.9092
240015,-0.03,-0.63,0.14,,,14.33333333,0.909325
240025,-0.05,-0.65,0.19,,,14.31944444,0.90945
240035,-0.05,-0.7,0.18,,,14.30555556,0.909575
240045,-0.04,-0.73,0.15,51.45,0.9097,14.29166667,0.9097
240055,-0.05,-0.74,0.16,,,14.27708333,0.90985
240065,-0.06,-0.81,0.18,,,14.2625,0.91
240075,-0.06,-0.84,0.13,,,14.24791667,0.91015
240085,-0.06,-0.87,0.07,51.24,0.9103,14.23333333,0.9103
240095,-0.07,-0.89,0.08,,,14.19861111,0.91045
240105,-0.09,-0.92,0.12,,,14.16388889,0.9106
240115,-0.1,-0.97,0.12,,,14.12916667,0.91075
240125,-0.08,-1,0.11,50.74,0.9109,14.09444444,0.9109
240135,-0.08,-0.99,0.13,,,14.08472222,0.911025
240145,-0.07,-1.02,0.16,,,14.075,0.91115
240155,-0.07,-1.05,0.17,,,14.06527778,0.911275
240165,-0.07,-1.06,0.13,50.6,0.9114,14.05555556,0.9114
240175,-0.06,-1.08,0.09,,,14.02986111,0.91155
240185,-0.06,-1.08,0.09,,,14.00416667,0.9117
240195,-0.08,-1.07,0.13,,,13.97847222,0.91185
240205,-0.09,-1.1,0.19,50.23,0.912,13.95277778,0.912
240215,-0.07,-1.11,0.19,,,13.95555556,0.912125
240225,-0.05,-1.09,0.17,,,13.95833333,0.91225
240235,-0.04,-1.09,0.16,,,13.96111111,0.912375
240245,-0.04,-1.08,0.16,50.27,0.9125,13.96388889,0.9125
240255,-0.04,-1.03,0.16,,,13.95486111,0.91265
240265,-0.03,-1.01,0.17,,,13.94583333,0.9128
240275,-0.02,-0.98,0.16,,,13.93680556,0.91295
240285,-0.01,-0.97,0.12,50.14,0.9131,13.92777778,0.9131
240295,-0.01,-0.96,0.08,,,13.9,0.913225
240305,-0.02,-0.92,0.1,,,13.87222222,0.91335
240315,-0.03,-0.91,0.18,,,13.84444444,0.913475
240325,-0.02,-0.91,0.14,49.74,0.9136,13.81666667,0.9136
240335,-0.02,-0.9,0.12,,,13.83055556,0.91375
240345,-0.01,-0.9,0.12,,,13.84444444,0.9139
240355,0,-0.92,0.11,,,13.85833333,0.91405
240365,0,-0.89,0.13,49.94,0.9142,13.87222222,0.9142
240375,0,-0.91,0.15,,,13.85972222,0.91435
240385,0.01,-0.94,0.1,,,13.84722222,0.9145
240395,0.01,-0.92,0.06,,,13.83472222,0.91465
240405,-0.02,-0.93,0.07,49.76,0.9148,13.82222222,0.9148
240415,-0.04,-0.94,0.12,,,13.79444444,0.914925
240425,-0.06,-0.94,0.12,,,13.76666667,0.91505
240435,-0.06,-0.97,0.1,,,13.73888889,0.915175
240445,-0.06,-0.97,0.09,49.36,0.9153,13.71111111,0.9153
240455,-0.06,-0.95,0.08,,,13.72638889,0.91545
240465,-0.05,-0.95,0.08,,,13.74166667,0.9156
240475,-0.04,-0.97,0.11,,,13.75694444,0.91575
240485,-0.04,-0.95,0.15,49.58,0.9159,13.77222222,0.9159
240495,-0.03,-0.96,0.18,,,13.72083333,0.916025
240505,-0.03,-0.96,0.23,,,13.66944444,0.91615
240515,-0.01,-0.97,0.27,,,13.61805556,0.916275
240525,-0.01,-0.98,0.29,48.84,0.9164,13.56666667,0.9164
240535,0,-0.98,0.29,,,13.62152778,0.916525
240545,0,-0.98,0.28,,,13.67638889,0.91665
240555,0.01,-1.01,0.24,,,13.73125,0.916775
240565,0,-1.05,0.19,49.63,0.9169,13.78611111,0.9169
240575,0.01,-1.06,0.09,,,13.74375,0.91705
240585,0,-1.12,0.12,,,13.70138889,0.9172
240595,0.01,-1.15,0.06,,,13.65902778,0.91735
240605,0.04,-1.15,-0.04,49.02,0.9175,13.61666667,0.9175
240615,0.05,-1.17,-0.04,,,13.56944444,0.917625
240625,0.03,-1.16,-0.02,,,13.52222222,0.91775
240635,-0.03,-1.16,0.03,,,13.475,0.917875
240645,-0.02,-1.18,0,48.34,0.918,13.42777778,0.918
240655,0.02,-1.19,-0.1,,,13.46805556,0.91815
240665,0.06,-1.2,-0.18,,,13.50833333,0.9183
240675,0.08,-1.2,-0.12,,,13.54861111,0.91845
240685,0.06,-1.23,-0.07,48.92,0.9186,13.58888889,0.9186
240695,0,-1.27,0.06,,,13.60763889,0.918725
240705,-0.04,-1.27,0.17,,,13.62638889,0.91885
240715,-0.04,-1.28,0.21,,,13.64513889,0.918975
240725,-0.05,-1.29,0.21,49.19,0.9191,13.66388889,0.9191
240735,-0.06,-1.3,0.2,,,13.63888889,0.91925
240745,-0.1,-1.26,0.19,,,13.61388889,0.9194
240755,-0.11,-1.28,0.27,,,13.58888889,0.91955
240765,-0.14,-1.27,0.41,48.83,0.9197,13.56388889,0.9197
240775,-0.18,-1.27,0.54,,,13.55902778,0.919825
240785,-0.2,-1.26,0.6,,,13.55416667,0.91995
240795,-0.2,-1.27,0.69,,,13.54930556,0.920075
240805,-0.18,-1.24,0.72,48.76,0.9202,13.54444444,0.9202
240815,-0.18,-1.26,0.72,,,13.575,0.92035
240825,-0.18,-1.27,0.71,,,13.60555556,0.9205
240835,-0.17,-1.26,0.72,,,13.63611111,0.92065
240845,-0.15,-1.26,0.71,49.2,0.9208,13.66666667,0.9208
240855,-0.16,-1.27,0.69,,,13.52847222,0.920925
240865,-0.17,-1.23,0.7,,,13.39027778,0.92105
240875,-0.16,-1.25,0.68,,,13.25208333,0.921175
240885,-0.13,-1.24,0.61,47.21,0.9213,13.11388889,0.9213
240895,-0.1,-1.25,0.57,,,13.15555556,0.921425
240905,-0.07,-1.28,0.49,,,13.19722222,0.92155
240915,-0.04,-1.32,0.39,,,13.23888889,0.921675
240925,-0.02,-1.34,0.28,47.81,0.9218,13.28055556,0.9218
240935,-0.01,-1.36,0.23,,,13.26180556,0.921925
240945,-0.01,-1.37,0.21,,,13.24305556,0.92205
240955,-0.03,-1.36,0.18,,,13.22430556,0.922175
240965,-0.04,-1.36,0.18,47.54,0.9223,13.20555556,0.9223
240975,-0.04,-1.33,0.14,,,13.14375,0.92245
240985,-0.04,-1.31,0.19,,,13.08194444,0.9226
240995,-0.03,-1.32,0.22,,,13.02013889,0.92275
241005,-0.04,-1.34,0.22,46.65,0.9229,12.95833333,0.9229
241015,-0.03,-1.34,0.22,,,12.96805556,0.923025
241025,-0.02,-1.36,0.2,,,12.97777778,0.92315
241035,0,-1.4,0.19,,,12.9875,0.923275
241045,0,-1.39,0.16,46.79,0.9234,12.99722222,0.9234
241055,-0.02,-1.39,0.15,,,12.96666667,0.923525
241065,-0.03,-1.37,0.18,,,12.93611111,0.92365
241075,-0.04,-1.32,0.26,,,12.90555556,0.923775
241085,-0.04,-1.3,0.31,46.35,0.9239,12.875,0.9239
241095,-0.05,-1.34,0.31,,,12.85486111,0.924025
241105,-0.05,-1.35,0.28,,,12.83472222,0.92415
241115,-0.05,-1.38,0.22,,,12.81458333,0.924275
241125,-0.06,-1.41,0.21,46.06,0.9244,12.79444444,0.9244
241135,-0.07,-1.41,0.22,,,12.77777778,0.924525
241145,-0.08,-1.4,0.23,,,12.76111111,0.92465
241155,-0.06,-1.4,0.19,,,12.74444444,0.924775
241165,-0.03,-1.4,0.15,45.82,0.9249,12.72777778,0.9249
241175,-0.02,-1.38,0.15,,,12.68472222,0.925025
241185,-0.02,-1.38,0.22,,,12.64166667,0.92515
241195,-0.04,-1.37,0.25,,,12.59861111,0.925275
241205,-0.04,-1.37,0.24,45.2,0.9254,12.55555556,0.9254
241215,-0.03,-1.38,0.19,,,12.5625,0.925525
241225,-0.02,-1.39,0.16,,,12.56944444,0.92565
241235,-0.03,-1.39,0.15,,,12.57638889,0.925775
241245,-0.04,-1.39,0.15,45.3,0.9259,12.58333333,0.9259
241255,-0.06,-1.39,0.14,,,12.54722222,0.926025
241265,-0.07,-1.35,0.21,,,12.51111111,0.92615
241275,-0.08,-1.34,0.24,,,12.475,0.926275
241285,-0.08,-1.37,0.18,44.78,0.9264,12.43888889,0.9264
241295,-0.08,-1.37,0.18,,,12.44861111,0.926525
241305,-0.07,-1.36,0.2,,,12.45833333,0.92665
241315,-0.06,-1.36,0.2,,,12.46805556,0.926775
241325,-0.06,-1.34,0.18,44.92,0.9269,12.47777778,0.9269
241335,-0.06,-1.31,0.19,,,12.41736111,0.927025
241345,-0.05,-1.31,0.18,,,12.35694444,0.92715
241355,-0.02,-1.3,0.17,,,12.29652778,0.927275
241365,-0.02,-1.27,0.19,44.05,0.9274,12.23611111,0.9274
241375,-0.02,-1.25,0.17,,,12.23263889,0.927525
241385,-0.04,-1.25,0.16,,,12.22916667,0.92765
241395,-0.08,-1.27,0.23,,,12.22569444,0.927775
241405,-0.08,-1.28,0.22,44,0.9279,12.22222222,0.9279
241415,-0.09,-1.3,0.22,,,12.20833333,0.928025
241425,-0.08,-1.28,0.2,,,12.19444444,0.92815
241435,-0.08,-1.26,0.19,,,12.18055556,0.928275
241445,-0.07,-1.26,0.19,43.8,0.9284,12.16666667,0.9284
241455,-0.06,-1.26,0.19,,,12.12430556,0.928525
241465,-0.07,-1.22,0.17,,,12.08194444,0.92865
241475,-0.08,-1.18,0.14,,,12.03958333,0.928775
241485,-0.08,-1.19,0.14,43.19,0.9289,11.99722222,0.9289
241495,-0.08,-1.19,0.17,,,11.98888889,0.929025
241505,-0.07,-1.23,0.16,,,11.98055556,0.92915
241515,-0.08,-1.26,0.16,,,11.97222222,0.929275
241525,-0.08,-1.3,0.16,43.07,0.9294,11.96388889,0.9294
241535,-0.08,-1.29,0.11,,,11.93263889,0.9295
241545,-0.09,-1.28,0.16,,,11.90138889,0.9296
241555,-0.09,-1.27,0.14,,,11.87013889,0.9297
241565,-0.11,-1.27,0.16,42.62,0.9298,11.83888889,0.9298
241575,-0.11,-1.29,0.19,,,11.79166667,0.929925
241585,-0.1,-1.32,0.19,,,11.74444444,0.93005
241595,-0.08,-1.34,0.16,,,11.69722222,0.930175
241605,-0.08,-1.32,0.2,41.94,0.9303,11.65,0.9303
241615,-0.08,-1.28,0.16,,,11.65,0.930425
241625,-0.08,-1.3,0.16,,,11.65,0.93055
241635,-0.1,-1.31,0.17,,,11.65,0.930675
241645,-0.12,-1.33,0.17,41.94,0.9308,11.65,0.9308
241655,-0.11,-1.32,0.18,,,11.62916667,0.9309
241665,-0.1,-1.33,0.21,,,11.60833333,0.931
241675,-0.1,-1.3,0.2,,,11.5875,0.9311
241685,-0.09,-1.3,0.2,41.64,0.9312,11.56666667,0.9312
241695,-0.09,-1.32,0.2,,,11.50833333,0.931325
241705,-0.09,-1.32,0.18,,,11.45,0.93145
241715,-0.08,-1.33,0.21,,,11.39166667,0.931575
241725,-0.07,-1.34,0.22,40.8,0.9317,11.33333333,0.9317
241735,-0.07,-1.31,0.23,,,11.33611111,0.9318
241745,-0.08,-1.28,0.25,,,11.33888889,0.9319
241755,-0.08,-1.28,0.23,,,11.34166667,0.932
241765,-0.05,-1.27,0.25,40.84,0.9321,11.34444444,0.9321
241775,-0.03,-1.24,0.25,,,11.32430556,0.932225
241785,-0.04,-1.24,0.25,,,11.30416667,0.93235
241795,-0.06,-1.24,0.27,,,11.28402778,0.932475
241805,-0.08,-1.25,0.28,40.55,0.9326,11.26388889,0.9326
241815,-0.08,-1.22,0.23,,,11.22569444,0.9327
241825,-0.07,-1.23,0.23,,,11.1875,0.9328
241835,-0.03,-1.22,0.22,,,11.14930556,0.9329
241845,-0.04,-1.24,0.23,40,0.933,11.11111111,0.933
241855,-0.06,-1.29,0.24,,,11.075,0.933125
241865,-0.06,-1.33,0.24,,,11.03888889,0.93325
241875,-0.05,-1.31,0.22,,,11.00277778,0.933375
241885,-0.02,-1.23,0.18,39.48,0.9335,10.96666667,0.9335
241895,-0.02,-1.14,0.21,,,10.96458333,0.9336
241905,-0.03,-1.09,0.19,,,10.9625,0.9337
241915,-0.04,-1.1,0.16,,,10.96041667,0.9338
241925,-0.07,-1.17,0.16,39.45,0.9339,10.95833333,0.9339
241935,-0.1,-1.25,0.16,,,10.93819444,0.934
241945,-0.13,-1.35,0.23,,,10.91805556,0.9341
241955,-0.13,-1.33,0.23,,,10.89791667,0.9342
241965,-0.11,-1.24,0.23,39.16,0.9343,10.87777778,0.9343
241975,-0.11,-1.17,0.26,,,10.8375,0.934425
241985,-0.11,-1.17,0.24,,,10.79722222,0.93455
241995,-0.11,-1.2,0.21,,,10.75694444,0.934675
242005,-0.1,-1.17,0.2,38.58,0.9348,10.71666667,0.9348
242015,-0.07,-1.12,0.21,,,10.69652778,0.9349
242025,-0.04,-1.02,0.18,,,10.67638889,0.935
242035,0,-0.89,0.18,,,10.65625,0.9351
242045,0.03,-0.76,0.21,38.29,0.9352,10.63611111,0.9352
242055,0.03,-0.66,0.19,,,10.62152778,0.9353
242065,0.02,-0.6,0.15,,,10.60694444,0.9354
242075,0,-0.59,0.1,,,10.59236111,0.9355
242085,-0.04,-0.63,0.06,38.08,0.9356,10.57777778,0.9356
242095,-0.07,-0.66,0.04,,,10.55347222,0.9357
242105,-0.09,-0.57,0.01,,,10.52916667,0.9358
242115,-0.11,-0.4,0.03,,,10.50486111,0.9359
242125,-0.13,-0.22,0.03,37.73,0.936,10.48055556,0.936
242135,-0.15,-0.05,0.03,,,10.50208333,0.936125
242145,-0.17,0.09,0.07,,,10.52361111,0.93625
242155,-0.17,0.25,0.12,,,10.54513889,0.936375
242165,-0.14,0.36,0.14,38.04,0.9365,10.56666667,0.9365
242175,-0.12,0.48,0.11,,,10.57430556,0.9366
242185,-0.11,0.59,0.14,,,10.58194444,0.9367
242195,-0.11,0.72,0.18,,,10.58958333,0.9368
242205,-0.08,0.83,0.21,38.15,0.9369,10.59722222,0.9369
242215,-0.06,0.87,0.22,,,10.57986111,0.937
242225,-0.05,0.9,0.24,,,10.5625,0.9371
242235,-0.03,0.85,0.3,,,10.54513889,0.9372
242245,-0.03,0.84,0.34,37.9,0.9373,10.52777778,0.9373
242255,-0.02,0.85,0.28,,,10.52986111,0.9374
242265,0,0.93,0.26,,,10.53194444,0.9375
242275,0.03,0.95,0.26,,,10.53402778,0.9376
242285,0.03,0.98,0.26,37.93,0.9377,10.53611111,0.9377
242295,0.03,0.99,0.25,,,10.49791667,0.9378
242305,0.02,1.02,0.25,,,10.45972222,0.9379
242315,0.02,1.05,0.25,,,10.42152778,0.938
242325,0,1.11,0.25,37.38,0.9381,10.38333333,0.9381
242335,-0.03,1.21,0.25,,,10.37222222,0.938225
242345,-0.04,1.25,0.23,,,10.36111111,0.93835
242355,-0.04,1.26,0.23,,,10.35,0.938475
242365,-0.04,1.21,0.24,37.22,0.9386,10.33888889,0.9386
242375,-0.04,1.2,0.25,,,10.31319444,0.9387
242385,-0.06,1.21,0.24,,,10.2875,0.9388
242395,-0.1,1.23,0.23,,,10.26180556,0.9389
242405,-0.12,1.24,0.25,36.85,0.939,10.23611111,0.939
242415,-0.13,1.28,0.24,,,10.20902778,0.9391
242425,-0.12,1.3,0.25,,,10.18194444,0.9392
242435,-0.1,1.35,0.25,,,10.15486111,0.9393
242445,-0.09,1.36,0.26,36.46,0.9394,10.12777778,0.9394
242455,-0.09,1.38,0.24,,,10.08819444,0.9395
242465,-0.08,1.35,0.22,,,10.04861111,0.9396
242475,-0.08,1.38,0.21,,,10.00902778,0.9397
242485,-0.07,1.36,0.22,35.89,0.9398,9.969444444,0.9398
242495,-0.07,1.35,0.24,,,9.982638889,0.9399
242505,-0.07,1.34,0.23,,,9.995833333,0.94
242515,-0.07,1.31,0.19,,,10.00902778,0.9401
242525,-0.06,1.26,0.14,36.08,0.9402,10.02222222,0.9402
242535,-0.05,1.24,0.14,,,9.974305556,0.9403
242545,-0.05,1.23,0.19,,,9.926388889,0.9404
242555,-0.05,1.25,0.2,,,9.878472222,0.9405
242565,-0.04,1.28,0.18,35.39,0.9406,9.830555556,0.9406
242575,-0.04,1.31,0.18,,,9.800694444,0.9407
242585,-0.04,1.3,0.16,,,9.770833333,0.9408
242595,-0.04,1.29,0.15,,,9.740972222,0.9409
242605,-0.04,1.27,0.14,34.96,0.941,9.711111111,0.941
242615,-0.04,1.28,0.13,,,9.717361111,0.9411
242625,-0.07,1.32,0.13,,,9.723611111,0.9412
242635,-0.08,1.42,0.13,,,9.729861111,0.9413
242645,-0.08,1.42,0.17,35.05,0.9414,9.736111111,0.9414
242655,-0.06,1.39,0.13,,,9.6875,0.941475
242665,0.03,1.35,-0.02,,,9.638888889,0.94155
242675,0.04,1.25,0.05,,,9.590277778,0.941625
242685,0.12,1.18,-0.07,34.35,0.9417,9.541666667,0.9417
242695,0.14,1.12,-0.04,,,9.558333333,0.9418
242705,0.2,1.11,-0.22,,,9.575,0.9419
242715,0.2,1.07,-0.23,,,9.591666667,0.942
242725,0.24,1.05,-0.39,34.59,0.9421,9.608333333,0.9421
242735,0.26,1.01,-0.34,,,9.693055556,0.9422
242745,0.3,1.02,-0.44,,,9.777777778,0.9423
242755,0.3,1.03,-0.42,,,9.8625,0.9424
242765,0.34,0.98,-0.49,35.81,0.9425,9.947222222,0.9425
242775,0.32,1.01,-0.52,,,10.02430556,0.9426
242785,0.3,1.07,-0.52,,,10.10138889,0.9427
242795,0.29,1.11,-0.64,,,10.17847222,0.9428
242805,0.29,1.14,-0.56,36.92,0.9429,10.25555556,0.9429
242815,0.32,1.14,-0.64,,,10.25347222,0.943
242825,0.32,1.21,-0.65,,,10.25138889,0.9431
242835,0.32,1.16,-0.56,,,10.24930556,0.9432
242845,0.34,1.18,-0.65,36.89,0.9433,10.24722222,0.9433
242855,0.35,1.16,-0.58,,,10.24861111,0.9434
242865,0.36,1.04,-0.55,,,10.25,0.9435
242875,0.37,0.98,-0.55,,,10.25138889,0.9436
242885,0.33,0.85,-0.42,36.91,0.9437,10.25277778,0.9437
242895,0.35,0.78,-0.48,,,10.29791667,0.943825
242905,0.37,0.75,-0.39,,,10.34305556,0.94395
242915,0.37,0.79,-0.48,,,10.38819444,0.944075
242925,0.4,0.81,-0.41,37.56,0.9442,10.43333333,0.9442
242935,0.42,0.72,-0.37,,,10.52430556,0.9443
242945,0.41,0.8,-0.3,,,10.61527778,0.9444
242955,0.45,0.84,-0.42,,,10.70625,0.9445
242965,0.46,0.81,-0.45,38.87,0.9446,10.79722222,0.9446
242975,0.44,0.76,-0.44,,,10.81041667,0.9447
242985,0.48,0.69,-0.47,,,10.82361111,0.9448
242995,0.43,0.61,-0.49,,,10.83680556,0.9449
243005,0.4,0.66,-0.58,39.06,0.945,10.85,0.945
243015,0.31,0.74,-0.5,,,10.94375,0.945125
243025,0.29,0.84,-0.6,,,11.0375,0.94525
243035,0.22,0.88,-0.54,,,11.13125,0.945375
243045,0.2,1.03,-0.59,40.41,0.9455,11.225,0.9455
243055,0.26,1.05,-0.61,,,11.26666667,0.9456
243065,0.29,1.02,-0.64,,,11.30833333,0.9457
243075,0.25,0.95,-0.66,,,11.35,0.9458
243085,0.22,0.89,-0.6,41.01,0.9459,11.39166667,0.9459
243095,0.3,0.83,-0.52,,,11.43472222,0.946025
243105,0.4,0.78,-0.5,,,11.47777778,0.94615
243115,0.45,0.76,-0.49,,,11.52083333,0.946275
243125,0.4,0.75,-0.46,41.63,0.9464,11.56388889,0.9464
243135,0.32,0.77,-0.37,,,11.63263889,0.946525
243145,0.29,0.77,-0.3,,,11.70138889,0.94665
243155,0.29,0.73,-0.25,,,11.77013889,0.946775
243165,0.18,0.74,-0.24,42.62,0.9469,11.83888889,0.9469
243175,0.09,0.78,-0.25,,,11.87430556,0.947
243185,0.05,0.78,-0.25,,,11.90972222,0.9471
243195,0.01,0.78,-0.26,,,11.94513889,0.9472
243205,-0.04,0.8,-0.27,43.13,0.9473,11.98055556,0.9473
243215,-0.07,0.8,-0.31,,,12.03680556,0.947425
243225,-0.12,0.85,-0.32,,,12.09305556,0.94755
243235,-0.12,0.88,-0.3,,,12.14930556,0.947675
243245,-0.04,0.88,-0.27,43.94,0.9478,12.20555556,0.9478
243255,-0.08,0.89,-0.23,,,12.25625,0.947925
243265,-0.14,0.93,-0.22,,,12.30694444,0.94805
243275,-0.17,0.92,-0.24,,,12.35763889,0.948175
243285,-0.16,0.91,-0.3,44.67,0.9483,12.40833333,0.9483
243295,-0.11,0.9,-0.36,,,12.45416667,0.948425
243305,-0.11,0.88,-0.41,,,12.5,0.94855
243315,-0.11,0.91,-0.5,,,12.54583333,0.948675
243325,-0.13,0.95,-0.56,45.33,0.9488,12.59166667,0.9488
243335,-0.06,0.92,-0.67,,,12.65902778,0.948925
243345,0.06,0.89,-0.75,,,12.72638889,0.94905
243355,0.19,0.89,-0.77,,,12.79375,0.949175
243365,0.3,0.9,-0.77,46.3,0.9493,12.86111111,0.9493
243375,0.32,0.94,-0.7,,,12.9,0.949425
243385,0.27,0.93,-0.6,,,12.93888889,0.94955
243395,0.23,0.83,-0.48,,,12.97777778,0.949675
243405,0.25,0.74,-0.44,46.86,0.9498,13.01666667,0.9498
243415,0.31,0.72,-0.53,,,13.08472222,0.94995
243425,0.4,0.69,-0.61,,,13.15277778,0.9501
243435,0.4,0.75,-0.65,,,13.22083333,0.95025
243445,0.36,0.76,-0.61,47.84,0.9504,13.28888889,0.9504
243455,0.35,0.74,-0.57,,,13.33402778,0.950525
243465,0.39,0.74,-0.54,,,13.37916667,0.95065
243475,0.38,0.7,-0.47,,,13.42430556,0.950775
243485,0.33,0.65,-0.44,48.49,0.9509,13.46944444,0.9509
243495,0.37,0.63,-0.47,,,13.52430556,0.95105
243505,0.39,0.7,-0.5,,,13.57916667,0.9512
243515,0.34,0.73,-0.42,,,13.63402778,0.95135
243525,0.34,0.7,-0.4,49.28,0.9515,13.68888889,0.9515
243535,0.34,0.73,-0.4,,,13.75,0.951625
243545,0.35,0.76,-0.43,,,13.81111111,0.95175
243555,0.36,0.79,-0.46,,,13.87222222,0.951875
243565,0.4,0.73,-0.45,50.16,0.952,13.93333333,0.952
243575,0.4,0.68,-0.42,,,13.96666667,0.95215
243585,0.38,0.64,-0.4,,,14,0.9523
243595,0.4,0.68,-0.43,,,14.03333333,0.95245
243605,0.35,0.77,-0.44,50.64,0.9526,14.06666667,0.9526
243615,0.34,0.79,-0.42,,,14.13263889,0.952725
243625,0.37,0.81,-0.4,,,14.19861111,0.95285
243635,0.35,0.81,-0.39,,,14.26458333,0.952975
243645,0.38,0.79,-0.44,51.59,0.9531,14.33055556,0.9531
243655,0.39,0.79,-0.42,,,14.37916667,0.95325
243665,0.4,0.73,-0.41,,,14.42777778,0.9534
243675,0.41,0.72,-0.43,,,14.47638889,0.95355
243685,0.41,0.73,-0.41,52.29,0.9537,14.525,0.9537
243695,0.41,0.73,-0.41,,,14.58194444,0.95385
243705,0.41,0.79,-0.41,,,14.63888889,0.954
243715,0.4,0.76,-0.4,,,14.69583333,0.95415
243725,0.39,0.77,-0.41,53.11,0.9543,14.75277778,0.9543
243735,0.42,0.76,-0.46,,,14.79791667,0.95445
243745,0.44,0.69,-0.43,,,14.84305556,0.9546
243755,0.44,0.69,-0.42,,,14.88819444,0.95475
243765,0.42,0.7,-0.47,53.76,0.9549,14.93333333,0.9549
243775,0.4,0.73,-0.47,,,14.975,0.95505
243785,0.39,0.82,-0.49,,,15.01666667,0.9552
243795,0.4,0.77,-0.47,,,15.05833333,0.95535
243805,0.4,0.78,-0.48,54.36,0.9555,15.1,0.9555
243815,0.4,0.74,-0.5,,,15.15902778,0.95565
243825,0.4,0.72,-0.48,,,15.21805556,0.9558
243835,0.4,0.71,-0.49,,,15.27708333,0.95595
243845,0.42,0.67,-0.48,55.21,0.9561,15.33611111,0.9561
243855,0.42,0.69,-0.5,,,15.41458333,0.95625
243865,0.42,0.74,-0.57,,,15.49305556,0.9564
243875,0.4,0.73,-0.54,,,15.57152778,0.95655
243885,0.41,0.72,-0.55,56.34,0.9567,15.65,0.9567
243895,0.39,0.61,-0.53,,,15.65486111,0.956875
243905,0.37,0.6,-0.54,,,15.65972222,0.95705
243915,0.36,0.53,-0.52,,,15.66458333,0.957225
243925,0.36,0.52,-0.5,56.41,0.9574,15.66944444,0.9574
243935,0.35,0.54,-0.51,,,15.75763889,0.95755
243945,0.36,0.51,-0.49,,,15.84583333,0.9577
243955,0.36,0.45,-0.46,,,15.93402778,0.95785
243965,0.39,0.34,-0.46,57.68,0.958,16.02222222,0.958
243975,0.42,0.32,-0.45,,,16.06666667,0.958175
243985,0.37,0.29,-0.45,,,16.11111111,0.95835
243995,0.36,0.29,-0.47,,,16.15555556,0.958525
244005,0.34,0.29,-0.46,58.32,0.9587,16.2,0.9587
244015,0.36,0.26,-0.46,,,16.25694444,0.95885
244025,0.35,0.33,-0.47,,,16.31388889,0.959
244035,0.33,0.29,-0.5,,,16.37083333,0.95915
244045,0.34,0.27,-0.5,59.14,0.9593,16.42777778,0.9593
244055,0.36,0.2,-0.48,,,16.47291667,0.959475
244065,0.36,0.17,-0.45,,,16.51805556,0.95965
244075,0.35,0.18,-0.44,,,16.56319444,0.959825
244085,0.36,0.15,-0.43,59.79,0.96,16.60833333,0.96
244095,0.38,0.23,-0.41,,,16.68263889,0.960175
244105,0.44,0.2,-0.42,,,16.75694444,0.96035
244115,0.46,0.23,-0.42,,,16.83125,0.960525
244125,0.46,0.13,-0.44,60.86,0.9607,16.90555556,0.9607
244135,0.45,0.07,-0.42,,,16.94791667,0.96085
244145,0.43,0.08,-0.41,,,16.99027778,0.961
244155,0.4,0.07,-0.44,,,17.03263889,0.96115
244165,0.38,0.16,-0.42,61.47,0.9613,17.075,0.9613
244175,0.36,0.09,-0.36,,,17.13055556,0.961475
244185,0.35,0.15,-0.35,,,17.18611111,0.96165
244195,0.35,0.03,-0.38,,,17.24166667,0.961825
244205,0.33,0.01,-0.4,62.27,0.962,17.29722222,0.962
244215,0.35,-0.06,-0.39,,,17.34444444,0.962175
244225,0.33,-0.1,-0.37,,,17.39166667,0.96235
244235,0.34,-0.06,-0.44,,,17.43888889,0.962525
244245,0.33,-0.08,-0.44,62.95,0.9627,17.48611111,0.9627
244255,0.29,0,-0.43,,,17.53333333,0.962875
244265,0.25,-0.09,-0.44,,,17.58055556,0.96305
244275,0.22,-0.07,-0.47,,,17.62777778,0.963225
244285,0.23,-0.15,-0.47,63.63,0.9634,17.675,0.9634
244295,0.24,-0.1,-0.48,,,17.725,0.963575
244305,0.25,-0.14,-0.49,,,17.775,0.96375
244315,0.25,-0.15,-0.5,,,17.825,0.963925
244325,0.25,-0.17,-0.5,64.35,0.9641,17.875,0.9641
244335,0.25,-0.23,-0.45,,,17.91805556,0.9643
244345,0.24,-0.25,-0.45,,,17.96111111,0.9645
244355,0.25,-0.29,-0.41,,,18.00416667,0.9647
244365,0.26,-0.25,-0.39,64.97,0.9649,18.04722222,0.9649
244375,0.26,-0.28,-0.31,,,18.09722222,0.965075
244385,0.25,-0.23,-0.27,,,18.14722222,0.96525
244395,0.21,-0.31,-0.21,,,18.19722222,0.965425
244405,0.17,-0.27,-0.13,65.69,0.9656,18.24722222,0.9656
244415,0.17,-0.38,-0.11,,,18.27986111,0.965775
244425,0.17,-0.35,-0.09,,,18.3125,0.96595
244435,0.14,-0.39,-0.04,,,18.34513889,0.966125
244445,0.13,-0.38,0.01,66.16,0.9663,18.37777778,0.9663
244455,0.1,-0.38,0.07,,,18.37777778,0.9665
244465,0.03,-0.45,0.12,,,18.37777778,0.9667
244475,-0.06,-0.48,0.21,,,18.37777778,0.9669
244485,-0.13,-0.56,0.27,66.16,0.9671,18.37777778,0.9671
244495,-0.16,-0.57,0.4,,,18.34375,0.967275
244505,-0.17,-0.55,0.4,,,18.30972222,0.96745
244515,-0.18,-0.49,0.41,,,18.27569444,0.967625
244525,-0.22,-0.45,0.47,65.67,0.9678,18.24166667,0.9678
244535,-0.24,-0.49,0.6,,,18.17361111,0.967975
244545,-0.26,-0.53,0.59,,,18.10555556,0.96815
244555,-0.25,-0.59,0.61,,,18.0375,0.968325
244565,-0.29,-0.54,0.65,64.69,0.9685,17.96944444,0.9685
244575,-0.33,-0.48,0.61,,,17.89444444,0.968675
244585,-0.41,-0.56,0.63,,,17.81944444,0.96885
244595,-0.43,-0.57,0.64,,,17.74444444,0.969025
244605,-0.42,-0.69,0.56,63.61,0.9692,17.66944444,0.9692
244615,-0.41,-0.64,0.54,,,17.62569444,0.969375
244625,-0.39,-0.73,0.53,,,17.58194444,0.96955
244635,-0.37,-0.69,0.49,,,17.53819444,0.969725
244645,-0.31,-0.67,0.43,62.98,0.9699,17.49444444,0.9699
244655,-0.28,-0.49,0.43,,,17.44861111,0.970075
244665,-0.28,-0.44,0.39,,,17.40277778,0.97025
244675,-0.29,-0.39,0.37,,,17.35694444,0.970425
244685,-0.29,-0.36,0.33,62.32,0.9706,17.31111111,0.9706
244695,-0.26,-0.38,0.33,,,17.25486111,0.970775
244705,-0.24,-0.35,0.34,,,17.19861111,0.97095
244715,-0.23,-0.36,0.34,,,17.14236111,0.971125
244725,-0.19,-0.37,0.35,61.51,0.9713,17.08611111,0.9713
244735,-0.16,-0.32,0.37,,,17.09583333,0.971475
244745,-0.15,-0.32,0.41,,,17.10555556,0.97165
244755,-0.15,-0.29,0.42,,,17.11527778,0.971825
244765,-0.17,-0.33,0.42,61.65,0.972,17.125,0.972
244775,-0.16,-0.35,0.42,,,17.02569444,0.972175
244785,-0.17,-0.39,0.43,,,16.92638889,0.97235
244795,-0.16,-0.47,0.45,,,16.82708333,0.972525
244805,-0.15,-0.49,0.47,60.22,0.9727,16.72777778,0.9727
244815,-0.14,-0.53,0.47,,,16.70694444,0.97285
244825,-0.16,-0.54,0.47,,,16.68611111,0.973
244835,-0.18,-0.57,0.46,,,16.66527778,0.97315
244845,-0.19,-0.59,0.45,59.92,0.9733,16.64444444,0.9733
244855,-0.22,-0.64,0.44,,,16.58819444,0.973475
244865,-0.25,-0.71,0.44,,,16.53194444,0.97365
244875,-0.26,-0.75,0.45,,,16.47569444,0.973825
244885,-0.26,-0.78,0.43,59.11,0.974,16.41944444,0.974
244895,-0.27,-0.83,0.45,,,16.39513889,0.97415
244905,-0.3,-0.83,0.45,,,16.37083333,0.9743
244915,-0.32,-0.91,0.42,,,16.34652778,0.97445
244925,-0.33,-0.91,0.4,58.76,0.9746,16.32222222,0.9746
244935,-0.34,-0.93,0.39,,,16.24444444,0.974775
244945,-0.33,-0.98,0.39,,,16.16666667,0.97495
244955,-0.32,-0.97,0.4,,,16.08888889,0.975125
244965,-0.32,-0.98,0.39,57.64,0.9753,16.01111111,0.9753
244975,-0.32,-0.97,0.39,,,15.94930556,0.97545
244985,-0.34,-1.01,0.39,,,15.8875,0.9756
244995,-0.35,-1.06,0.4,,,15.82569444,0.97575
245005,-0.34,-1.04,0.39,56.75,0.9759,15.76388889,0.9759
245015,-0.32,-1.07,0.37,,,15.73194444,0.97605
245025,-0.3,-1.09,0.4,,,15.7,0.9762
245035,-0.28,-1.07,0.41,,,15.66805556,0.97635
245045,-0.25,-1.05,0.43,56.29,0.9765,15.63611111,0.9765
245055,-0.25,-1.04,0.45,,,15.55833333,0.976675
245065,-0.26,-1.03,0.44,,,15.48055556,0.97685
245075,-0.27,-1.07,0.43,,,15.40277778,0.977025
245085,-0.28,-1.05,0.43,55.17,0.9772,15.325,0.9772
245095,-0.28,-1.06,0.46,,,15.275,0.97735
245105,-0.27,-1.08,0.48,,,15.225,0.9775
245115,-0.25,-1.06,0.48,,,15.175,0.97765
245125,-0.24,-1.06,0.47,54.45,0.9778,15.125,0.9778
245135,-0.23,-1.02,0.48,,,15.06944444,0.97795
245145,-0.23,-1,0.47,,,15.01388889,0.9781
245155,-0.23,-1,0.47,,,14.95833333,0.97825
245165,-0.24,-1.02,0.44,53.65,0.9784,14.90277778,0.9784
245175,-0.27,-1.02,0.46,,,14.87222222,0.97855
245185,-0.29,-1.04,0.47,,,14.84166667,0.9787
245195,-0.3,-1.03,0.47,,,14.81111111,0.97885
245205,-0.28,-1.02,0.42,53.21,0.979,14.78055556,0.979
245215,-0.27,-1.03,0.43,,,14.72916667,0.979125
245225,-0.27,-1.08,0.43,,,14.67777778,0.97925
245235,-0.28,-1.08,0.43,,,14.62638889,0.979375
245245,-0.27,-1.06,0.42,52.47,0.9795,14.575,0.9795
245255,-0.27,-0.98,0.42,,,14.52152778,0.97965
245265,-0.27,-0.91,0.41,,,14.46805556,0.9798
245275,-0.27,-0.83,0.4,,,14.41458333,0.97995
245285,-0.27,-0.74,0.38,51.7,0.9801,14.36111111,0.9801
245295,-0.27,-0.66,0.39,,,14.33680556,0.98025
245305,-0.26,-0.59,0.42,,,14.3125,0.9804
245315,-0.26,-0.54,0.44,,,14.28819444,0.98055
245325,-0.27,-0.55,0.46,51.35,0.9807,14.26388889,0.9807
245335,-0.28,-0.54,0.49,,,14.22083333,0.98085
245345,-0.29,-0.51,0.49,,,14.17777778,0.981
245355,-0.3,-0.43,0.46,,,14.13472222,0.98115
245365,-0.29,-0.32,0.42,50.73,0.9813,14.09166667,0.9813
245375,-0.27,-0.22,0.39,,,14.02430556,0.981425
245385,-0.25,-0.17,0.39,,,13.95694444,0.98155
245395,-0.24,-0.11,0.39,,,13.88958333,0.981675
245405,-0.25,-0.06,0.38,49.76,0.9818,13.82222222,0.9818
245415,-0.25,-0.04,0.35,,,13.77083333,0.98195
245425,-0.26,0.01,0.3,,,13.71944444,0.9821
245435,-0.26,0.08,0.29,,,13.66805556,0.98225
245445,-0.27,0.14,0.28,49.02,0.9824,13.61666667,0.9824
245455,-0.28,0.2,0.28,,,13.56527778,0.982525
245465,-0.28,0.28,0.25,,,13.51388889,0.98265
245475,-0.27,0.32,0.24,,,13.4625,0.982775
245485,-0.28,0.41,0.24,48.28,0.9829,13.41111111,0.9829
245495,-0.28,0.47,0.25,,,13.38680556,0.983025
245505,-0.28,0.5,0.26,,,13.3625,0.98315
245515,-0.27,0.56,0.27,,,13.33819444,0.983275
245525,-0.27,0.6,0.29,47.93,0.9834,13.31388889,0.9834
245535,-0.27,0.65,0.32,,,13.27708333,0.98355
245545,-0.26,0.71,0.32,,,13.24027778,0.9837
245555,-0.25,0.78,0.32,,,13.20347222,0.98385
245565,-0.23,0.81,0.33,47.4,0.984,13.16666667,0.984
245575,-0.22,0.83,0.34,,,13.11597222,0.984125
245585,-0.2,0.86,0.35,,,13.06527778,0.98425
245595,-0.19,0.88,0.38,,,13.01458333,0.984375
245605,-0.18,0.91,0.38,46.67,0.9845,12.96388889,0.9845
245615,-0.18,0.92,0.39,,,12.95625,0.984625
245625,-0.19,0.97,0.39,,,12.94861111,0.98475
245635,-0.18,1,0.4,,,12.94097222,0.984875
245645,-0.18,1.06,0.38,46.56,0.985,12.93333333,0.985
245655,-0.19,1.09,0.4,,,12.88680556,0.985125
245665,-0.19,1.1,0.39,,,12.84027778,0.98525
245675,-0.19,1.11,0.4,,,12.79375,0.985375
245685,-0.18,1.14,0.39,45.89,0.9855,12.74722222,0.9855
245695,-0.17,1.16,0.4,,,12.68819444,0.985625
245705,-0.18,1.15,0.38,,,12.62916667,0.98575
245715,-0.17,1.19,0.38,,,12.57013889,0.985875
245725,-0.17,1.22,0.38,45.04,0.986,12.51111111,0.986
245735,-0.15,1.24,0.34,,,12.45069444,0.986125
245745,-0.14,1.26,0.34,,,12.39027778,0.98625
245755,-0.14,1.29,0.28,,,12.32986111,0.986375
245765,-0.13,1.31,0.34,44.17,0.9865,12.26944444,0.9865
245775,-0.13,1.29,0.26,,,12.23055556,0.986625
245785,-0.1,1.29,0.27,,,12.19166667,0.98675
245795,-0.11,1.31,0.33,,,12.15277778,0.986875
245805,-0.1,1.37,0.2,43.61,0.987,12.11388889,0.987
245815,-0.08,1.37,0.26,,,12.10694444,0.987125
245825,-0.06,1.39,0.2,,,12.1,0.98725
245835,-0.06,1.4,0.18,,,12.09305556,0.987375
245845,-0.06,1.42,0.16,43.51,0.9875,12.08611111,0.9875
245855,-0.05,1.4,0.13,,,12.03611111,0.987625
245865,-0.04,1.38,0.14,,,11.98611111,0.98775
245875,-0.04,1.36,0.14,,,11.93611111,0.987875
245885,-0.05,1.35,0.14,42.79,0.988,11.88611111,0.988
245895,-0.05,1.34,0.17,,,11.88333333,0.9881
245905,-0.05,1.33,0.14,,,11.88055556,0.9882
245915,-0.03,1.29,0.16,,,11.87777778,0.9883
245925,-0.01,1.29,0.14,42.75,0.9884,11.875,0.9884
245935,-0.01,1.28,0.18,,,11.85208333,0.988525
245945,-0.02,1.32,0.17,,,11.82916667,0.98865
245955,-0.03,1.3,0.21,,,11.80625,0.988775
245965,-0.05,1.33,0.2,42.42,0.9889,11.78333333,0.9889
245975,-0.04,1.29,0.22,,,11.76666667,0.989025
245985,0,1.26,0.18,,,11.75,0.98915
245995,0.01,1.2,0.18,,,11.73333333,0.989275
246005,0.01,1.17,0.15,42.18,0.9894,11.71666667,0.9894
246015,0.01,1.13,0.14,,,11.69930556,0.9895
246025,0.01,1.13,0.13,,,11.68194444,0.9896
246035,0.01,1.16,0.12,,,11.66458333,0.9897
246045,0.04,1.18,0.05,41.93,0.9898,11.64722222,0.9898
246055,0.05,1.18,0.09,,,11.6125,0.989925
246065,-0.01,1.18,0.06,,,11.57777778,0.99005
246075,-0.03,1.15,0.05,,,11.54305556,0.990175
246085,0.06,1.15,-0.01,41.43,0.9903,11.50833333,0.9903
246095,0.07,1.09,-0.09,,,11.49305556,0.990425
246105,0.07,1.12,-0.2,,,11.47777778,0.99055
246115,0.06,1.06,-0.17,,,11.4625,0.990675
246125,0.06,1.07,-0.25,41.21,0.9908,11.44722222,0.9908
246135,0.06,0.99,-0.24,,,11.46597222,0.9909
246145,0.03,0.98,-0.26,,,11.48472222,0.991
246155,0.08,0.91,-0.32,,,11.50347222,0.9911
246165,0.07,0.86,-0.25,41.48,0.9912,11.52222222,0.9912
246175,0.12,0.8,-0.32,,,11.55138889,0.991325
246185,0.1,0.65,-0.24,,,11.58055556,0.99145
246195,0.14,0.56,-0.27,,,11.60972222,0.991575
246205,0.13,0.43,-0.2,41.9,0.9917,11.63888889,0.9917
246215,0.15,0.37,-0.22,,,11.67638889,0.991825
246225,0.16,0.26,-0.22,,,11.71388889,0.99195
246235,0.15,0.21,-0.21,,,11.75138889,0.992075
246245,0.18,0.12,-0.17,42.44,0.9922,11.78888889,0.9922
246255,0.15,0.07,-0.2,,,11.79513889,0.9923
246265,0.11,0,-0.1,,,11.80138889,0.9924
246275,0.12,-0.03,-0.12,,,11.80763889,0.9925
246285,0.11,-0.12,-0.04,42.53,0.9926,11.81388889,0.9926
246295,0.06,-0.16,-0.08,,,11.81944444,0.992725
246305,0.08,-0.21,0,,,11.825,0.99285
246315,0.08,-0.3,-0.02,,,11.83055556,0.992975
246325,0.06,-0.34,-0.09,42.61,0.9931,11.83611111,0.9931
246335,0.02,-0.42,-0.03,,,11.83125,0.993225
246345,0.02,-0.42,-0.12,,,11.82638889,0.99335
246355,0.04,-0.48,-0.04,,,11.82152778,0.993475
246365,0.01,-0.49,-0.12,42.54,0.9936,11.81666667,0.9936
246375,0.02,-0.48,-0.01,,,11.8125,0.9937
246385,0.06,-0.53,0.03,,,11.80833333,0.9938
246395,0.03,-0.54,-0.13,,,11.80416667,0.9939
246405,0.06,-0.58,-0.04,42.48,0.994,11.8,0.994
246415,0.04,-0.65,-0.09,,,11.7875,0.994125
246425,0.04,-0.68,-0.12,,,11.775,0.99425
246435,0.07,-0.73,-0.02,,,11.7625,0.994375
246445,0.02,-0.79,-0.1,42.3,0.9945,11.75,0.9945
246455,0.02,-0.79,0.02,,,11.77638889,0.994625
246465,0.01,-0.82,0.14,,,11.80277778,0.99475
246475,0,-0.78,0.02,,,11.82916667,0.994875
246485,0.05,-0.82,0.11,42.68,0.995,11.85555556,0.995
246495,0.03,-0.84,0,,,11.85625,0.995125
246505,0.01,-0.87,-0.02,,,11.85694444,0.99525
246515,0.04,-0.94,0.06,,,11.85763889,0.995375
246525,0,-0.98,-0.03,42.69,0.9955,11.85833333,0.9955
246535,0.02,-1,0.04,,,11.87013889,0.9956
246545,0.07,-1.06,0.07,,,11.88194444,0.9957
246555,0.02,-1.08,-0.08,,,11.89375,0.9958
246565,0.01,-1.06,0.05,42.86,0.9959,11.90555556,0.9959
246575,0.05,-1.07,0.12,,,11.90208333,0.996025
246585,0.05,-1.09,-0.09,,,11.89861111,0.99615
246595,-0.01,-1.1,-0.06,,,11.89513889,0.996275
246605,0,-1.12,0.06,42.81,0.9964,11.89166667,0.9964
246615,-0.03,-1.17,0.02,,,11.88819444,0.996525
246625,-0.05,-1.18,0.07,,,11.88472222,0.99665
246635,-0.01,-1.22,0.14,,,11.88125,0.996775
246645,0.04,-1.23,0.05,42.76,0.9969,11.87777778,0.9969
246655,0.03,-1.24,-0.12,,,11.88333333,0.997025
246665,-0.02,-1.25,-0.07,,,11.88888889,0.99715
246675,0.01,-1.23,0.14,,,11.89444444,0.997275
246685,0.07,-1.22,0.06,42.84,0.9974,11.9,0.9974
246695,0.07,-1.23,-0.18,,,11.88333333,0.9975
246705,0,-1.24,-0.17,,,11.86666667,0.9976
246715,0,-1.27,0.03,,,11.85,0.9977
246725,0.04,-1.3,0.01,42.6,0.9978,11.83333333,0.9978
246735,0.02,-1.3,-0.09,,,11.83541667,0.997925
246745,-0.04,-1.28,-0.02,,,11.8375,0.99805
246755,-0.1,-1.24,0.22,,,11.83958333,0.998175
246765,-0.11,-1.25,0.39,42.63,0.9983,11.84166667,0.9983
246775,-0.12,-1.2,0.56,,,11.84861111,0.998425
246785,-0.12,-1.13,0.68,,,11.85555556,0.99855
246795,-0.13,-1.11,0.81,,,11.8625,0.998675
246805,-0.13,-1.15,0.86,42.73,0.9988,11.86944444,0.9988
246815,-0.13,-1.16,0.88,,,11.86736111,0.998925
246825,-0.09,-1.17,0.94,,,11.86527778,0.99905
246835,-0.07,-1.17,0.91,,,11.86319444,0.999175
246845,-0.04,-1.16,0.87,42.7,0.9993,11.86111111,0.9993
246855,-0.04,-1.15,0.87,,,11.87222222,0.9994
246865,-0.02,-1.13,0.89,,,11.88333333,0.9995
246875,-0.01,-1.11,0.91,,,11.89444444,0.9996
246885,-0.04,-1.13,0.91,42.86,0.9997,11.90555556,0.9997
246895,-0.05,-1.18,0.87,,,11.93402778,0.999825
246905,-0.01,-1.2,0.68,,,11.9625,0.99995
246915,0.07,-1.22,0.45,,,11.99097222,1.000075
246925,0.19,-1.25,0.16,43.27,1.0002,12.01944444,1.0002
246935,0.3,-1.22,-0.06,,,12.05069444,1.000325
246945,0.35,-1.13,-0.22,,,12.08194444,1.00045
246955,0.32,-1.1,-0.23,,,12.11319444,1.000575
246965,0.27,-1.07,-0.11,43.72,1.0007,12.14444444,1.0007
246975,0.2,-1.11,0.04,,,12.25694444,1.000825
246985,0.19,-1.11,0.04,,,12.36944444,1.00095
246995,0.26,-1.12,-0.1,,,12.48194444,1.001075
247005,0.33,-1.11,-0.21,45.34,1.0012,12.59444444,1.0012
247015,0.29,-1.1,-0.21,,,12.61736111,1.001325
247025,0.26,-1.08,-0.18,,,12.64027778,1.00145
247035,0.33,-1.09,-0.3,,,12.66319444,1.001575
247045,0.33,-1.01,-0.31,45.67,1.0017,12.68611111,1.0017
247055,0.27,-0.97,-0.18,,,12.70069444,1.001825
247065,0.26,-0.98,-0.16,,,12.71527778,1.00195
247075,0.3,-0.98,-0.24,,,12.72986111,1.002075
247085,0.27,-0.99,-0.23,45.88,1.0022,12.74444444,1.0022
247095,0.27,-1.03,-0.21,,,12.81041667,1.002325
247105,0.31,-1.08,-0.25,,,12.87638889,1.00245
247115,0.32,-1.08,-0.29,,,12.94236111,1.002575
247125,0.28,-1.11,-0.31,46.83,1.0027,13.00833333,1.0027
247135,0.28,-1.14,-0.28,,,13.05902778,1.00285
247145,0.3,-1.08,-0.34,,,13.10972222,1.003
247155,0.28,-1.09,-0.32,,,13.16041667,1.00315
247165,0.32,-1.08,-0.43,47.56,1.0033,13.21111111,1.0033
247175,0.32,-1.08,-0.51,,,13.24375,1.003425
247185,0.32,-1.07,-0.51,,,13.27638889,1.00355
247195,0.34,-1.03,-0.53,,,13.30902778,1.003675
247205,0.35,-1.01,-0.54,48.03,1.0038,13.34166667,1.0038
247215,0.4,-1.02,-0.58,,,13.42638889,1.003925
247225,0.44,-1,-0.63,,,13.51111111,1.00405
247235,0.43,-0.97,-0.56,,,13.59583333,1.004175
247245,0.44,-0.93,-0.58,49.25,1.0043,13.68055556,1.0043
247255,0.49,-0.88,-0.58,,,13.73819444,1.00445
247265,0.52,-0.84,-0.57,,,13.79583333,1.0046
247275,0.49,-0.75,-0.6,,,13.85347222,1.00475
247285,0.45,-0.7,-0.59,50.08,1.0049,13.91111111,1.0049
247295,0.46,-0.63,-0.64,,,13.97361111,1.00505
247305,0.45,-0.61,-0.6,,,14.03611111,1.0052
247315,0.46,-0.56,-0.57,,,14.09861111,1.00535
247325,0.46,-0.49,-0.55,50.98,1.0055,14.16111111,1.0055
247335,0.44,-0.45,-0.6,,,14.20277778,1.005625
247345,0.46,-0.43,-0.61,,,14.24444444,1.00575
247355,0.43,-0.43,-0.55,,,14.28611111,1.005875
247365,0.44,-0.43,-0.54,51.58,1.006,14.32777778,1.006
247375,0.4,-0.38,-0.51,,,14.42222222,1.00615
247385,0.38,-0.35,-0.52,,,14.51666667,1.0063
247395,0.37,-0.35,-0.49,,,14.61111111,1.00645
247405,0.37,-0.26,-0.47,52.94,1.0066,14.70555556,1.0066
247415,0.35,-0.21,-0.47,,,14.74305556,1.00675
247425,0.32,-0.14,-0.43,,,14.78055556,1.0069
247435,0.32,-0.14,-0.43,,,14.81805556,1.00705
247445,0.38,-0.17,-0.46,53.48,1.0072,14.85555556,1.0072
247455,0.37,-0.19,-0.41,,,14.90625,1.00735
247465,0.37,-0.18,-0.39,,,14.95694444,1.0075
247475,0.37,-0.15,-0.42,,,15.00763889,1.00765
247485,0.36,-0.07,-0.42,54.21,1.0078,15.05833333,1.0078
247495,0.35,-0.07,-0.42,,,15.13055556,1.00795
247505,0.36,-0.01,-0.42,,,15.20277778,1.0081
247515,0.33,0.07,-0.45,,,15.275,1.00825
247525,0.3,0.1,-0.43,55.25,1.0084,15.34722222,1.0084
247535,0.27,0.21,-0.44,,,15.39583333,1.00855
247545,0.25,0.27,-0.4,,,15.44444444,1.0087
247555,0.31,0.35,-0.41,,,15.49305556,1.00885
247565,0.37,0.4,-0.41,55.95,1.009,15.54166667,1.009
247575,0.43,0.39,-0.4,,,15.58194444,1.009175
247585,0.39,0.47,-0.4,,,15.62222222,1.00935
247595,0.36,0.51,-0.39,,,15.6625,1.009525
247605,0.35,0.54,-0.4,56.53,1.0097,15.70277778,1.0097
247615,0.34,0.57,-0.39,,,15.74861111,1.00985
247625,0.33,0.6,-0.35,,,15.79444444,1.01
247635,0.31,0.69,-0.35,,,15.84027778,1.01015
247645,0.29,0.71,-0.36,57.19,1.0103,15.88611111,1.0103
247655,0.24,0.8,-0.42,,,15.91041667,1.01045
247665,0.21,0.77,-0.43,,,15.93472222,1.0106
247675,0.21,0.77,-0.42,,,15.95902778,1.01075
247685,0.22,0.79,-0.42,57.54,1.0109,15.98333333,1.0109
247695,0.24,0.78,-0.42,,,16.00763889,1.011075
247705,0.32,0.79,-0.4,,,16.03194444,1.01125
247715,0.31,0.8,-0.35,,,16.05625,1.011425
247725,0.3,0.83,-0.32,57.89,1.0116,16.08055556,1.0116
247735,0.33,0.85,-0.29,,,16.11944444,1.01175
247745,0.35,0.82,-0.32,,,16.15833333,1.0119
247755,0.35,0.81,-0.29,,,16.19722222,1.01205
247765,0.34,0.73,-0.25,58.45,1.0122,16.23611111,1.0122
247775,0.33,0.74,-0.23,,,16.27152778,1.012375
247785,0.3,0.7,-0.23,,,16.30694444,1.01255
247795,0.28,0.73,-0.22,,,16.34236111,1.012725
247805,0.27,0.78,-0.19,58.96,1.0129,16.37777778,1.0129
247815,0.28,0.79,-0.2,,,16.38958333,1.01305
247825,0.3,0.82,-0.2,,,16.40138889,1.0132
247835,0.32,0.76,-0.21,,,16.41319444,1.01335
247845,0.31,0.83,-0.29,59.13,1.0135,16.425,1.0135
247855,0.32,0.84,-0.32,,,16.45625,1.013675
247865,0.35,0.81,-0.36,,,16.4875,1.01385
247875,0.32,0.91,-0.38,,,16.51875,1.014025
247885,0.25,0.92,-0.42,59.58,1.0142,16.55,1.0142
247895,0.22,1.03,-0.43,,,16.57569444,1.014375
247905,0.21,1,-0.43,,,16.60138889,1.01455
247915,0.23,1.08,-0.42,,,16.62708333,1.014725
247925,0.32,1.08,-0.48,59.95,1.0149,16.65277778,1.0149
247935,0.32,1.07,-0.46,,,16.68055556,1.01505
247945,0.31,1.09,-0.46,,,16.70833333,1.0152
247955,0.29,1.07,-0.42,,,16.73611111,1.01535
247965,0.35,1.11,-0.39,60.35,1.0155,16.76388889,1.0155
247975,0.39,1.02,-0.36,,,16.83680556,1.015675
247985,0.37,1.08,-0.36,,,16.90972222,1.01585
247995,0.38,1.02,-0.33,,,16.98263889,1.016025
248005,0.38,1.04,-0.28,61.4,1.0162,17.05555556,1.0162
248015,0.4,0.98,-0.23,,,17.08402778,1.016375
248025,0.37,0.93,-0.27,,,17.1125,1.01655
248035,0.35,0.94,-0.23,,,17.14097222,1.016725
248045,0.33,0.89,-0.23,61.81,1.0169,17.16944444,1.0169
248055,0.36,0.92,-0.22,,,17.17152778,1.017075
248065,0.37,0.88,-0.24,,,17.17361111,1.01725
248075,0.37,0.94,-0.2,,,17.17569444,1.017425
248085,0.39,0.95,-0.24,61.84,1.0176,17.17777778,1.0176
248095,0.38,0.98,-0.2,,,17.19305556,1.017775
248105,0.38,0.96,-0.26,,,17.20833333,1.01795
248115,0.35,0.95,-0.27,,,17.22361111,1.018125
248125,0.37,0.97,-0.31,62.06,1.0183,17.23888889,1.0183
248135,0.34,0.97,-0.27,,,17.28611111,1.018475
248145,0.33,1.02,-0.29,,,17.33333333,1.01865
248155,0.31,1.02,-0.29,,,17.38055556,1.018825
248165,0.27,1.09,-0.29,62.74,1.019,17.42777778,1.019
248175,0.26,1.05,-0.27,,,17.43819444,1.019175
248185,0.23,1.07,-0.3,,,17.44861111,1.01935
248195,0.21,1,-0.28,,,17.45902778,1.019525
248205,0.2,1.05,-0.26,62.89,1.0197,17.46944444,1.0197
248215,0.22,1.06,-0.27,,,17.50763889,1.019875
248225,0.2,1.09,-0.28,,,17.54583333,1.02005
248235,0.19,1.11,-0.26,,,17.58402778,1.020225
248245,0.2,1.05,-0.24,63.44,1.0204,17.62222222,1.0204
248255,0.19,1.09,-0.23,,,17.64444444,1.020575
248265,0.19,1.01,-0.24,,,17.66666667,1.02075
248275,0.18,1.07,-0.19,,,17.68888889,1.020925
248285,0.21,1,-0.17,63.76,1.0211,17.71111111,1.0211
248295,0.22,1.11,-0.17,,,17.73958333,1.021275
248305,0.21,1.08,-0.14,,,17.76805556,1.02145
248315,0.19,1.1,-0.13,,,17.79652778,1.021625
248325,0.17,1.07,-0.1,64.17,1.0218,17.825,1.0218
248335,0.13,1.02,-0.08,,,17.81111111,1.021975
248345,0.12,1.05,-0.06,,,17.79722222,1.02215
248355,0.1,1.01,-0.03,,,17.78333333,1.022325
248365,0.04,1.08,0.01,63.97,1.0225,17.76944444,1.0225
248375,-0.01,1.09,0.1,,,17.80347222,1.022675
248385,-0.04,1.09,0.15,,,17.8375,1.02285
248395,-0.08,1.08,0.2,,,17.87152778,1.023025
248405,-0.09,1.03,0.21,64.46,1.0232,17.90555556,1.0232
248415,-0.1,1.01,0.23,,,17.86805556,1.023375
248425,-0.09,0.97,0.23,,,17.83055556,1.02355
248435,-0.08,1.01,0.24,,,17.79305556,1.023725
248445,-0.08,1.04,0.26,63.92,1.0239,17.75555556,1.0239
248455,-0.1,1.06,0.3,,,17.71736111,1.024075
248465,-0.13,1.05,0.32,,,17.67916667,1.02425
248475,-0.14,1,0.32,,,17.64097222,1.024425
248485,-0.16,1.02,0.37,63.37,1.0246,17.60277778,1.0246
248495,-0.17,1,0.35,,,17.54791667,1.024775
248505,-0.17,1.05,0.35,,,17.49305556,1.02495
248515,-0.17,1.07,0.34,,,17.43819444,1.025125
248525,-0.16,1.08,0.34,62.58,1.0253,17.38333333,1.0253
248535,-0.17,1.09,0.35,,,17.35486111,1.025475
248545,-0.18,1.03,0.37,,,17.32638889,1.02565
248555,-0.21,1.01,0.37,,,17.29791667,1.025825
248565,-0.21,0.97,0.38,62.17,1.026,17.26944444,1.026
248575,-0.2,0.98,0.41,,,17.21180556,1.026175
248585,-0.2,1.03,0.37,,,17.15416667,1.02635
248595,-0.21,1.04,0.38,,,17.09652778,1.026525
248605,-0.21,1.04,0.38,61.34,1.0267,17.03888889,1.0267
248615,-0.22,0.98,0.4,,,16.98541667,1.026875
248625,-0.24,0.95,0.44,,,16.93194444,1.02705
248635,-0.27,0.93,0.45,,,16.87847222,1.027225
248645,-0.29,0.88,0.48,60.57,1.0274,16.825,1.0274
248655,-0.29,0.92,0.47,,,16.76319444,1.027575
248665,-0.28,0.95,0.45,,,16.70138889,1.02775
248675,-0.27,0.99,0.47,,,16.63958333,1.027925
248685,-0.28,1.01,0.48,59.68,1.0281,16.57777778,1.0281
248695,-0.32,0.94,0.49,,,16.51180556,1.02825
248705,-0.34,0.89,0.51,,,16.44583333,1.0284
248715,-0.34,0.86,0.48,,,16.37986111,1.02855
248725,-0.34,0.84,0.48,58.73,1.0287,16.31388889,1.0287
248735,-0.36,0.89,0.48,,,16.25069444,1.028875
248745,-0.35,0.91,0.47,,,16.1875,1.02905
248755,-0.31,0.92,0.46,,,16.12430556,1.029225
248765,-0.28,0.92,0.47,57.82,1.0294,16.06111111,1.0294
248775,-0.27,0.88,0.5,,,16.00763889,1.02955
248785,-0.29,0.89,0.51,,,15.95416667,1.0297
248795,-0.3,0.87,0.5,,,15.90069444,1.02985
248805,-0.31,0.85,0.49,57.05,1.03,15.84722222,1.03
248815,-0.33,0.87,0.51,,,15.79930556,1.03015
248825,-0.32,0.86,0.47,,,15.75138889,1.0303
248835,-0.3,0.9,0.45,,,15.70347222,1.03045
248845,-0.28,0.88,0.47,56.36,1.0306,15.65555556,1.0306
248855,-0.28,0.82,0.48,,,15.57777778,1.03075
248865,-0.28,0.81,0.49,,,15.5,1.0309
248875,-0.27,0.82,0.51,,,15.42222222,1.03105
248885,-0.28,0.83,0.49,55.24,1.0312,15.34444444,1.0312
248895,-0.29,0.89,0.48,,,15.31180556,1.03135
248905,-0.29,0.92,0.45,,,15.27916667,1.0315
248915,-0.3,0.94,0.39,,,15.24652778,1.03165
248925,-0.3,0.97,0.37,54.77,1.0318,15.21388889,1.0318
248935,-0.29,0.96,0.36,,,15.16111111,1.03195
248945,-0.29,0.97,0.36,,,15.10833333,1.0321
248955,-0.28,0.99,0.36,,,15.05555556,1.03225
248965,-0.26,0.99,0.37,54.01,1.0324,15.00277778,1.0324
248975,-0.26,1.03,0.38,,,14.9625,1.03255
248985,-0.25,1.05,0.37,,,14.92222222,1.0327
248995,-0.26,1.05,0.36,,,14.88194444,1.03285
249005,-0.26,1.08,0.35,53.43,1.033,14.84166667,1.033
249015,-0.24,1.04,0.35,,,14.79791667,1.03315
249025,-0.21,1.03,0.36,,,14.75416667,1.0333
249035,-0.21,1.05,0.38,,,14.71041667,1.03345
249045,-0.2,1.05,0.39,52.8,1.0336,14.66666667,1.0336
249055,-0.19,1.06,0.42,,,14.625,1.03375
249065,-0.2,1.05,0.43,,,14.58333333,1.0339
249075,-0.19,1.03,0.42,,,14.54166667,1.03405
249085,-0.18,1.06,0.4,52.2,1.0342,14.5,1.0342
249095,-0.18,1.1,0.39,,,14.44236111,1.03435
249105,-0.17,1.1,0.39,,,14.38472222,1.0345
249115,-0.16,1.12,0.41,,,14.32708333,1.03465
249125,-0.16,1.12,0.42,51.37,1.0348,14.26944444,1.0348
249135,-0.16,1.11,0.41,,,14.2375,1.034925
249145,-0.17,1.11,0.44,,,14.20555556,1.03505
249155,-0.16,1.15,0.45,,,14.17361111,1.035175
249165,-0.16,1.17,0.45,50.91,1.0353,14.14166667,1.0353
249175,-0.16,1.18,0.48,,,14.10347222,1.03545
249185,-0.22,1.16,0.54,,,14.06527778,1.0356
249195,-0.24,1.11,0.47,,,14.02708333,1.03575
249205,-0.24,1.11,0.42,50.36,1.0359,13.98888889,1.0359
249215,-0.23,1.13,0.45,,,13.94027778,1.03605
249225,-0.23,1.17,0.45,,,13.89166667,1.0362
249235,-0.22,1.22,0.39,,,13.84305556,1.03635
249245,-0.21,1.25,0.41,49.66,1.0365,13.79444444,1.0365
249255,-0.22,1.26,0.41,,,13.75208333,1.036625
249265,-0.2,1.22,0.41,,,13.70972222,1.03675
249275,-0.2,1.21,0.44,,,13.66736111,1.036875
249285,-0.19,1.19,0.44,49.05,1.037,13.625,1.037
249295,-0.2,1.17,0.45,,,13.56111111,1.037125
249305,-0.22,1.18,0.44,,,13.49722222,1.03725
249315,-0.23,1.18,0.42,,,13.43333333,1.037375
249325,-0.22,1.14,0.45,48.13,1.0375,13.36944444,1.0375
249335,-0.23,1.15,0.38,,,13.32430556,1.03765
249345,-0.21,1.19,0.43,,,13.27916667,1.0378
249355,-0.19,1.27,0.38,,,13.23402778,1.03795
249365,-0.19,1.25,0.39,47.48,1.0381,13.18888889,1.0381
249375,-0.13,1.24,0.33,,,13.12777778,1.038225
249385,-0.14,1.15,0.42,,,13.06666667,1.03835
249395,-0.12,1.1,0.35,,,13.00555556,1.038475
249405,-0.11,1.01,0.43,46.6,1.0386,12.94444444,1.0386
249415,-0.12,0.96,0.35,,,12.88611111,1.038725
249425,-0.13,0.92,0.41,,,12.82777778,1.03885
249435,-0.13,0.91,0.3,,,12.76944444,1.038975
249445,-0.13,0.87,0.35,45.76,1.0391,12.71111111,1.0391
249455,-0.12,0.88,0.27,,,12.65902778,1.039225
249465,-0.12,0.9,0.26,,,12.60694444,1.03935
249475,-0.08,0.91,0.26,,,12.55486111,1.039475
249485,-0.07,0.91,0.21,45.01,1.0396,12.50277778,1.0396
249495,-0.06,0.88,0.19,,,12.45972222,1.039725
249505,-0.06,0.87,0.14,,,12.41666667,1.03985
249515,-0.07,0.83,0.1,,,12.37361111,1.039975
249525,-0.08,0.73,0.07,44.39,1.0401,12.33055556,1.0401
249535,-0.08,0.64,0.05,,,12.32291667,1.040225
249545,-0.09,0.54,0.03,,,12.31527778,1.04035
249555,-0.1,0.44,0.05,,,12.30763889,1.040475
249565,-0.09,0.25,0.1,44.28,1.0406,12.3,1.0406
249575,-0.09,0.05,0.03,,,12.27916667,1.040725
249585,-0.09,-0.11,0.07,,,12.25833333,1.04085
249595,-0.06,-0.28,0.14,,,12.2375,1.040975
249605,-0.05,-0.39,0.1,43.98,1.0411,12.21666667,1.0411
249615,-0.05,-0.53,0.11,,,12.1875,1.041225
249625,-0.04,-0.63,0.11,,,12.15833333,1.04135
249635,-0.04,-0.73,0.12,,,12.12916667,1.041475
249645,-0.04,-0.78,0.13,43.56,1.0416,12.1,1.0416
249655,-0.03,-0.82,0.13,,,12.0875,1.0417
249665,-0.01,-0.84,0.16,,,12.075,1.0418
249675,0.04,-0.85,0.19,,,12.0625,1.0419
249685,0.07,-0.9,0.05,43.38,1.042,12.05,1.042
249695,0.11,-0.96,-0.16,,,12.03819444,1.042125
249705,0.09,-1,-0.32,,,12.02638889,1.04225
249715,0.02,-0.99,-0.23,,,12.01458333,1.042375
249725,-0.03,-1.01,0,43.21,1.0425,12.00277778,1.0425
249735,-0.09,-1.01,0.23,,,12.01527778,1.042625
249745,-0.18,-1.06,0.46,,,12.02777778,1.04275
249755,-0.16,-1.07,0.6,,,12.04027778,1.042875
249765,-0.05,-1.08,0.6,43.39,1.043,12.05277778,1.043
249775,0.1,-1.08,0.32,,,12.05694444,1.043125
249785,0.19,-1.13,0.03,,,12.06111111,1.04325
249795,0.19,-1.12,-0.17,,,12.06527778,1.043375
249805,0.11,-1.14,-0.23,43.45,1.0435,12.06944444,1.0435
249815,0.02,-1.22,-0.19,,,12.10347222,1.043625
249825,-0.07,-1.21,-0.12,,,12.1375,1.04375
249835,-0.13,-1.17,-0.06,,,12.17152778,1.043875
249845,-0.19,-1.15,0.07,43.94,1.044,12.20555556,1.044
249855,-0.21,-1.09,0.28,,,12.21388889,1.044125
249865,-0.14,-1.06,0.38,,,12.22222222,1.04425
249875,-0.03,-1.07,0.33,,,12.23055556,1.044375
249885,0.08,-1.07,0.14,44.06,1.0445,12.23888889,1.0445
249895,0.13,-1.11,-0.06,,,12.2875,1.044625
249905,0.15,-1.16,-0.16,,,12.33611111,1.04475
249915,0.18,-1.19,-0.27,,,12.38472222,1.044875
249925,0.22,-1.2,-0.48,44.76,1.045,12.43333333,1.045
249935,0.26,-1.2,-0.65,,,12.44930556,1.045125
249945,0.27,-1.19,-0.78,,,12.46527778,1.04525
249955,0.18,-1.15,-0.78,,,12.48125,1.045375
249965,0.05,-1.17,-0.65,44.99,1.0455,12.49722222,1.0455
249975,-0.07,-1.2,-0.41,,,12.51875,1.045625
249985,-0.1,-1.21,-0.21,,,12.54027778,1.04575
249995,-0.1,-1.24,-0.04,,,12.56180556,1.045875
250005,-0.13,-1.22,0.12,45.3,1.046,12.58333333,1.046
250015,-0.17,-1.2,0.26,,,12.57361111,1.046125
250025,-0.15,-1.21,0.24,,,12.56388889,1.04625
250035,-0.07,-1.17,0.08,,,12.55416667,1.046375
250045,0.05,-1.15,-0.11,45.16,1.0465,12.54444444,1.0465
250055,0.12,-1.12,-0.19,,,12.55416667,1.046625
250065,0.09,-1.08,-0.11,,,12.56388889,1.04675
250075,-0.02,-1.08,0.03,,,12.57361111,1.046875
250085,-0.12,-1.12,0.22,45.3,1.047,12.58333333,1.047
250095,-0.19,-1.17,0.33,,,12.62569444,1.047125
250105,-0.16,-1.22,0.31,,,12.66805556,1.04725
250115,-0.09,-1.24,0.14,,,12.71041667,1.047375
250125,0.04,-1.19,-0.06,45.91,1.0475,12.75277778,1.0475
250135,0.08,-1.16,-0.16,,,12.76319444,1.047625
250145,0.18,-1.12,-0.29,,,12.77361111,1.04775
250155,0.23,-1.05,-0.33,,,12.78402778,1.047875
250165,0.27,-0.97,-0.28,46.06,1.048,12.79444444,1.048
250175,0.28,-0.92,-0.23,,,12.81805556,1.048125
250185,0.26,-0.87,-0.17,,,12.84166667,1.04825
250195,0.21,-0.86,-0.02,,,12.86527778,1.048375
250205,0.12,-0.83,0.12,46.4,1.0485,12.88888889,1.0485
250215,0.03,-0.82,0.23,,,12.94027778,1.048625
250225,0.03,-0.83,0.21,,,12.99166667,1.04875
250235,0.07,-0.81,0.09,,,13.04305556,1.048875
250245,0.12,-0.74,-0.13,47.14,1.049,13.09444444,1.049
250255,0.24,-0.7,-0.32,,,13.14583333,1.04915
250265,0.31,-0.67,-0.45,,,13.19722222,1.0493
250275,0.28,-0.61,-0.47,,,13.24861111,1.04945
250285,0.21,-0.61,-0.39,47.88,1.0496,13.3,1.0496
250295,0.18,-0.6,-0.36,,,13.32291667,1.049725
250305,0.23,-0.58,-0.46,,,13.34583333,1.04985
250315,0.32,-0.55,-0.61,,,13.36875,1.049975
250325,0.34,-0.52,-0.63,48.21,1.0501,13.39166667,1.0501
250335,0.28,-0.49,-0.56,,,13.44097222,1.050225
250345,0.27,-0.53,-0.46,,,13.49027778,1.05035
250355,0.29,-0.53,-0.48,,,13.53958333,1.050475
250365,0.3,-0.53,-0.54,48.92,1.0506,13.58888889,1.0506
250375,0.27,-0.56,-0.53,,,13.64444444,1.05075
250385,0.27,-0.57,-0.5,,,13.7,1.0509
250395,0.29,-0.53,-0.5,,,13.75555556,1.05105
250405,0.31,-0.55,-0.44,49.72,1.0512,13.81111111,1.0512
250415,0.34,-0.56,-0.44,,,13.85833333,1.051325
250425,0.36,-0.59,-0.42,,,13.90555556,1.05145
250435,0.39,-0.67,-0.39,,,13.95277778,1.051575
250445,0.35,-0.7,-0.38,50.4,1.0517,14,1.0517
250455,0.33,-0.74,-0.35,,,14.01180556,1.05185
250465,0.28,-0.72,-0.34,,,14.02361111,1.052
250475,0.29,-0.75,-0.36,,,14.03541667,1.05215
250485,0.26,-0.75,-0.37,50.57,1.0523,14.04722222,1.0523
250495,0.29,-0.73,-0.37,,,14.08958333,1.05245
250505,0.32,-0.75,-0.37,,,14.13194444,1.0526
250515,0.29,-0.75,-0.34,,,14.17430556,1.05275
250525,0.34,-0.81,-0.36,51.18,1.0529,14.21666667,1.0529
250535,0.29,-0.86,-0.4,,,14.24791667,1.053025
250545,0.27,-0.89,-0.4,,,14.27916667,1.05315
250555,0.25,-0.92,-0.36,,,14.31041667,1.053275
250565,0.24,-0.92,-0.36,51.63,1.0534,14.34166667,1.0534
250575,0.27,-0.86,-0.38,,,14.38958333,1.05355
250585,0.26,-0.88,-0.38,,,14.4375,1.0537
250595,0.28,-0.82,-0.37,,,14.48541667,1.05385
250605,0.27,-0.82,-0.32,52.32,1.054,14.53333333,1.054
250615,0.26,-0.85,-0.33,,,14.56666667,1.05415
250625,0.25,-0.87,-0.35,,,14.6,1.0543
250635,0.28,-0.9,-0.32,,,14.63333333,1.05445
250645,0.28,-0.89,-0.31,52.8,1.0546,14.66666667,1.0546
250655,0.3,-0.86,-0.28,,,14.70555556,1.05475
250665,0.33,-0.86,-0.31,,,14.74444444,1.0549
250675,0.3,-0.84,-0.3,,,14.78333333,1.05505
250685,0.3,-0.86,-0.27,53.36,1.0552,14.82222222,1.0552
250695,0.29,-0.88,-0.26,,,14.83611111,1.05535
250705,0.28,-0.9,-0.25,,,14.85,1.0555
250715,0.33,-0.96,-0.27,,,14.86388889,1.05565
250725,0.35,-0.93,-0.31,53.56,1.0558,14.87777778,1.0558
250735,0.33,-0.9,-0.32,,,14.91111111,1.05595
250745,0.33,-0.91,-0.29,,,14.94444444,1.0561
250755,0.3,-0.84,-0.31,,,14.97777778,1.05625
250765,0.24,-0.85,-0.27,54.04,1.0564,15.01111111,1.0564
250775,0.2,-0.85,-0.24,,,15.0625,1.05655
250785,0.14,-0.87,-0.22,,,15.11388889,1.0567
250795,0.12,-0.92,-0.2,,,15.16527778,1.05685
250805,0.09,-0.91,-0.17,54.78,1.057,15.21666667,1.057
250815,0.06,-0.91,-0.16,,,15.22708333,1.05715
250825,0.03,-0.91,-0.08,,,15.2375,1.0573
250835,0.01,-0.91,-0.04,,,15.24791667,1.05745
250845,-0.09,-0.88,-0.02,54.93,1.0576,15.25833333,1.0576
250855,-0.1,-0.91,-0.03,,,15.26527778,1.05775
250865,-0.09,-0.89,0.03,,,15.27222222,1.0579
250875,-0.09,-0.89,0.01,,,15.27916667,1.05805
250885,-0.08,-0.86,0.05,55.03,1.0582,15.28611111,1.0582
250895,-0.04,-0.84,0.04,,,15.25,1.05835
250905,-0.06,-0.84,0.14,,,15.21388889,1.0585
250915,-0.08,-0.83,0.14,,,15.17777778,1.05865
250925,-0.12,-0.82,0.16,54.51,1.0588,15.14166667,1.0588
250935,-0.13,-0.83,0.19,,,15.09861111,1.05895
250945,-0.15,-0.83,0.25,,,15.05555556,1.0591
250955,-0.17,-0.84,0.23,,,15.0125,1.05925
250965,-0.16,-0.89,0.25,53.89,1.0594,14.96944444,1.0594
250975,-0.14,-0.87,0.23,,,14.93680556,1.05955
250985,-0.13,-0.86,0.22,,,14.90416667,1.0597
250995,-0.12,-0.85,0.25,,,14.87152778,1.05985
251005,-0.12,-0.85,0.23,53.42,1.06,14.83888889,1.06
251015,-0.13,-0.84,0.22,,,14.79930556,1.06015
251025,-0.13,-0.85,0.25,,,14.75972222,1.0603
251035,-0.14,-0.86,0.23,,,14.72013889,1.06045
251045,-0.13,-0.88,0.22,52.85,1.0606,14.68055556,1.0606
251055,-0.12,-0.85,0.23,,,14.64166667,1.06075
251065,-0.11,-0.84,0.2,,,14.60277778,1.0609
251075,-0.1,-0.8,0.2,,,14.56388889,1.06105
251085,-0.12,-0.74,0.21,52.29,1.0612,14.525,1.0612
251095,-0.12,-0.72,0.2,,,14.5125,1.06135
251105,-0.14,-0.69,0.22,,,14.5,1.0615
251115,-0.16,-0.68,0.24,,,14.4875,1.06165
251125,-0.18,-0.7,0.25,52.11,1.0618,14.475,1.0618
251135,-0.18,-0.66,0.26,,,14.46597222,1.06195
251145,-0.18,-0.65,0.27,,,14.45694444,1.0621
251155,-0.17,-0.62,0.29,,,14.44791667,1.06225
251165,-0.15,-0.57,0.3,51.98,1.0624,14.43888889,1.0624
251175,-0.16,-0.53,0.35,,,14.37083333,1.062525
251185,-0.17,-0.51,0.39,,,14.30277778,1.06265
251195,-0.18,-0.46,0.42,,,14.23472222,1.062775
251205,-0.19,-0.49,0.4,51,1.0629,14.16666667,1.0629
251215,-0.2,-0.51,0.4,,,14.17708333,1.06305
251225,-0.21,-0.52,0.39,,,14.1875,1.0632
251235,-0.22,-0.55,0.38,,,14.19791667,1.06335
251245,-0.21,-0.55,0.38,51.15,1.0635,14.20833333,1.0635
251255,-0.19,-0.56,0.37,,,14.1125,1.063625
251265,-0.19,-0.57,0.36,,,14.01666667,1.06375
251275,-0.2,-0.59,0.37,,,13.92083333,1.063875
251285,-0.24,-0.59,0.4,49.77,1.064,13.825,1.064
251295,-0.24,-0.63,0.37,,,13.81944444,1.06415
251305,-0.24,-0.65,0.34,,,13.81388889,1.0643
251315,-0.22,-0.68,0.29,,,13.80833333,1.06445
251325,-0.21,-0.73,0.26,49.69,1.0646,13.80277778,1.0646
251335,-0.2,-0.74,0.26,,,13.73055556,1.064725
251345,-0.21,-0.74,0.24,,,13.65833333,1.06485
251355,-0.21,-0.77,0.21,,,13.58611111,1.064975
251365,-0.2,-0.82,0.17,48.65,1.0651,13.51388889,1.0651
251375,-0.2,-0.84,0.18,,,13.48541667,1.06525
251385,-0.19,-0.92,0.2,,,13.45694444,1.0654
251395,-0.2,-0.97,0.21,,,13.42847222,1.06555
251405,-0.19,-1.02,0.2,48.24,1.0657,13.4,1.0657
251415,-0.16,-1.05,0.2,,,13.37638889,1.065825
251425,-0.12,-1.09,0.18,,,13.35277778,1.06595
251435,-0.1,-1.08,0.2,,,13.32916667,1.066075
251445,-0.08,-1.11,0.21,47.9,1.0662,13.30555556,1.0662
251455,-0.07,-1.1,0.2,,,13.30416667,1.066325
251465,-0.07,-1.1,0.15,,,13.30277778,1.06645
251475,-0.07,-1.12,0.1,,,13.30138889,1.066575
251485,-0.07,-1.16,0.06,47.88,1.0667,13.3,1.0667
251495,-0.07,-1.18,0.03,,,13.25,1.06685
251505,-0.07,-1.23,0.04,,,13.2,1.067
251515,-0.06,-1.25,0.07,,,13.15,1.06715
251525,-0.05,-1.23,0.09,47.16,1.0673,13.1,1.0673
251535,-0.05,-1.23,0.11,,,13.09305556,1.067425
251545,-0.05,-1.21,0.15,,,13.08611111,1.06755
251555,-0.05,-1.21,0.18,,,13.07916667,1.067675
251565,-0.05,-1.26,0.16,47.06,1.0678,13.07222222,1.0678
251575,-0.05,-1.31,0.15,,,13.05347222,1.067925
251585,-0.06,-1.34,0.13,,,13.03472222,1.06805
251595,-0.09,-1.37,0.14,,,13.01597222,1.068175
251605,-0.1,-1.38,0.2,46.79,1.0683,12.99722222,1.0683
251615,-0.09,-1.36,0.21,,,12.94375,1.068425
251625,-0.07,-1.4,0.19,,,12.89027778,1.06855
251635,-0.05,-1.4,0.16,,,12.83680556,1.068675
251645,-0.05,-1.41,0.15,46.02,1.0688,12.78333333,1.0688
251655,-0.05,-1.39,0.16,,,12.77222222,1.068925
251665,-0.05,-1.41,0.21,,,12.76111111,1.06905
251675,-0.07,-1.4,0.25,,,12.75,1.069175
251685,-0.07,-1.42,0.28,45.86,1.0693,12.73888889,1.0693
251695,-0.07,-1.46,0.26,,,12.69583333,1.069425
251705,-0.07,-1.49,0.22,,,12.65277778,1.06955
251715,-0.07,-1.51,0.22,,,12.60972222,1.069675
251725,-0.07,-1.53,0.18,45.24,1.0698,12.56666667,1.0698
251735,-0.08,-1.5,0.16,,,12.52083333,1.069925
251745,-0.1,-1.49,0.17,,,12.475,1.07005
251755,-0.12,-1.49,0.18,,,12.42916667,1.070175
251765,-0.11,-1.5,0.15,44.58,1.0703,12.38333333,1.0703
251775,-0.11,-1.5,0.14,,,12.39722222,1.070425
251785,-0.11,-1.5,0.17,,,12.41111111,1.07055
251795,-0.1,-1.5,0.17,,,12.425,1.070675
251805,-0.08,-1.49,0.17,44.78,1.0708,12.43888889,1.0708
251815,-0.06,-1.45,0.14,,,12.37152778,1.070925
251825,-0.05,-1.45,0.17,,,12.30416667,1.07105
251835,-0.03,-1.43,0.19,,,12.23680556,1.071175
251845,-0.02,-1.41,0.24,43.81,1.0713,12.16944444,1.0713
251855,-0.01,-1.39,0.24,,,12.18055556,1.071425
251865,0,-1.38,0.22,,,12.19166667,1.07155
251875,-0.01,-1.34,0.21,,,12.20277778,1.071675
251885,-0.02,-1.34,0.21,43.97,1.0718,12.21388889,1.0718
251895,-0.02,-1.34,0.19,,,12.16180556,1.071925
251905,-0.03,-1.32,0.19,,,12.10972222,1.07205
251915,-0.03,-1.34,0.18,,,12.05763889,1.072175
251925,-0.03,-1.37,0.18,43.22,1.0723,12.00555556,1.0723
251935,-0.02,-1.38,0.19,,,12.01319444,1.072425
251945,-0.01,-1.41,0.21,,,12.02083333,1.07255
251955,-0.01,-1.43,0.2,,,12.02847222,1.072675
251965,-0.02,-1.46,0.25,43.33,1.0728,12.03611111,1.0728
251975,-0.03,-1.44,0.27,,,11.98263889,1.072925
251985,-0.04,-1.42,0.28,,,11.92916667,1.07305
251995,-0.04,-1.4,0.25,,,11.87569444,1.073175
252005,-0.04,-1.35,0.22,42.56,1.0733,11.82222222,1.0733
252015,-0.04,-1.32,0.19,,,11.82361111,1.0734
252025,-0.04,-1.31,0.16,,,11.825,1.0735
252035,-0.03,-1.28,0.14,,,11.82638889,1.0736
252045,-0.03,-1.23,0.16,42.58,1.0737,11.82777778,1.0737
252055,-0.03,-1.18,0.15,,,11.80555556,1.073825
252065,-0.04,-1.1,0.13,,,11.78333333,1.07395
252075,-0.03,-1.01,0.13,,,11.76111111,1.074075
252085,-0.02,-0.92,0.12,42.26,1.0742,11.73888889,1.0742
252095,-0.02,-0.87,0.14,,,11.74375,1.074325
252105,-0.01,-0.79,0.13,,,11.74861111,1.07445
252115,0,-0.72,0.12,,,11.75347222,1.074575
252125,-0.01,-0.59,0.1,42.33,1.0747,11.75833333,1.0747
252135,-0.02,-0.48,0.09,,,11.72152778,1.0748
252145,-0.03,-0.33,0.07,,,11.68472222,1.0749
252155,-0.04,-0.19,0.07,,,11.64791667,1.075
252165,-0.05,-0.07,0.05,41.8,1.0751,11.61111111,1.0751
252175,-0.05,0.09,0.07,,,11.63541667,1.075225
252185,-0.07,0.21,0.1,,,11.65972222,1.07535
252195,-0.07,0.32,0.07,,,11.68402778,1.075475
252205,-0.09,0.45,0.05,42.15,1.0756,11.70833333,1.0756
252215,-0.09,0.56,0.02,,,11.73680556,1.075725
252225,-0.1,0.69,0.06,,,11.76527778,1.07585
252235,-0.08,0.75,0.06,,,11.79375,1.075975
252245,-0.06,0.83,0.08,42.56,1.0761,11.82222222,1.0761
252255,-0.06,0.82,0.07,,,11.80347222,1.0762
252265,-0.04,0.86,0.09,,,11.78472222,1.0763
252275,-0.04,0.88,0.14,,,11.76597222,1.0764
252285,-0.03,0.93,0.16,42.29,1.0765,11.74722222,1.0765
252295,-0.04,0.98,0.17,,,11.74375,1.076625
252305,-0.02,1.02,0.22,,,11.74027778,1.07675
252315,-0.01,1.08,0.19,,,11.73680556,1.076875
252325,-0.01,1.1,0.14,42.24,1.077,11.73333333,1.077
252335,0,1.12,0.19,,,11.71041667,1.077125
252345,0.01,1.15,0.17,,,11.6875,1.07725
252355,0.01,1.21,0.18,,,11.66458333,1.077375
252365,0.02,1.23,0.17,41.91,1.0775,11.64166667,1.0775
252375,0.04,1.23,0.17,,,11.60347222,1.0776
252385,0.04,1.19,0.19,,,11.56527778,1.0777
252395,0.01,1.17,0.21,,,11.52708333,1.0778
252405,-0.04,1.13,0.2,41.36,1.0779,11.48888889,1.0779
252415,-0.11,1.09,0.23,,,11.47916667,1.078025
252425,-0.15,1.15,0.26,,,11.46944444,1.07815
252435,-0.06,1.21,0.27,,,11.45972222,1.078275
252445,0.08,1.24,0.17,41.22,1.0784,11.45,1.0784
252455,0.21,1.27,-0.02,,,11.42291667,1.078525
252465,0.31,1.29,-0.1,,,11.39583333,1.07865
252475,0.39,1.33,-0.21,,,11.36875,1.078775
252485,0.5,1.33,-0.3,40.83,1.0789,11.34166667,1.0789
252495,0.54,1.27,-0.38,,,11.37569444,1.079
252505,0.48,1.25,-0.42,,,11.40972222,1.0791
252515,0.5,1.26,-0.4,,,11.44375,1.0792
252525,0.46,1.25,-0.37,41.32,1.0793,11.47777778,1.0793
252535,0.46,1.28,-0.38,,,11.51458333,1.079425
252545,0.34,1.34,-0.36,,,11.55138889,1.07955
252555,0.37,1.34,-0.35,,,11.58819444,1.079675
252565,0.3,1.33,-0.4,41.85,1.0798,11.625,1.0798
252575,0.25,1.37,-0.33,,,11.6375,1.0799
252585,0.29,1.4,-0.25,,,11.65,1.08
252595,0.32,1.34,-0.33,,,11.6625,1.0801
252605,0.31,1.32,-0.41,42.03,1.0802,11.675,1.0802
252615,0.21,1.27,-0.32,,,11.66666667,1.080325
252625,0.14,1.24,-0.23,,,11.65833333,1.08045
252635,0.17,1.27,-0.17,,,11.65,1.080575
252645,0.16,1.26,-0.16,41.91,1.0807,11.64166667,1.0807
252655,0.07,1.31,-0.16,,,11.66041667,1.080825
252665,0.08,1.36,-0.08,,,11.67916667,1.08095
252675,0.17,1.38,-0.13,,,11.69791667,1.081075
252685,0.22,1.35,-0.24,42.18,1.0812,11.71666667,1.0812
252695,0.24,1.31,-0.26,,,11.7125,1.0813
252705,0.19,1.3,-0.27,,,11.70833333,1.0814
252715,0.09,1.26,-0.17,,,11.70416667,1.0815
252725,0.04,1.24,-0.12,42.12,1.0816,11.7,1.0816
252735,0.11,1.27,-0.1,,,11.70486111,1.081725
252745,0.2,1.33,-0.18,,,11.70972222,1.08185
252755,0.24,1.33,-0.26,,,11.71458333,1.081975
252765,0.2,1.38,-0.27,42.19,1.0821,11.71944444,1.0821
252775,0.11,1.41,-0.19,,,11.73958333,1.082225
252785,0.1,1.43,-0.17,,,11.75972222,1.08235
252795,0.19,1.45,-0.19,,,11.77986111,1.082475
252805,0.27,1.41,-0.25,42.48,1.0826,11.8,1.0826
252815,0.28,1.36,-0.34,,,11.80138889,1.082725
252825,0.17,1.34,-0.33,,,11.80277778,1.08285
252835,0.1,1.38,-0.33,,,11.80416667,1.082975
252845,0.16,1.39,-0.22,42.5,1.0831,11.80555556,1.0831
252855,0.29,1.38,-0.26,,,11.83958333,1.0832
252865,0.38,1.35,-0.34,,,11.87361111,1.0833
252875,0.41,1.3,-0.35,,,11.90763889,1.0834
252885,0.31,1.28,-0.35,42.99,1.0835,11.94166667,1.0835
252895,0.19,1.29,-0.3,,,11.95,1.083625
252905,0.16,1.28,-0.17,,,11.95833333,1.08375
252915,0.23,1.27,-0.12,,,11.96666667,1.083875
252925,0.32,1.28,-0.17,43.11,1.084,11.975,1.084
252935,0.3,1.26,-0.18,,,12.00277778,1.084125
252945,0.29,1.23,-0.27,,,12.03055556,1.08425
252955,0.24,1.25,-0.33,,,12.05833333,1.084375
252965,0.16,1.2,-0.32,43.51,1.0845,12.08611111,1.0845
252975,0.09,1.15,-0.33,,,12.13472222,1.084625
252985,0.01,1.11,-0.28,,,12.18333333,1.08475
252995,-0.09,1.11,-0.23,,,12.23194444,1.084875
253005,-0.17,1.09,-0.16,44.21,1.085,12.28055556,1.085
253015,-0.21,1.12,-0.09,,,12.28402778,1.085125
253025,-0.22,1.1,-0.04,,,12.2875,1.08525
253035,-0.23,1.09,0.05,,,12.29097222,1.085375
253045,-0.27,1.12,0.12,44.26,1.0855,12.29444444,1.0855
253055,-0.3,1.15,0.17,,,12.30347222,1.085625
253065,-0.29,1.18,0.17,,,12.3125,1.08575
253075,-0.24,1.14,0.14,,,12.32152778,1.085875
253085,-0.16,1.07,-0.02,44.39,1.086,12.33055556,1.086
253095,-0.01,1.02,-0.2,,,12.39722222,1.086125
253105,0.14,1.03,-0.35,,,12.46388889,1.08625
253115,0.23,1.02,-0.44,,,12.53055556,1.086375
253125,0.22,1.06,-0.37,45.35,1.0865,12.59722222,1.0865
253135,0.14,1.09,-0.28,,,12.62083333,1.086625
253145,0.11,1.1,-0.24,,,12.64444444,1.08675
253155,0.18,1.11,-0.3,,,12.66805556,1.086875
253165,0.25,1.15,-0.34,45.69,1.087,12.69166667,1.087
253175,0.25,1.15,-0.34,,,12.73402778,1.087125
253185,0.25,1.14,-0.35,,,12.77638889,1.08725
253195,0.29,1.14,-0.36,,,12.81875,1.087375
253205,0.29,1.14,-0.39,46.3,1.0875,12.86111111,1.0875
253215,0.23,1.11,-0.35,,,12.90277778,1.087625
253225,0.24,1.1,-0.37,,,12.94444444,1.08775
253235,0.23,1.17,-0.38,,,12.98611111,1.087875
253245,0.26,1.21,-0.37,46.9,1.088,13.02777778,1.088
253255,0.29,1.19,-0.37,,,13.09513889,1.088125
253265,0.29,1.19,-0.37,,,13.1625,1.08825
253275,0.31,1.17,-0.39,,,13.22986111,1.088375
253285,0.3,1.16,-0.37,47.87,1.0885,13.29722222,1.0885
253295,0.27,1.15,-0.36,,,13.30486111,1.08865
253305,0.33,1.17,-0.35,,,13.3125,1.0888
253315,0.36,1.17,-0.36,,,13.32013889,1.08895
253325,0.36,1.17,-0.36,47.98,1.0891,13.32777778,1.0891
253335,0.33,1.16,-0.37,,,13.39583333,1.089225
253345,0.36,1.19,-0.39,,,13.46388889,1.08935
253355,0.37,1.21,-0.4,,,13.53194444,1.089475
253365,0.41,1.16,-0.4,48.96,1.0896,13.6,1.0896
253375,0.37,1.16,-0.35,,,13.60069444,1.089725
253385,0.39,1.12,-0.37,,,13.60138889,1.08985
253395,0.37,1.14,-0.42,,,13.60208333,1.089975
253405,0.37,1.17,-0.43,48.97,1.0901,13.60277778,1.0901
253415,0.38,1.16,-0.39,,,13.68472222,1.09025
253425,0.37,1.16,-0.38,,,13.76666667,1.0904
253435,0.37,1.19,-0.39,,,13.84861111,1.09055
253445,0.36,1.19,-0.44,50.15,1.0907,13.93055556,1.0907
253455,0.36,1.2,-0.45,,,13.92916667,1.09085
253465,0.34,1.17,-0.45,,,13.92777778,1.091
253475,0.35,1.18,-0.42,,,13.92638889,1.09115
253485,0.35,1.21,-0.42,50.13,1.0913,13.925,1.0913
253495,0.35,1.21,-0.4,,,13.97777778,1.091425
253505,0.39,1.19,-0.39,,,14.03055556,1.09155
253515,0.36,1.18,-0.39,,,14.08333333,1.091675
253525,0.37,1.15,-0.37,50.89,1.0918,14.13611111,1.0918
253535,0.35,1.14,-0.36,,,14.16944444,1.09195
253545,0.31,1.15,-0.38,,,14.20277778,1.0921
253555,0.32,1.14,-0.38,,,14.23611111,1.09225
253565,0.33,1.17,-0.38,51.37,1.0924,14.26944444,1.0924
253575,0.34,1.12,-0.36,,,14.30486111,1.09255
253585,0.37,1.11,-0.35,,,14.34027778,1.0927
253595,0.36,1.11,-0.37,,,14.37569444,1.09285
253605,0.37,1.06,-0.33,51.88,1.093,14.41111111,1.093
253615,0.36,1.03,-0.35,,,14.43333333,1.093125
253625,0.34,0.99,-0.38,,,14.45555556,1.09325
253635,0.34,0.99,-0.4,,,14.47777778,1.093375
253645,0.4,0.97,-0.37,52.2,1.0935,14.5,1.0935
253655,0.41,0.93,-0.37,,,14.55555556,1.09365
253665,0.4,0.95,-0.38,,,14.61111111,1.0938
253675,0.37,0.89,-0.39,,,14.66666667,1.09395
253685,0.33,0.81,-0.4,53,1.0941,14.72222222,1.0941
253695,0.29,0.75,-0.4,,,14.75555556,1.09425
253705,0.29,0.66,-0.41,,,14.78888889,1.0944
253715,0.26,0.63,-0.38,,,14.82222222,1.09455
253725,0.28,0.54,-0.34,53.48,1.0947,14.85555556,1.0947
253735,0.3,0.45,-0.35,,,14.90416667,1.09485
253745,0.3,0.37,-0.32,,,14.95277778,1.095
253755,0.31,0.23,-0.32,,,15.00138889,1.09515
253765,0.3,0.13,-0.32,54.18,1.0953,15.05,1.0953
253775,0.26,0.03,-0.32,,,15.08055556,1.09545
253785,0.25,-0.06,-0.32,,,15.11111111,1.0956
253795,0.23,-0.1,-0.33,,,15.14166667,1.09575
253805,0.22,-0.15,-0.3,54.62,1.0959,15.17222222,1.0959
253815,0.23,-0.19,-0.32,,,15.19583333,1.09605
253825,0.22,-0.2,-0.31,,,15.21944444,1.0962
253835,0.21,-0.3,-0.32,,,15.24305556,1.09635
253845,0.19,-0.29,-0.32,54.96,1.0965,15.26666667,1.0965
253855,0.25,-0.36,-0.34,,,15.29444444,1.096675
253865,0.31,-0.39,-0.35,,,15.32222222,1.09685
253875,0.42,-0.41,-0.36,,,15.35,1.097025
253885,0.38,-0.43,-0.37,55.36,1.0972,15.37777778,1.0972
253895,0.36,-0.44,-0.36,,,15.4125,1.09735
253905,0.42,-0.5,-0.35,,,15.44722222,1.0975
253915,0.47,-0.56,-0.3,,,15.48194444,1.09765
253925,0.52,-0.59,-0.31,55.86,1.0978,15.51666667,1.0978
253935,0.46,-0.67,-0.31,,,15.54791667,1.09795
253945,0.4,-0.65,-0.33,,,15.57916667,1.0981
253955,0.36,-0.7,-0.31,,,15.61041667,1.09825
253965,0.34,-0.7,-0.26,56.31,1.0984,15.64166667,1.0984
253975,0.36,-0.72,-0.24,,,15.64791667,1.09855
253985,0.34,-0.78,-0.2,,,15.65416667,1.0987
253995,0.31,-0.81,-0.2,,,15.66041667,1.09885
254005,0.28,-0.87,-0.19,56.4,1.099,15.66666667,1.099
254015,0.26,-0.91,-0.21,,,15.68958333,1.099175
254025,0.25,-0.91,-0.21,,,15.7125,1.09935
254035,0.29,-0.92,-0.19,,,15.73541667,1.099525
254045,0.29,-0.91,-0.21,56.73,1.0997,15.75833333,1.0997
254055,0.26,-0.94,-0.23,,,15.79444444,1.09985
254065,0.25,-0.94,-0.13,,,15.83055556,1.1
254075,0.22,-1,-0.1,,,15.86666667,1.10015
254085,0.16,-1.04,-0.05,57.25,1.1003,15.90277778,1.1003
254095,0.1,-1.12,-0.02,,,15.90416667,1.10045
254105,0.07,-1.15,0.02,,,15.90555556,1.1006
254115,0.06,-1.15,0.03,,,15.90694444,1.10075
254125,0.05,-1.14,0.03,57.27,1.1009,15.90833333,1.1009
254135,0.04,-1.15,0.06,,,15.92083333,1.101075
254145,0.04,-1.14,0.12,,,15.93333333,1.10125
254155,0.03,-1.19,0.16,,,15.94583333,1.101425
254165,0.02,-1.2,0.19,57.45,1.1016,15.95833333,1.1016
254175,-0.01,-1.22,0.22,,,15.90138889,1.10175
254185,-0.02,-1.28,0.22,,,15.84444444,1.1019
254195,-0.03,-1.27,0.21,,,15.7875,1.10205
254205,-0.02,-1.31,0.18,56.63,1.1022,15.73055556,1.1022
254215,-0.02,-1.3,0.16,,,15.70347222,1.10235
254225,-0.04,-1.34,0.14,,,15.67638889,1.1025
254235,-0.05,-1.42,0.13,,,15.64930556,1.10265
254245,-0.06,-1.45,0.1,56.24,1.1028,15.62222222,1.1028
254255,-0.07,-1.51,0.1,,,15.59722222,1.10295
254265,-0.06,-1.54,0.07,,,15.57222222,1.1031
254275,-0.05,-1.52,0.05,,,15.54722222,1.10325
254285,-0.05,-1.51,0.05,55.88,1.1034,15.52222222,1.1034
254295,-0.04,-1.43,0.07,,,15.49583333,1.103575
254305,-0.04,-1.45,0.07,,,15.46944444,1.10375
254315,-0.05,-1.46,0.09,,,15.44305556,1.103925
254325,-0.05,-1.49,0.05,55.5,1.1041,15.41666667,1.1041
254335,-0.01,-1.54,0.03,,,15.41458333,1.10425
254345,0.03,-1.49,-0.04,,,15.4125,1.1044
254355,0.07,-1.51,-0.06,,,15.41041667,1.10455
254365,0.11,-1.41,-0.08,55.47,1.1047,15.40833333,1.1047
254375,0.15,-1.39,-0.11,,,15.42361111,1.10485
254385,0.17,-1.34,-0.16,,,15.43888889,1.105
254395,0.18,-1.33,-0.19,,,15.45416667,1.10515
254405,0.19,-1.35,-0.19,55.69,1.1053,15.46944444,1.1053
254415,0.2,-1.32,-0.23,,,15.47847222,1.10545
254425,0.2,-1.38,-0.24,,,15.4875,1.1056
254435,0.21,-1.34,-0.23,,,15.49652778,1.10575
254445,0.25,-1.36,-0.22,55.82,1.1059,15.50555556,1.1059
254455,0.24,-1.38,-0.21,,,15.51319444,1.10605
254465,0.22,-1.38,-0.17,,,15.52083333,1.1062
254475,0.22,-1.41,-0.18,,,15.52847222,1.10635
254485,0.23,-1.37,-0.17,55.93,1.1065,15.53611111,1.1065
254495,0.25,-1.37,-0.17,,,15.56944444,1.106675
254505,0.26,-1.34,-0.15,,,15.60277778,1.10685
254515,0.26,-1.3,-0.15,,,15.63611111,1.107025
254525,0.25,-1.31,-0.14,56.41,1.1072,15.66944444,1.1072
254535,0.24,-1.25,-0.16,,,15.68125,1.10735
254545,0.23,-1.3,-0.14,,,15.69305556,1.1075
254555,0.23,-1.34,-0.12,,,15.70486111,1.10765
254565,0.24,-1.4,-0.13,56.58,1.1078,15.71666667,1.1078
254575,0.28,-1.39,-0.17,,,15.71944444,1.10795
254585,0.27,-1.37,-0.19,,,15.72222222,1.1081
254595,0.27,-1.33,-0.19,,,15.725,1.10825
254605,0.24,-1.28,-0.19,56.62,1.1084,15.72777778,1.1084
254615,0.23,-1.36,-0.17,,,15.74791667,1.10855
254625,0.21,-1.34,-0.19,,,15.76805556,1.1087
254635,0.19,-1.4,-0.17,,,15.78819444,1.10885
254645,0.19,-1.41,-0.16,56.91,1.109,15.80833333,1.109
254655,0.21,-1.41,-0.13,,,15.84097222,1.109175
254665,0.23,-1.4,-0.11,,,15.87361111,1.10935
254675,0.25,-1.32,-0.11,,,15.90625,1.109525
254685,0.26,-1.3,-0.12,57.38,1.1097,15.93888889,1.1097
254695,0.23,-1.26,-0.1,,,15.95347222,1.10985
254705,0.2,-1.29,-0.09,,,15.96805556,1.11
254715,0.19,-1.32,-0.07,,,15.98263889,1.11015
254725,0.17,-1.29,-0.1,57.59,1.1103,15.99722222,1.1103
254735,0.23,-1.33,-0.08,,,16.00625,1.110475
254745,0.29,-1.25,-0.04,,,16.01527778,1.11065
254755,0.3,-1.25,-0.04,,,16.02430556,1.110825
254765,0.3,-1.19,-0.04,57.72,1.111,16.03333333,1.111
254775,0.29,-1.18,-0.05,,,16.03263889,1.11115
254785,0.28,-1.2,-0.02,,,16.03194444,1.1113
254795,0.27,-1.16,-0.01,,,16.03125,1.11145
254805,0.28,-1.24,-0.02,57.71,1.1116,16.03055556,1.1116
254815,0.31,-1.2,-0.09,,,16.05069444,1.111775
254825,0.27,-1.24,-0.11,,,16.07083333,1.11195
254835,0.26,-1.26,-0.1,,,16.09097222,1.112125
254845,0.25,-1.28,-0.11,58,1.1123,16.11111111,1.1123
254855,0.24,-1.34,-0.13,,,16.1125,1.11245
254865,0.22,-1.32,-0.15,,,16.11388889,1.1126
254875,0.23,-1.4,-0.19,,,16.11527778,1.11275
254885,0.25,-1.37,-0.23,58.02,1.1129,16.11666667,1.1129
254895,0.22,-1.41,-0.24,,,16.14097222,1.11305
254905,0.21,-1.4,-0.22,,,16.16527778,1.1132
254915,0.27,-1.44,-0.19,,,16.18958333,1.11335
254925,0.27,-1.48,-0.15,58.37,1.1135,16.21388889,1.1135
254935,0.34,-1.44,-0.17,,,16.23541667,1.113675
254945,0.32,-1.44,-0.21,,,16.25694444,1.11385
254955,0.37,-1.39,-0.26,,,16.27847222,1.114025
254965,0.37,-1.38,-0.31,58.68,1.1142,16.3,1.1142
254975,0.34,-1.31,-0.3,,,16.29652778,1.11435
254985,0.34,-1.29,-0.29,,,16.29305556,1.1145
254995,0.33,-1.25,-0.27,,,16.28958333,1.11465
255005,0.34,-1.18,-0.27,58.63,1.1148,16.28611111,1.1148
255015,0.33,-1.12,-0.29,,,16.34652778,1.114975
255025,0.33,-1.01,-0.24,,,16.40694444,1.11515
255035,0.35,-0.96,-0.24,,,16.46736111,1.115325
255045,0.33,-0.89,-0.21,59.5,1.1155,16.52777778,1.1155
255055,0.34,-0.86,-0.22,,,16.52777778,1.115675
255065,0.34,-0.85,-0.22,,,16.52777778,1.11585
255075,0.31,-0.77,-0.22,,,16.52777778,1.116025
255085,0.27,-0.68,-0.2,59.5,1.1162,16.52777778,1.1162
255095,0.24,-0.5,-0.17,,,16.58055556,1.11635
255105,0.24,-0.39,-0.18,,,16.63333333,1.1165
255115,0.21,-0.28,-0.19,,,16.68611111,1.11665
255125,0.19,-0.19,-0.19,60.26,1.1168,16.73888889,1.1168
255135,0.17,-0.16,-0.17,,,16.75694444,1.116975
255145,0.17,-0.08,-0.16,,,16.775,1.11715
255155,0.15,-0.06,-0.17,,,16.79305556,1.117325
255165,0.13,0.04,-0.16,60.52,1.1175,16.81111111,1.1175
255175,0.1,0.11,-0.16,,,16.79930556,1.117675
255185,0.1,0.19,-0.14,,,16.7875,1.11785
255195,0.1,0.28,-0.12,,,16.77569444,1.118025
255205,0.09,0.28,-0.15,60.35,1.1182,16.76388889,1.1182
255215,0.11,0.34,-0.14,,,16.775,1.11835
255225,0.09,0.3,-0.17,,,16.78611111,1.1185
255235,0.07,0.38,-0.15,,,16.79722222,1.11865
255245,0.07,0.43,-0.12,60.51,1.1188,16.80833333,1.1188
255255,0.07,0.45,-0.1,,,16.84930556,1.118975
255265,0.1,0.53,-0.09,,,16.89027778,1.11915
255275,0.14,0.51,-0.1,,,16.93125,1.119325
255285,0.16,0.57,-0.12,61.1,1.1195,16.97222222,1.1195
255295,0.15,0.58,-0.14,,,16.98472222,1.119675
255305,0.14,0.64,-0.15,,,16.99722222,1.11985
255315,0.17,0.69,-0.14,,,17.00972222,1.120025
255325,0.15,0.71,-0.12,61.28,1.1202,17.02222222,1.1202
255335,0.2,0.78,-0.11,,,17.03333333,1.120375
255345,0.24,0.74,-0.13,,,17.04444444,1.12055
255355,0.31,0.81,-0.13,,,17.05555556,1.120725
255365,0.32,0.78,-0.13,61.44,1.1209,17.06666667,1.1209
255375,0.28,0.85,-0.11,,,17.06944444,1.121075
255385,0.25,0.86,-0.11,,,17.07222222,1.12125
255395,0.23,0.91,-0.12,,,17.075,1.121425
255405,0.27,0.94,-0.13,61.48,1.1216,17.07777778,1.1216
255415,0.27,0.91,-0.11,,,17.10347222,1.121775
255425,0.36,0.93,-0.12,,,17.12916667,1.12195
255435,0.46,0.87,-0.12,,,17.15486111,1.122125
255445,0.48,0.92,-0.08,61.85,1.1223,17.18055556,1.1223
255455,0.42,0.92,-0.09,,,17.17708333,1.12245
255465,0.35,0.97,-0.07,,,17.17361111,1.1226
255475,0.39,0.97,-0.09,,,17.17013889,1.12275
255485,0.4,0.98,-0.05,61.8,1.1229,17.16666667,1.1229
255495,0.38,1.05,-0.05,,,17.16597222,1.123075
255505,0.33,1.04,-0.07,,,17.16527778,1.12325
255515,0.31,1.11,-0.07,,,17.16458333,1.123425
255525,0.31,1.09,-0.07,61.79,1.1236,17.16388889,1.1236
255535,0.28,1.17,-0.06,,,17.17569444,1.123775
255545,0.24,1.16,-0.05,,,17.1875,1.12395
255555,0.22,1.18,-0.05,,,17.19930556,1.124125
255565,0.24,1.16,-0.09,61.96,1.1243,17.21111111,1.1243
255575,0.27,1.15,-0.07,,,17.21458333,1.124475
255585,0.32,1.19,-0.08,,,17.21805556,1.12465
255595,0.28,1.18,-0.1,,,17.22152778,1.124825
255605,0.28,1.27,-0.08,62.01,1.125,17.225,1.125
255615,0.23,1.25,-0.05,,,17.23541667,1.125175
255625,0.19,1.31,-0.04,,,17.24583333,1.12535
255635,0.17,1.31,-0.03,,,17.25625,1.125525
255645,0.18,1.29,-0.02,62.16,1.1257,17.26666667,1.1257
255655,0.19,1.28,-0.05,,,17.25833333,1.125875
255665,0.19,1.24,-0.02,,,17.25,1.12605
255675,0.18,1.32,0,,,17.24166667,1.126225
255685,0.16,1.25,0.03,62.04,1.1264,17.23333333,1.1264
255695,0.14,1.31,0.03,,,17.25138889,1.126575
255705,0.15,1.25,0.04,,,17.26944444,1.12675
255715,0.17,1.26,0,,,17.2875,1.126925
255725,0.21,1.22,0,62.3,1.1271,17.30555556,1.1271
255735,0.18,1.26,-0.01,,,17.30486111,1.127275
255745,0.16,1.3,-0.03,,,17.30416667,1.12745
255755,0.15,1.34,-0.01,,,17.30347222,1.127625
255765,0.14,1.42,-0.01,62.29,1.1278,17.30277778,1.1278
255775,0.13,1.39,-0.02,,,17.28333333,1.127975
255785,0.13,1.41,-0.03,,,17.26388889,1.12815
255795,0.19,1.31,-0.05,,,17.24444444,1.128325
255805,0.19,1.35,-0.07,62.01,1.1285,17.225,1.1285
255815,0.15,1.36,-0.06,,,17.23472222,1.128675
255825,0.12,1.41,-0.03,,,17.24444444,1.12885
255835,0.12,1.42,-0.03,,,17.25416667,1.129025
255845,0.12,1.4,-0.01,62.15,1.1292,17.26388889,1.1292
255855,0.12,1.42,0,,,17.25069444,1.12935
255865,0.11,1.33,0,,,17.2375,1.1295
255875,0.11,1.31,-0.01,,,17.22430556,1.12965
255885,0.13,1.24,-0.01,61.96,1.1298,17.21111111,1.1298
255895,0.12,1.31,0.02,,,17.20694444,1.129975
255905,0.11,1.33,0.01,,,17.20277778,1.13015
255915,0.12,1.36,0.04,,,17.19861111,1.130325
255925,0.15,1.32,0.02,61.9,1.1305,17.19444444,1.1305
255935,0.15,1.25,0.03,,,17.19166667,1.130675
255945,0.21,1.24,0.03,,,17.18888889,1.13085
255955,0.26,1.16,0.01,,,17.18611111,1.131025
255965,0.27,1.22,0.02,61.86,1.1312,17.18333333,1.1312
255975,0.28,1.18,0.02,,,17.20138889,1.131375
255985,0.29,1.31,0.06,,,17.21944444,1.13155
255995,0.28,1.33,0.07,,,17.2375,1.131725
256005,0.24,1.29,0.04,62.12,1.1319,17.25555556,1.1319
256015,0.25,1.25,0.07,,,17.23611111,1.132075
256025,0.26,1.17,0.05,,,17.21666667,1.13225
256035,0.24,1.22,0.03,,,17.19722222,1.132425
256045,0.22,1.19,0.03,61.84,1.1326,17.17777778,1.1326
256055,0.21,1.29,0.08,,,17.17152778,1.132775
256065,0.18,1.29,0.09,,,17.16527778,1.13295
256075,0.19,1.39,0.09,,,17.15902778,1.133125
256085,0.18,1.36,0,61.75,1.1333,17.15277778,1.1333
256095,0.17,1.31,-0.03,,,17.15694444,1.133475
256105,0.14,1.37,-0.02,,,17.16111111,1.13365
256115,0.16,1.33,-0.03,,,17.16527778,1.133825
256125,0.15,1.42,-0.06,61.81,1.134,17.16944444,1.134
256135,0.14,1.42,-0.05,,,17.17013889,1.134175
256145,0.13,1.46,-0.04,,,17.17083333,1.13435
256155,0.14,1.43,-0.05,,,17.17152778,1.134525
256165,0.16,1.39,-0.03,61.82,1.1347,17.17222222,1.1347
256175,0.14,1.37,-0.05,,,17.18055556,1.13485
256185,0.11,1.33,-0.03,,,17.18888889,1.135
256195,0.11,1.38,-0.04,,,17.19722222,1.13515
256205,0.11,1.32,-0.05,61.94,1.1353,17.20555556,1.1353
256215,0.13,1.34,-0.01,,,17.19305556,1.135475
256225,0.18,1.25,0,,,17.18055556,1.13565
256235,0.17,1.28,0,,,17.16805556,1.135825
256245,0.15,1.27,0,61.76,1.136,17.15555556,1.136
256255,0.15,1.27,0.01,,,17.16736111,1.136175
256265,0.14,1.29,0,,,17.17916667,1.13635
256275,0.13,1.27,0.01,,,17.19097222,1.136525
256285,0.14,1.29,0.01,61.93,1.1367,17.20277778,1.1367
256295,0.14,1.2,0.01,,,17.20277778,1.136875
256305,0.12,1.18,0.03,,,17.20277778,1.13705
256315,0.1,1.15,0.03,,,17.20277778,1.137225
256325,0.04,1.16,0.09,61.93,1.1374,17.20277778,1.1374
256335,0,1.19,0.12,,,17.17222222,1.137575
256345,-0.02,1.17,0.13,,,17.14166667,1.13775
256355,-0.02,1.16,0.17,,,17.11111111,1.137925
256365,-0.03,1.09,0.21,61.49,1.1381,17.08055556,1.1381
256375,-0.02,0.98,0.24,,,17.07847222,1.138275
256385,-0.02,0.92,0.26,,,17.07638889,1.13845
256395,-0.02,0.81,0.28,,,17.07430556,1.138625
256405,-0.04,0.8,0.29,61.46,1.1388,17.07222222,1.1388
256415,-0.04,0.74,0.3,,,17.04166667,1.13895
256425,-0.05,0.69,0.34,,,17.01111111,1.1391
256435,-0.08,0.62,0.35,,,16.98055556,1.13925
256445,-0.12,0.55,0.36,61.02,1.1394,16.95,1.1394
256455,-0.16,0.51,0.37,,,16.87847222,1.139575
256465,-0.18,0.44,0.37,,,16.80694444,1.13975
256475,-0.19,0.43,0.37,,,16.73541667,1.139925
256485,-0.21,0.43,0.35,59.99,1.1401,16.66388889,1.1401
256495,-0.23,0.38,0.35,,,16.62291667,1.140275
256505,-0.25,0.37,0.37,,,16.58194444,1.14045
256515,-0.26,0.28,0.36,,,16.54097222,1.140625
256525,-0.28,0.2,0.35,59.4,1.1408,16.5,1.1408
256535,-0.31,0.13,0.42,,,16.43333333,1.14095
256545,-0.33,0.04,0.41,,,16.36666667,1.1411
256555,-0.34,0.01,0.42,,,16.3,1.14125
256565,-0.35,-0.03,0.43,58.44,1.1414,16.23333333,1.1414
256575,-0.36,-0.04,0.46,,,16.18333333,1.141575
256585,-0.35,-0.1,0.48,,,16.13333333,1.14175
256595,-0.35,-0.15,0.52,,,16.08333333,1.141925
256605,-0.35,-0.19,0.53,57.72,1.1421,16.03333333,1.1421
256615,-0.36,-0.24,0.56,,,15.98472222,1.14225
256625,-0.36,-0.28,0.58,,,15.93611111,1.1424
256635,-0.38,-0.3,0.59,,,15.8875,1.14255
256645,-0.39,-0.33,0.6,57.02,1.1427,15.83888889,1.1427
256655,-0.4,-0.33,0.6,,,15.75069444,1.14285
256665,-0.4,-0.34,0.61,,,15.6625,1.143
256675,-0.4,-0.41,0.6,,,15.57430556,1.14315
256685,-0.41,-0.44,0.6,55.75,1.1433,15.48611111,1.1433
256695,-0.44,-0.54,0.63,,,15.4125,1.14345
256705,-0.46,-0.55,0.66,,,15.33888889,1.1436
256715,-0.48,-0.57,0.67,,,15.26527778,1.14375
256725,-0.47,-0.57,0.69,54.69,1.1439,15.19166667,1.1439
256735,-0.49,-0.61,0.72,,,15.11736111,1.14405
256745,-0.47,-0.6,0.71,,,15.04305556,1.1442
256755,-0.42,-0.67,0.63,,,14.96875,1.14435
256765,-0.38,-0.69,0.56,53.62,1.1445,14.89444444,1.1445
256775,-0.35,-0.76,0.56,,,14.80763889,1.14465
256785,-0.31,-0.8,0.54,,,14.72083333,1.1448
256795,-0.29,-0.83,0.5,,,14.63402778,1.14495
256805,-0.36,-0.86,0.47,52.37,1.1451,14.54722222,1.1451
256815,-0.39,-0.85,0.59,,,14.43541667,1.14525
256825,-0.39,-0.81,0.46,,,14.32361111,1.1454
256835,-0.41,-0.78,0.61,,,14.21180556,1.14555
256845,-0.4,-0.82,0.66,50.76,1.1457,14.1,1.1457
256855,-0.44,-0.9,0.74,,,14.02708333,1.14585
256865,-0.46,-0.95,0.62,,,13.95416667,1.146
256875,-0.46,-1.03,0.71,,,13.88125,1.14615
256885,-0.45,-1.06,0.61,49.71,1.1463,13.80833333,1.1463
256895,-0.45,-1.1,0.59,,,13.70486111,1.146425
256905,-0.42,-1.12,0.61,,,13.60138889,1.14655
256915,-0.38,-1.14,0.57,,,13.49791667,1.146675
256925,-0.37,-1.12,0.6,48.22,1.1468,13.39444444,1.1468
256935,-0.35,-1.12,0.54,,,13.3375,1.146925
256945,-0.34,-1.13,0.53,,,13.28055556,1.14705
256955,-0.33,-1.17,0.49,,,13.22361111,1.147175
256965,-0.31,-1.17,0.49,47.4,1.1473,13.16666667,1.1473
256975,-0.31,-1.17,0.53,,,13.12152778,1.147425
256985,-0.28,-1.19,0.49,,,13.07638889,1.14755
256995,-0.26,-1.2,0.48,,,13.03125,1.147675
257005,-0.24,-1.17,0.46,46.75,1.1478,12.98611111,1.1478
257015,-0.21,-1.17,0.46,,,12.93125,1.14795
257025,-0.18,-1.18,0.41,,,12.87638889,1.1481
257035,-0.17,-1.2,0.39,,,12.82152778,1.14825
257045,-0.17,-1.23,0.37,45.96,1.1484,12.76666667,1.1484
257055,-0.16,-1.27,0.36,,,12.72430556,1.148525
257065,-0.14,-1.26,0.28,,,12.68194444,1.14865
257075,-0.14,-1.24,0.29,,,12.63958333,1.148775
257085,-0.13,-1.28,0.26,45.35,1.1489,12.59722222,1.1489
257095,-0.12,-1.28,0.23,,,12.5212963,1.149233333
257105,-0.13,-1.29,0.23,,,12.44537037,1.149566667
257165,-0.08,-1.35,0.05,44.53,1.1499,12.36944444,1.1499
257175,-0.1,-1.34,0.03,,,12.35902778,1.150025
257185,-0.1,-1.35,0.03,,,12.34861111,1.15015
257195,-0.07,-1.37,-0.01,,,12.33819444,1.150275
257205,-0.08,-1.38,0,44.38,1.1504,12.32777778,1.1504
257215,-0.08,-1.37,0.08,,,12.32916667,1.1505
257225,-0.08,-1.36,0.1,,,12.33055556,1.1506
257235,-0.09,-1.34,0.11,,,12.33194444,1.1507
257245,-0.09,-1.33,0.12,44.4,1.1508,12.33333333,1.1508
257255,-0.09,-1.33,0.1,,,12.29166667,1.150925
257265,-0.08,-1.29,0.06,,,12.25,1.15105
257275,-0.09,-1.28,0.11,,,12.20833333,1.151175
257285,-0.07,-1.26,0.1,43.8,1.1513,12.16666667,1.1513
257295,-0.07,-1.25,0.13,,,12.13541667,1.151425
257305,-0.04,-1.23,0.12,,,12.10416667,1.15155
257315,-0.01,-1.21,0.1,,,12.07291667,1.151675
257325,0.01,-1.2,0.13,43.35,1.1518,12.04166667,1.1518
257335,0,-1.21,0.14,,,12.08263889,1.151925
257345,-0.03,-1.22,0.11,,,12.12361111,1.15205
257355,-0.05,-1.24,0.12,,,12.16458333,1.152175
257365,-0.05,-1.24,0.12,43.94,1.1523,12.20555556,1.1523
257385,-0.05,-1.26,0.16,,,12.14305556,1.15255
257405,-0.07,-1.22,0.18,43.49,1.1528,12.08055556,1.1528
257415,-0.07,-1.24,0.16,,,12.03263889,1.152925
257425,-0.06,-1.27,0.18,,,11.98472222,1.15305
257435,-0.05,-1.3,0.19,,,11.93680556,1.153175
257445,-0.05,-1.32,0.19,42.8,1.1533,11.88888889,1.1533
257455,-0.07,-1.36,0.21,,,11.87152778,1.1534
257465,-0.09,-1.36,0.18,,,11.85416667,1.1535
257475,-0.09,-1.38,0.2,,,11.83680556,1.1536
257485,-0.1,-1.41,0.19,42.55,1.1537,11.81944444,1.1537
257495,-0.1,-1.43,0.19,,,11.79583333,1.153825
257505,-0.1,-1.43,0.2,,,11.77222222,1.15395
257515,-0.1,-1.43,0.22,,,11.74861111,1.154075
257525,-0.11,-1.45,0.18,42.21,1.1542,11.725,1.1542
257535,-0.11,-1.45,0.24,,,11.67222222,1.154325
257545,-0.12,-1.45,0.2,,,11.61944444,1.15445
257555,-0.12,-1.45,0.22,,,11.56666667,1.154575
257565,-0.11,-1.46,0.19,41.45,1.1547,11.51388889,1.1547
257575,-0.12,-1.46,0.18,,,11.48055556,1.154925
257585,-0.12,-1.48,0.18,,,11.44722222,1.15515
257595,-0.11,-1.46,0.19,,,11.41388889,1.155375
257645,-0.02,-1.4,0.2,40.97,1.1556,11.38055556,1.1556
257655,0.04,-1.41,0.18,,,11.38888889,1.1557
257665,0.03,-1.42,0.03,,,11.39722222,1.1558
257675,0.04,-1.42,0.11,,,11.40555556,1.1559
257685,0,-1.41,0,41.09,1.156,11.41388889,1.156
257695,0.02,-1.4,0.12,,,11.34583333,1.156125
257705,0.01,-1.37,0.04,,,11.27777778,1.15625
257715,0.01,-1.36,0,,,11.20972222,1.156375
257725,0.06,-1.34,0,40.11,1.1565,11.14166667,1.1565
257735,0.08,-1.24,-0.01,,,11.17777778,1.1566
257745,0.12,-1.27,-0.02,,,11.21388889,1.1567
257755,0.15,-1.27,-0.14,,,11.25,1.1568
257765,0.15,-1.3,-0.06,40.63,1.1569,11.28611111,1.1569
257775,0.12,-1.31,-0.15,,,11.26875,1.157025
257785,0.08,-1.28,-0.01,,,11.25138889,1.15715
257795,0.15,-1.25,0.11,,,11.23402778,1.157275
257805,0.13,-1.2,0.07,40.38,1.1574,11.21666667,1.1574
257815,0.15,-1.15,0.03,,,11.25069444,1.1575
257825,0.12,-1.18,0,,,11.28472222,1.1576
257835,0.13,-1.15,-0.03,,,11.31875,1.1577
257845,0.08,-1.16,0.03,40.87,1.1578,11.35277778,1.1578
257875,0.08,-0.93,-0.15,,,11.37277778,1.158
257895,0.1,-0.78,-0.19,,,11.39277778,1.1582
257905,0.08,-0.79,-0.14,,,11.41277778,1.1584
257915,0.09,-0.68,-0.12,,,11.43277778,1.1586
257925,0.14,-0.65,-0.16,41.23,1.1588,11.45277778,1.1588
257935,0.12,-0.48,-0.2,,,11.46805556,1.1589
257945,0.15,-0.39,-0.23,,,11.48333333,1.159
257955,0.13,-0.34,-0.24,,,11.49861111,1.1591
257965,0.16,-0.28,-0.2,41.45,1.1592,11.51388889,1.1592
257975,0.09,-0.28,-0.21,,,11.57013889,1.159325
257985,0.11,-0.22,-0.17,,,11.62638889,1.15945
257995,0.17,-0.16,-0.28,,,11.68263889,1.159575
258005,0.11,-0.03,-0.37,42.26,1.1597,11.73888889,1.1597
258015,0.14,0.11,-0.23,,,11.77166667,1.15988
258025,0.2,0.15,-0.22,,,11.80444444,1.16006
258055,0.24,0.31,-0.3,,,11.83722222,1.16024
258075,0.22,0.41,-0.21,,,11.87,1.16042
258085,0.31,0.39,-0.3,42.85,1.1606,11.90277778,1.1606
258095,0.31,0.36,-0.39,,,11.94027778,1.160725
258105,0.22,0.43,-0.34,,,11.97777778,1.16085
258115,0.2,0.49,-0.26,,,12.01527778,1.160975
258125,0.24,0.51,-0.3,43.39,1.1611,12.05277778,1.1611
258135,0.22,0.58,-0.46,,,12.06666667,1.161225
258145,0.19,0.63,-0.37,,,12.08055556,1.16135
258155,0.12,0.62,-0.32,,,12.09444444,1.161475
258165,0.04,0.64,-0.27,43.59,1.1616,12.10833333,1.1616
258175,0.02,0.68,-0.17,,,12.16388889,1.161725
258185,0.08,0.68,-0.11,,,12.21944444,1.16185
258195,0.18,0.73,-0.14,,,12.275,1.161975
258205,0.3,0.74,-0.16,44.39,1.1621,12.33055556,1.1621
258215,0.41,0.78,-0.25,,,12.37777778,1.162225
258225,0.46,0.84,-0.39,,,12.425,1.16235
258235,0.39,0.88,-0.43,,,12.47222222,1.162475
258245,0.44,0.85,-0.53,45.07,1.1626,12.51944444,1.1626
258255,0.48,0.86,-0.66,,,12.56277778,1.1628
258265,0.49,0.86,-0.79,,,12.60611111,1.163
258275,0.51,0.86,-0.89,,,12.64944444,1.1632
258305,0.64,0.86,-1.02,,,12.69277778,1.1634
258325,0.55,0.91,-0.78,45.85,1.1636,12.73611111,1.1636
258335,0.47,0.9,-0.62,,,12.80833333,1.163725
258345,0.41,0.88,-0.5,,,12.88055556,1.16385
258355,0.39,0.77,-0.5,,,12.95277778,1.163975
258365,0.41,0.68,-0.59,46.89,1.1641,13.025,1.1641
258375,0.49,0.69,-0.72,,,13.09583333,1.16425
258385,0.56,0.71,-0.74,,,13.16666667,1.1644
258395,0.49,0.72,-0.66,,,13.2375,1.16455
258405,0.4,0.76,-0.51,47.91,1.1647,13.30833333,1.1647
258415,0.4,0.75,-0.5,,,13.33333333,1.164825
258425,0.4,0.77,-0.49,,,13.35833333,1.16495
258435,0.38,0.73,-0.47,,,13.38333333,1.165075
258445,0.4,0.66,-0.49,48.27,1.1652,13.40833333,1.1652
258455,0.45,0.64,-0.52,,,13.45486111,1.165325
258465,0.47,0.64,-0.52,,,13.50138889,1.16545
258475,0.52,0.59,-0.54,,,13.54791667,1.165575
258485,0.44,0.62,-0.47,48.94,1.1657,13.59444444,1.1657
258495,0.42,0.63,-0.38,,,13.67916667,1.16585
258505,0.4,0.66,-0.44,,,13.76388889,1.166
258515,0.39,0.75,-0.44,,,13.84861111,1.16615
258525,0.43,0.77,-0.47,50.16,1.1663,13.93333333,1.1663
258575,0.41,0.81,-0.46,,,14.00138889,1.166575
258585,0.42,0.81,-0.47,,,14.06944444,1.16685
258595,0.42,0.87,-0.47,,,14.1375,1.167125
258605,0.38,0.85,-0.39,51.14,1.1674,14.20555556,1.1674
258615,0.38,0.89,-0.41,,,14.28402778,1.16755
258625,0.38,0.95,-0.44,,,14.3625,1.1677
258635,0.38,0.93,-0.45,,,14.44097222,1.16785
258645,0.39,0.94,-0.48,52.27,1.168,14.51944444,1.168
258655,0.38,0.95,-0.47,,,14.53680556,1.16815
258665,0.38,0.95,-0.44,,,14.55416667,1.1683
258675,0.37,0.95,-0.43,,,14.57152778,1.16845
258685,0.4,0.94,-0.39,52.52,1.1686,14.58888889,1.1686
258695,0.36,0.99,-0.41,,,14.65833333,1.16875
258705,0.35,1,-0.41,,,14.72777778,1.1689
258715,0.37,0.94,-0.42,,,14.79722222,1.16905
258725,0.41,0.91,-0.4,53.52,1.1692,14.86666667,1.1692
258735,0.47,0.88,-0.41,,,14.96111111,1.1695
258765,0.47,0.89,-0.44,54.2,1.1698,15.05555556,1.1698
258785,0.4,0.88,-0.41,,,15.1212963,1.17
258795,0.36,0.91,-0.46,,,15.18703704,1.1702
258805,0.35,0.93,-0.5,54.91,1.1704,15.25277778,1.1704
258815,0.34,0.9,-0.53,,,15.27638889,1.17055
258825,0.34,0.88,-0.47,,,15.3,1.1707
258835,0.33,0.85,-0.46,,,15.32361111,1.17085
258845,0.32,0.9,-0.45,55.25,1.171,15.34722222,1.171
258855,0.33,0.9,-0.44,,,15.425,1.17115
258865,0.34,0.86,-0.43,,,15.50277778,1.1713
258875,0.34,0.84,-0.44,,,15.58055556,1.17145
258885,0.34,0.79,-0.46,56.37,1.1716,15.65833333,1.1716
258895,0.38,0.81,-0.46,,,15.71319444,1.17175
258905,0.4,0.81,-0.47,,,15.76805556,1.1719
258915,0.43,0.86,-0.46,,,15.82291667,1.17205
258925,0.42,0.87,-0.46,57.16,1.1722,15.87777778,1.1722
258935,0.43,0.81,-0.43,,,15.9125,1.172375
258945,0.4,0.79,-0.43,,,15.94722222,1.17255
258955,0.38,0.78,-0.44,,,15.98194444,1.172725
258965,0.36,0.79,-0.45,57.66,1.1729,16.01666667,1.1729
258995,0.44,0.79,-0.4,,,16.13194444,1.173225
259015,0.44,0.83,-0.43,,,16.24722222,1.17355
259025,0.45,0.77,-0.43,,,16.3625,1.173875
259045,0.41,0.79,-0.46,59.32,1.1742,16.47777778,1.1742
259065,0.43,0.84,-0.48,,,16.50277778,1.174433333
259075,0.44,0.85,-0.51,,,16.52777778,1.174666667
259085,0.46,0.91,-0.53,59.59,1.1749,16.55277778,1.1749
259095,0.41,0.83,-0.52,,,16.64861111,1.17505
259105,0.41,0.85,-0.49,,,16.74444444,1.1752
259115,0.46,0.76,-0.47,,,16.84027778,1.17535
259125,0.43,0.8,-0.46,60.97,1.1755,16.93611111,1.1755
259135,0.42,0.77,-0.46,,,16.99814815,1.175733333
259145,0.42,0.76,-0.45,,,17.06018519,1.175966667
259165,0.39,0.7,-0.43,61.64,1.1762,17.12222222,1.1762
259185,0.4,0.65,-0.44,,,17.18703704,1.176433333
259195,0.38,0.69,-0.42,,,17.25185185,1.176666667
259205,0.39,0.64,-0.37,62.34,1.1769,17.31666667,1.1769
259215,0.39,0.71,-0.37,,,17.36805556,1.177075
259225,0.4,0.68,-0.36,,,17.41944444,1.17725
259235,0.38,0.68,-0.38,,,17.47083333,1.177425
259245,0.36,0.68,-0.42,63.08,1.1776,17.52222222,1.1776
259255,0.34,0.64,-0.4,,,17.55486111,1.177775
259265,0.33,0.69,-0.41,,,17.5875,1.17795
259275,0.33,0.66,-0.43,,,17.62013889,1.178125
259285,0.33,0.76,-0.44,63.55,1.1783,17.65277778,1.1783
259295,0.31,0.69,-0.46,,,17.71180556,1.178475
259305,0.3,0.75,-0.45,,,17.77083333,1.17865
259315,0.29,0.69,-0.44,,,17.82986111,1.178825
259325,0.3,0.75,-0.42,64.4,1.179,17.88888889,1.179
259335,0.32,0.7,-0.45,,,17.95,1.179175
259345,0.32,0.75,-0.46,,,18.01111111,1.17935
259355,0.3,0.74,-0.45,,,18.07222222,1.179525
259365,0.32,0.77,-0.44,65.28,1.1797,18.13333333,1.1797
259375,0.3,0.79,-0.43,,,18.19333333,1.18
259395,0.28,0.8,-0.43,,,18.25333333,1.1803
259425,0.3,0.77,-0.35,,,18.31333333,1.1806
259435,0.33,0.87,-0.29,,,18.37333333,1.1809
259445,0.34,0.8,-0.24,66.36,1.1812,18.43333333,1.1812
259455,0.37,0.94,-0.27,,,18.47430556,1.181375
259465,0.44,0.85,-0.32,,,18.51527778,1.18155
259475,0.43,0.92,-0.36,,,18.55625,1.181725
259485,0.49,0.84,-0.35,66.95,1.1819,18.59722222,1.1819
259495,0.55,0.92,-0.35,,,18.61875,1.1821
259505,0.51,0.85,-0.3,,,18.64027778,1.1823
259515,0.54,0.95,-0.26,,,18.66180556,1.1825
259525,0.54,0.94,-0.26,67.26,1.1827,18.68333333,1.1827
259535,0.53,1.03,-0.25,,,18.72708333,1.182875
259545,0.55,0.97,-0.2,,,18.77083333,1.18305
259555,0.48,1.02,-0.17,,,18.81458333,1.183225
259565,0.41,1.01,-0.19,67.89,1.1834,18.85833333,1.1834
259575,0.37,1.1,-0.18,,,18.92222222,1.1836
259585,0.35,1.09,-0.16,,,18.98611111,1.1838
259595,0.34,1.14,-0.21,,,19.05,1.184
259605,0.35,1.1,-0.22,68.81,1.1842,19.11388889,1.1842
259635,0.41,1.12,-0.31,,,19.15666667,1.1845
259655,0.42,1.2,-0.29,,,19.19944444,1.1848
259665,0.43,1.11,-0.21,,,19.24222222,1.1851
259675,0.41,1.1,-0.24,,,19.285,1.1854
259685,0.33,1.06,-0.29,69.58,1.1857,19.32777778,1.1857
259695,0.28,1.14,-0.29,,,19.34722222,1.1859
259705,0.29,1.12,-0.26,,,19.36666667,1.1861
259715,0.31,1.18,-0.2,,,19.38611111,1.1863
259725,0.32,1.12,-0.17,69.86,1.1865,19.40555556,1.1865
259735,0.41,1.16,-0.15,,,19.42638889,1.1867
259745,0.4,1.1,-0.16,,,19.44722222,1.1869
259755,0.34,1.11,-0.16,,,19.46805556,1.1871
259765,0.3,1.01,-0.16,70.16,1.1873,19.48888889,1.1873
259775,0.27,1.05,-0.16,,,19.49930556,1.1875
259785,0.27,0.96,-0.12,,,19.50972222,1.1877
259795,0.25,0.96,-0.03,,,19.52013889,1.1879
259805,0.21,0.87,-0.04,70.31,1.1881,19.53055556,1.1881
259815,0.2,0.87,-0.03,,,19.54027778,1.1883
259825,0.19,0.83,-0.06,,,19.55,1.1885
259835,0.15,0.89,-0.1,,,19.55972222,1.1887
259845,0.15,0.88,-0.17,70.45,1.1889,19.56944444,1.1889
259855,0.13,0.88,-0.13,,,19.57083333,1.189075
259865,0.14,0.82,-0.09,,,19.57222222,1.18925
259875,0.09,0.83,-0.07,,,19.57361111,1.189425
259885,0.07,0.79,-0.07,70.47,1.1896,19.575,1.1896
259905,0.03,0.84,0,,,19.6,1.19
259925,0.05,0.92,-0.02,70.65,1.1904,19.625,1.1904
259995,0.1,1.01,0.07,,,19.65,1.1912
260005,0.09,1.01,0.08,70.83,1.192,19.675,1.192
260025,0.04,1.05,0.1,,,19.32916667,1.193525
260195,-0.26,1.28,0.38,,,18.98333333,1.19505
260295,-0.36,1.04,0.46,,,18.6375,1.196575
260325,-0.32,1.02,0.44,65.85,1.1981,18.29166667,1.1981
260415,-0.34,0.98,0.56,,,17.85972222,1.1992
260445,-0.37,0.96,0.53,62.74,1.2003,17.42777778,1.2003
260465,-0.35,0.86,0.48,,,17.32777778,1.200533333
260475,-0.3,0.83,0.43,,,17.22777778,1.200766667
260485,-0.27,0.73,0.41,61.66,1.201,17.12777778,1.201
260505,-0.26,0.5,0.45,,,16.97916667,1.2013
260525,-0.25,0.23,0.44,60.59,1.2016,16.83055556,1.2016
260595,-0.19,-0.55,0.35,,,16.68611111,1.2023
260605,-0.18,-0.62,0.35,59.55,1.203,16.54166667,1.203
260645,-0.09,-0.75,0.27,58.86,1.2036,16.35,1.2036
260715,-0.13,-1.04,0.24,,,16.21805556,1.20425
260725,-0.14,-1.05,0.28,57.91,1.2049,16.08611111,1.2049
260775,-0.15,-1.03,0.3,,,15.97314815,1.205533333
260835,-0.23,-1.1,0.33,,,15.86018519,1.206166667
260845,-0.23,-1.04,0.38,56.69,1.2068,15.74722222,1.2068
260855,-0.25,-1.02,0.42,,,15.5,1.2074
260875,-0.26,-1.06,0.44,,,15.25277778,1.208
260945,-0.29,-1.13,0.52,,,15.00555556,1.2086
261015,-0.23,-1.26,0.36,,,14.75833333,1.2092
261025,-0.24,-1.25,0.35,,,14.51111111,1.2098
261075,-0.34,-1.41,0.56,,,14.26388889,1.2104
261125,-0.19,-1.12,0.53,50.46,1.211,14.01666667,1.211
261305,-0.18,-1.21,0.28,,,13.65185185,1.2119
261315,-0.19,-1.22,0.29,,,13.28703704,1.2128
261325,-0.18,-1.19,0.28,46.52,1.2137,12.92222222,1.2137
261335,-0.18,-1.18,0.24,,,12.92152778,1.213825
261345,-0.19,-1.13,0.22,,,12.92083333,1.21395
261355,-0.22,-1.1,0.24,,,12.92013889,1.214075
261365,-0.19,-1.08,0.26,46.51,1.2142,12.91944444,1.2142
261375,-0.15,-1.01,0.2,,,12.85138889,1.214325
261385,-0.13,-0.94,0.19,,,12.78333333,1.21445
261395,-0.11,-0.92,0.19,,,12.71527778,1.214575
261405,-0.1,-0.87,0.17,45.53,1.2147,12.64722222,1.2147
261415,-0.1,-0.79,0.19,,,12.64305556,1.214825
261425,-0.09,-0.7,0.21,,,12.63888889,1.21495
261435,-0.09,-0.64,0.2,,,12.63472222,1.215075
261445,-0.11,-0.54,0.22,45.47,1.2152,12.63055556,1.2152
261455,-0.15,-0.46,0.24,,,12.625,1.215325
261465,-0.13,-0.4,0.24,,,12.61944444,1.21545
261475,-0.11,-0.3,0.18,,,12.61388889,1.215575
261485,-0.13,-0.22,0.21,45.39,1.2157,12.60833333,1.2157
261495,-0.13,-0.15,0.23,,,12.55416667,1.215825
261505,-0.14,-0.09,0.24,,,12.5,1.21595
261515,-0.15,-0.05,0.26,,,12.44583333,1.216075
261525,-0.17,-0.02,0.29,44.61,1.2162,12.39166667,1.2162
261535,-0.18,0.01,0.29,,,12.37152778,1.216325
261545,-0.21,0.04,0.34,,,12.35138889,1.21645
261555,-0.23,0.04,0.34,,,12.33125,1.216575
261565,-0.24,0.05,0.36,44.32,1.2167,12.31111111,1.2167
261575,-0.24,0.07,0.37,,,12.24930556,1.216825
261585,-0.24,0.08,0.37,,,12.1875,1.21695
261595,-0.25,0.1,0.39,,,12.12569444,1.217075
261605,-0.24,0.13,0.39,43.43,1.2172,12.06388889,1.2172
261615,-0.25,0.16,0.39,,,12.02152778,1.2173
261625,-0.26,0.18,0.41,,,11.97916667,1.2174
261635,-0.25,0.19,0.43,,,11.93680556,1.2175
261645,-0.26,0.21,0.44,42.82,1.2176,11.89444444,1.2176
261655,-0.27,0.23,0.45,,,11.81666667,1.217725
261665,-0.26,0.23,0.41,,,11.73888889,1.21785
261675,-0.24,0.26,0.41,,,11.66111111,1.217975
261685,-0.22,0.28,0.4,41.7,1.2181,11.58333333,1.2181
261695,-0.21,0.29,0.36,,,11.56388889,1.218225
261705,-0.21,0.32,0.36,,,11.54444444,1.21835
261715,-0.2,0.35,0.32,,,11.525,1.218475
261725,-0.19,0.39,0.32,41.42,1.2186,11.50555556,1.2186
261735,-0.18,0.42,0.31,,,11.47152778,1.2187
261745,-0.17,0.44,0.3,,,11.4375,1.2188
261755,-0.18,0.47,0.3,,,11.40347222,1.2189
261765,-0.19,0.5,0.3,40.93,1.219,11.36944444,1.219
261775,-0.21,0.51,0.3,,,11.35208333,1.219125
261785,-0.22,0.56,0.3,,,11.33472222,1.21925
261795,-0.21,0.59,0.28,,,11.31736111,1.219375
261805,-0.2,0.64,0.28,40.68,1.2195,11.3,1.2195
261815,-0.2,0.7,0.29,,,11.26736111,1.2196
261825,-0.19,0.73,0.29,,,11.23472222,1.2197
261835,-0.18,0.77,0.31,,,11.20208333,1.2198
261845,-0.17,0.78,0.3,40.21,1.2199,11.16944444,1.2199
261855,-0.17,0.8,0.3,,,11.12083333,1.220025
261865,-0.17,0.83,0.33,,,11.07222222,1.22015
261875,-0.17,0.84,0.36,,,11.02361111,1.220275
261885,-0.18,0.84,0.36,39.51,1.2204,10.975,1.2204
261895,-0.17,0.85,0.35,,,10.98194444,1.2205
261905,-0.16,0.88,0.36,,,10.98888889,1.2206
261915,-0.15,0.9,0.34,,,10.99583333,1.2207
261925,-0.13,0.93,0.33,39.61,1.2208,11.00277778,1.2208
261935,-0.12,0.97,0.31,,,10.97430556,1.2209
261945,-0.1,1.01,0.3,,,10.94583333,1.221
261955,-0.09,1.03,0.28,,,10.91736111,1.2211
261965,-0.07,1.05,0.28,39.2,1.2212,10.88888889,1.2212
261975,-0.07,1.07,0.27,,,10.85763889,1.221325
261985,-0.07,1.08,0.24,,,10.82638889,1.22145
261995,-0.06,1.08,0.2,,,10.79513889,1.221575
262005,-0.05,1.1,0.22,38.75,1.2217,10.76388889,1.2217
262015,-0.05,1.13,0.22,,,10.73125,1.2218
262025,-0.05,1.12,0.2,,,10.69861111,1.2219
262035,-0.05,1.12,0.19,,,10.66597222,1.222
262045,-0.07,1.15,0.18,38.28,1.2221,10.63333333,1.2221
262055,-0.08,1.17,0.16,,,10.64027778,1.2222
262065,-0.09,1.19,0.15,,,10.64722222,1.2223
262075,-0.09,1.21,0.14,,,10.65416667,1.2224
262085,-0.09,1.22,0.12,38.38,1.2225,10.66111111,1.2225
262095,-0.09,1.24,0.11,,,10.63472222,1.222625
262105,-0.07,1.22,0.12,,,10.60833333,1.22275
262115,-0.07,1.21,0.15,,,10.58194444,1.222875
262125,-0.07,1.2,0.15,38,1.223,10.55555556,1.223
262135,-0.07,1.21,0.16,,,10.54722222,1.2231
262145,-0.06,1.22,0.16,,,10.53888889,1.2232
262155,-0.07,1.23,0.17,,,10.53055556,1.2233
262165,-0.07,1.24,0.15,37.88,1.2234,10.52222222,1.2234
262175,-0.07,1.24,0.16,,,10.50486111,1.2235
262185,-0.07,1.23,0.17,,,10.4875,1.2236
262195,-0.06,1.23,0.18,,,10.47013889,1.2237
262205,-0.06,1.23,0.2,37.63,1.2238,10.45277778,1.2238
262215,-0.06,1.22,0.22,,,10.44652778,1.2239
262225,-0.05,1.2,0.23,,,10.44027778,1.224
262235,-0.04,1.19,0.23,,,10.43402778,1.2241
262245,-0.04,1.19,0.23,37.54,1.2242,10.42777778,1.2242
262255,-0.04,1.2,0.25,,,10.42986111,1.2243
262265,-0.04,1.21,0.26,,,10.43194444,1.2244
262275,-0.05,1.22,0.25,,,10.43402778,1.2245
262285,-0.07,1.25,0.24,37.57,1.2246,10.43611111,1.2246
262295,-0.09,1.26,0.25,,,10.43263889,1.2247
262305,-0.11,1.28,0.25,,,10.42916667,1.2248
262315,-0.1,1.31,0.27,,,10.42569444,1.2249
262325,-0.08,1.34,0.24,37.52,1.225,10.42222222,1.225
262335,-0.08,1.34,0.24,,,10.35208333,1.225125
262345,-0.08,1.35,0.24,,,10.28194444,1.22525
262355,-0.06,1.33,0.22,,,10.21180556,1.225375
262365,-0.05,1.31,0.22,36.51,1.2255,10.14166667,1.2255
262375,-0.05,1.31,0.22,,,10.15069444,1.2256
262385,-0.04,1.3,0.21,,,10.15972222,1.2257
262395,-0.04,1.31,0.2,,,10.16875,1.2258
262405,-0.04,1.34,0.2,36.64,1.2259,10.17777778,1.2259
262415,-0.05,1.37,0.21,,,10.15555556,1.226
262425,-0.07,1.4,0.2,,,10.13333333,1.2261
262435,-0.08,1.42,0.2,,,10.11111111,1.2262
262445,-0.08,1.41,0.22,36.32,1.2263,10.08888889,1.2263
262455,-0.08,1.38,0.18,,,10.05,1.2264
262465,-0.09,1.38,0.18,,,10.01111111,1.2265
262475,-0.09,1.39,0.17,,,9.972222222,1.2266
262485,-0.08,1.42,0.17,35.76,1.2267,9.933333333,1.2267
262495,-0.07,1.44,0.16,,,9.895833333,1.2268
262505,-0.07,1.42,0.17,,,9.858333333,1.2269
262515,-0.08,1.4,0.18,,,9.820833333,1.227
262525,-0.07,1.4,0.21,35.22,1.2271,9.783333333,1.2271
262535,-0.06,1.38,0.21,,,9.775694444,1.227175
262545,-0.06,1.36,0.21,,,9.768055556,1.22725
262555,-0.06,1.37,0.2,,,9.760416667,1.227325
262565,-0.06,1.36,0.22,35.11,1.2274,9.752777778,1.2274
262575,-0.05,1.38,0.2,,,9.722222222,1.2275
262585,-0.06,1.37,0.19,,,9.691666667,1.2276
262595,-0.06,1.37,0.21,,,9.661111111,1.2277
262605,-0.05,1.34,0.17,34.67,1.2278,9.630555556,1.2278
262615,-0.03,1.35,0.14,,,9.634027778,1.2279
262625,0.01,1.32,0.16,,,9.6375,1.228
262635,0.04,1.31,0.14,,,9.640972222,1.2281
262645,0.07,1.27,0.11,34.72,1.2282,9.644444444,1.2282
262655,0.1,1.29,0.08,,,9.6125,1.2283
262665,0.11,1.29,0.13,,,9.580555556,1.2284
262675,0.11,1.28,0.15,,,9.548611111,1.2285
262685,0.1,1.28,0.07,34.26,1.2286,9.516666667,1.2286
262695,0.1,1.28,0.03,,,9.525,1.2287
262705,0.09,1.27,0.01,,,9.533333333,1.2288
262715,0.11,1.26,0.02,,,9.541666667,1.2289
262725,0.11,1.26,0.04,34.38,1.229,9.55,1.229
262735,0.1,1.29,0.03,,,9.536805556,1.2291
262745,0.09,1.3,0.01,,,9.523611111,1.2292
262755,0.08,1.3,-0.02,,,9.510416667,1.2293
262765,0.08,1.32,-0.03,34.19,1.2294,9.497222222,1.2294
262775,0.06,1.33,-0.04,,,9.499305556,1.229475
262785,0.05,1.34,-0.04,,,9.501388889,1.22955
262795,0.08,1.31,-0.01,,,9.503472222,1.229625
262805,0.1,1.26,0.01,34.22,1.2297,9.505555556,1.2297
262815,0.11,1.24,0.02,,,9.515972222,1.2298
262825,0.1,1.23,0.01,,,9.526388889,1.2299
262835,0.09,1.21,0,,,9.536805556,1.23
262845,0.07,1.23,0,34.37,1.2301,9.547222222,1.2301
262855,0.05,1.24,0.01,,,9.534722222,1.2302
262865,0.03,1.23,0.01,,,9.522222222,1.2303
262875,0.06,1.22,0.01,,,9.509722222,1.2304
262885,0.09,1.17,0.09,34.19,1.2305,9.497222222,1.2305
262895,0.11,1.16,0.05,,,9.525694444,1.2306
262905,0.11,1.14,0.05,,,9.554166667,1.2307
262915,0.09,1.16,0.04,,,9.582638889,1.2308
262925,0.08,1.19,0.05,34.6,1.2309,9.611111111,1.2309
262935,0.06,1.25,0.05,,,9.610416667,1.231
262945,0.11,1.29,0.05,,,9.609722222,1.2311
262955,0.11,1.26,0.03,,,9.609027778,1.2312
262965,0.12,1.22,0,34.59,1.2313,9.608333333,1.2313
262975,0.12,1.18,-0.02,,,9.581944444,1.2314
262985,0.1,1.16,-0.04,,,9.555555556,1.2315
262995,0.08,1.15,-0.04,,,9.529166667,1.2316
263005,0.07,1.12,0.01,34.21,1.2317,9.502777778,1.2317
263015,0.09,1.1,0.01,,,9.514583333,1.231775
263025,0.09,1.08,0,,,9.526388889,1.23185
263035,0.1,1.03,-0.01,,,9.538194444,1.231925
263045,0.1,0.97,-0.05,34.38,1.232,9.55,1.232
263055,0.09,0.92,-0.03,,,9.563888889,1.2321
263065,0.09,0.87,-0.02,,,9.577777778,1.2322
263075,0.09,0.82,-0.01,,,9.591666667,1.2323
263085,0.09,0.78,-0.02,34.58,1.2324,9.605555556,1.2324
263095,0.08,0.75,-0.04,,,9.570138889,1.2325
263105,0.06,0.7,-0.07,,,9.534722222,1.2326
263115,0.04,0.64,-0.08,,,9.499305556,1.2327
263125,0.04,0.57,-0.08,34.07,1.2328,9.463888889,1.2328
263135,0.05,0.51,-0.07,,,9.45625,1.2329
263145,0.08,0.47,-0.07,,,9.448611111,1.233
263155,0.08,0.45,-0.07,,,9.440972222,1.2331
263165,0.1,0.4,-0.08,33.96,1.2332,9.433333333,1.2332
263175,0.07,0.35,-0.1,,,9.447222222,1.2333
263185,0.02,0.3,-0.1,,,9.461111111,1.2334
263195,-0.01,0.25,-0.08,,,9.475,1.2335
263205,-0.01,0.2,-0.08,34.16,1.2336,9.488888889,1.2336
263215,-0.01,0.15,-0.06,,,9.484722222,1.233675
263225,0,0.11,-0.05,,,9.480555556,1.23375
263235,-0.01,0.09,-0.05,,,9.476388889,1.233825
263245,-0.04,0.06,-0.07,34.1,1.2339,9.472222222,1.2339
263255,-0.05,0.03,-0.08,,,9.497916667,1.234
263265,-0.03,0,-0.05,,,9.523611111,1.2341
263275,-0.01,-0.01,0.02,,,9.549305556,1.2342
263285,0.01,0,0.04,34.47,1.2343,9.575,1.2343
263295,0,-0.04,0.06,,,9.567361111,1.2344
263305,0.01,-0.06,0.04,,,9.559722222,1.2345
263315,0,-0.08,0.02,,,9.552083333,1.2346
263325,0.01,-0.1,0.06,34.36,1.2347,9.544444444,1.2347
263335,0.02,-0.13,0.09,,,9.514583333,1.2348
263345,0.02,-0.2,0.07,,,9.484722222,1.2349
263355,0.01,-0.25,0.06,,,9.454861111,1.235
263365,0.01,-0.3,0.03,33.93,1.2351,9.425,1.2351
263375,0,-0.33,-0.01,,,9.453472222,1.2352
263385,0,-0.39,-0.02,,,9.481944444,1.2353
263395,-0.02,-0.42,0.02,,,9.510416667,1.2354
263405,-0.01,-0.45,0.05,34.34,1.2355,9.538888889,1.2355
263415,-0.01,-0.47,0.03,,,9.54375,1.235575
263425,-0.01,-0.51,0.05,,,9.548611111,1.23565
263435,-0.02,-0.55,0.05,,,9.553472222,1.235725
263445,-0.02,-0.59,0.03,34.41,1.2358,9.558333333,1.2358
263455,-0.04,-0.61,0.01,,,9.564583333,1.2359
263465,-0.05,-0.63,-0.01,,,9.570833333,1.236
263475,-0.05,-0.69,-0.01,,,9.577083333,1.2361
263485,-0.06,-0.74,0.02,34.5,1.2362,9.583333333,1.2362
263495,-0.07,-0.78,0.06,,,9.56875,1.2363
263505,-0.07,-0.83,0.06,,,9.554166667,1.2364
263515,-0.06,-0.84,0.06,,,9.539583333,1.2365
263525,-0.05,-0.87,0.08,34.29,1.2366,9.525,1.2366
263535,-0.05,-0.9,0.05,,,9.516666667,1.2367
263545,-0.05,-0.93,0.05,,,9.508333333,1.2368
263555,-0.04,-0.94,0.06,,,9.5,1.2369
263565,-0.02,-0.91,0.09,34.17,1.237,9.491666667,1.237
263575,0,-0.91,0.12,,,9.5,1.2371
263585,0.02,-0.93,0.13,,,9.508333333,1.2372
263595,0.01,-0.99,0.11,,,9.516666667,1.2373
263605,0.02,-1.01,0.07,34.29,1.2374,9.525,1.2374
263615,0,-1.02,0.02,,,9.525694444,1.237475
263625,-0.01,-1.01,0.01,,,9.526388889,1.23755
263635,-0.03,-1.04,-0.1,,,9.527083333,1.237625
263645,-0.03,-1.07,-0.07,34.3,1.2377,9.527777778,1.2377
263655,-0.03,-1.1,-0.05,,,9.50625,1.2378
263665,-0.02,-1.13,-0.02,,,9.484722222,1.2379
263675,-0.03,-1.14,-0.03,,,9.463194444,1.238
263685,-0.05,-1.14,-0.04,33.99,1.2381,9.441666667,1.2381
263695,-0.07,-1.13,-0.04,,,9.455555556,1.2382
263705,-0.08,-1.14,0,,,9.469444444,1.2383
263715,-0.07,-1.15,0.08,,,9.483333333,1.2384
263725,-0.06,-1.14,0.12,34.19,1.2385,9.497222222,1.2385
263735,-0.07,-1.15,0.13,,,9.505555556,1.2386
263745,-0.07,-1.19,0.08,,,9.513888889,1.2387
263755,-0.07,-1.22,0.05,,,9.522222222,1.2388
263765,-0.07,-1.23,0.05,34.31,1.2389,9.530555556,1.2389
263775,-0.05,-1.22,0.09,,,9.515972222,1.239
263785,-0.04,-1.21,0.13,,,9.501388889,1.2391
263795,-0.03,-1.22,0.14,,,9.486805556,1.2392
263805,-0.02,-1.22,0.1,34.1,1.2393,9.472222222,1.2393
263815,-0.01,-1.22,0.1,,,9.48125,1.239375
263825,0.02,-1.23,0.1,,,9.490277778,1.23945
263835,0.02,-1.24,0.09,,,9.499305556,1.239525
263845,0.01,-1.25,0.04,34.23,1.2396,9.508333333,1.2396
263855,-0.01,-1.26,0.03,,,9.484722222,1.2397
263865,-0.03,-1.27,0.04,,,9.461111111,1.2398
263875,-0.04,-1.27,0.06,,,9.4375,1.2399
263885,-0.04,-1.29,0.09,33.89,1.24,9.413888889,1.24
263895,-0.03,-1.29,0.1,,,9.407638889,1.2401
263905,-0.03,-1.29,0.08,,,9.401388889,1.2402
263915,-0.02,-1.27,0.07,,,9.395138889,1.2403
263925,-0.02,-1.28,0.04,33.8,1.2404,9.388888889,1.2404
263935,-0.03,-1.27,0.05,,,9.395138889,1.2405
263945,-0.02,-1.24,0.06,,,9.401388889,1.2406
263955,0,-1.22,0.1,,,9.407638889,1.2407
263965,0.04,-1.24,0.07,33.89,1.2408,9.413888889,1.2408
263975,0.06,-1.26,0.03,,,9.403472222,1.240875
263985,0.07,-1.26,0,,,9.393055556,1.24095
263995,0.07,-1.25,-0.03,,,9.382638889,1.241025
264005,0.07,-1.23,-0.08,33.74,1.2411,9.372222222,1.2411
264015,0.1,-1.21,-0.08,,,9.35625,1.2412
264025,0.13,-1.16,-0.06,,,9.340277778,1.2413
264035,0.14,-1.13,-0.07,,,9.324305556,1.2414
264045,0.15,-1.08,-0.07,33.51,1.2415,9.308333333,1.2415
264055,0.15,-1.05,-0.07,,,9.329861111,1.2416
264065,0.14,-1.02,-0.09,,,9.351388889,1.2417
264075,0.13,-1.04,-0.11,,,9.372916667,1.2418
264085,0.15,-1.07,-0.13,33.82,1.2419,9.394444444,1.2419
264095,0.17,-1.09,-0.16,,,9.398611111,1.242
264105,0.17,-1.06,-0.19,,,9.402777778,1.2421
264115,0.15,-1.04,-0.2,,,9.406944444,1.2422
264125,0.13,-1.01,-0.21,33.88,1.2423,9.411111111,1.2423
264135,0.1,-1.02,-0.21,,,9.449305556,1.2424
264145,0.09,-0.99,-0.19,,,9.4875,1.2425
264155,0.09,-0.99,-0.17,,,9.525694444,1.2426
264165,0.11,-0.97,-0.17,34.43,1.2427,9.563888889,1.2427
264175,0.12,-0.94,-0.17,,,9.584027778,1.242775
264185,0.12,-0.86,-0.17,,,9.604166667,1.24285
264195,0.11,-0.78,-0.17,,,9.624305556,1.242925
264205,0.12,-0.71,-0.15,34.72,1.243,9.644444444,1.243
264215,0.14,-0.68,-0.13,,,9.661805556,1.2431
264225,0.13,-0.67,-0.11,,,9.679166667,1.2432
264235,0.12,-0.69,-0.11,,,9.696527778,1.2433
264245,0.11,-0.69,-0.11,34.97,1.2434,9.713888889,1.2434
264255,0.11,-0.65,-0.11,,,9.732638889,1.2435
264265,0.12,-0.6,-0.11,,,9.751388889,1.2436
264275,0.12,-0.56,-0.12,,,9.770138889,1.2437
264285,0.11,-0.55,-0.12,35.24,1.2438,9.788888889,1.2438
264295,0.09,-0.51,-0.11,,,9.808333333,1.2439
264305,0.1,-0.46,-0.13,,,9.827777778,1.244
264315,0.1,-0.38,-0.14,,,9.847222222,1.2441
264325,0.13,-0.36,-0.14,35.52,1.2442,9.866666667,1.2442
264335,0.14,-0.32,-0.13,,,9.861805556,1.2443
264345,0.15,-0.31,-0.15,,,9.856944444,1.2444
264355,0.15,-0.3,-0.17,,,9.852083333,1.2445
264365,0.14,-0.32,-0.17,35.45,1.2446,9.847222222,1.2446
264375,0.13,-0.28,-0.14,,,9.864583333,1.2447
264385,0.1,-0.22,-0.08,,,9.881944444,1.2448
264395,0.07,-0.16,-0.04,,,9.899305556,1.2449
264405,0.04,-0.14,-0.03,35.7,1.245,9.916666667,1.245
264415,0,-0.13,-0.02,,,9.940277778,1.2451
264425,-0.03,-0.1,0.01,,,9.963888889,1.2452
264435,-0.07,-0.03,0.06,,,9.9875,1.2453
264445,-0.11,0.03,0.03,36.04,1.2454,10.01111111,1.2454
264455,-0.14,0.07,0.06,,,9.993055556,1.2455
264465,-0.13,0.11,0.07,,,9.975,1.2456
264475,-0.1,0.13,0.09,,,9.956944444,1.2457
264485,-0.07,0.16,0.07,35.78,1.2458,9.938888889,1.2458
264495,-0.05,0.19,0.09,,,9.909722222,1.2459
264505,-0.03,0.21,0.08,,,9.880555556,1.246
264515,-0.02,0.22,0.08,,,9.851388889,1.2461
264525,-0.01,0.26,0.17,35.36,1.2462,9.822222222,1.2462
264535,-0.01,0.35,0.19,,,9.824305556,1.2463
264545,-0.03,0.45,0.22,,,9.826388889,1.2464
264555,-0.05,0.54,0.21,,,9.828472222,1.2465
264565,-0.06,0.61,0.18,35.39,1.2466,9.830555556,1.2466
264575,-0.06,0.64,0.14,,,9.8375,1.2467
264585,-0.08,0.67,0.15,,,9.844444444,1.2468
264595,-0.1,0.66,0.18,,,9.851388889,1.2469
264605,-0.1,0.68,0.18,35.49,1.247,9.858333333,1.247
264615,-0.08,0.7,0.16,,,9.841666667,1.2471
264625,-0.07,0.71,0.13,,,9.825,1.2472
264635,-0.06,0.74,0.12,,,9.808333333,1.2473
264645,-0.04,0.77,0.12,35.25,1.2474,9.791666667,1.2474
264655,-0.02,0.79,0.12,,,9.792361111,1.2475
264665,-0.01,0.78,0.12,,,9.793055556,1.2476
264675,-0.01,0.79,0.14,,,9.79375,1.2477
264685,-0.02,0.82,0.17,35.26,1.2478,9.794444444,1.2478
264695,-0.03,0.85,0.24,,,9.814583333,1.2479
264705,-0.03,0.91,0.23,,,9.834722222,1.248
264715,-0.03,0.95,0.22,,,9.854861111,1.2481
264725,-0.02,0.98,0.21,35.55,1.2482,9.875,1.2482
264735,-0.02,0.98,0.21,,,9.863194444,1.2483
264745,-0.02,0.96,0.21,,,9.851388889,1.2484
264755,0,0.93,0.2,,,9.839583333,1.2485
264765,-0.01,0.95,0.19,35.38,1.2486,9.827777778,1.2486
264775,-0.03,0.98,0.17,,,9.80625,1.248675
264785,-0.06,1.04,0.16,,,9.784722222,1.24875
264795,-0.08,1.11,0.14,,,9.763194444,1.248825
264805,-0.09,1.14,0.15,35.07,1.2489,9.741666667,1.2489
264815,-0.08,1.17,0.17,,,9.725694444,1.249
264825,-0.07,1.19,0.18,,,9.709722222,1.2491
264835,-0.07,1.2,0.2,,,9.69375,1.2492
264845,-0.08,1.19,0.21,34.84,1.2493,9.677777778,1.2493
264855,-0.1,1.2,0.22,,,9.689583333,1.2494
264865,-0.09,1.18,0.2,,,9.701388889,1.2495
264875,-0.08,1.18,0.19,,,9.713194444,1.2496
264885,-0.07,1.17,0.2,35.01,1.2497,9.725,1.2497
264895,-0.07,1.19,0.19,,,9.718055556,1.2498
264905,-0.06,1.2,0.18,,,9.711111111,1.2499
264915,-0.07,1.22,0.17,,,9.704166667,1.25
264925,-0.08,1.23,0.17,34.91,1.2501,9.697222222,1.2501
264935,-0.08,1.26,0.18,,,9.675694444,1.2502
264945,-0.1,1.26,0.19,,,9.654166667,1.2503
264955,-0.09,1.28,0.18,,,9.632638889,1.2504
264965,-0.09,1.3,0.15,34.6,1.2505,9.611111111,1.2505
264975,-0.08,1.32,0.17,,,9.573611111,1.2506
264985,-0.08,1.3,0.16,,,9.536111111,1.2507
264995,-0.08,1.29,0.17,,,9.498611111,1.2508
265005,-0.07,1.27,0.17,34.06,1.2509,9.461111111,1.2509
265015,-0.05,1.25,0.17,,,9.447222222,1.251
265025,-0.04,1.23,0.17,,,9.433333333,1.2511
265035,-0.05,1.24,0.18,,,9.419444444,1.2512
265045,-0.03,1.24,0.18,33.86,1.2513,9.405555556,1.2513
265055,-0.03,1.25,0.18,,,9.395138889,1.251375
265065,-0.04,1.25,0.19,,,9.384722222,1.25145
265075,-0.04,1.28,0.2,,,9.374305556,1.251525
265085,-0.04,1.25,0.2,33.71,1.2516,9.363888889,1.2516
265095,-0.02,1.22,0.2,,,9.347222222,1.2517
265105,-0.02,1.21,0.2,,,9.330555556,1.2518
265115,-0.02,1.2,0.21,,,9.313888889,1.2519
265125,-0.02,1.2,0.2,33.47,1.252,9.297222222,1.252
265135,-0.02,1.21,0.22,,,9.283333333,1.2521
265145,-0.02,1.23,0.24,,,9.269444444,1.2522
265155,-0.03,1.24,0.22,,,9.255555556,1.2523
265165,-0.04,1.24,0.22,33.27,1.2524,9.241666667,1.2524
265175,-0.05,1.21,0.23,,,9.234722222,1.252475
265185,-0.05,1.19,0.25,,,9.227777778,1.25255
265195,-0.06,1.2,0.26,,,9.220833333,1.252625
265205,-0.08,1.25,0.25,33.17,1.2527,9.213888889,1.2527
265215,-0.08,1.25,0.27,,,9.185416667,1.2528
265225,-0.08,1.25,0.24,,,9.156944444,1.2529
265235,-0.09,1.23,0.26,,,9.128472222,1.253
265245,-0.1,1.22,0.26,32.76,1.2531,9.1,1.2531
265255,-0.12,1.22,0.26,,,9.0875,1.2532
265265,-0.1,1.24,0.27,,,9.075,1.2533
265275,-0.1,1.26,0.25,,,9.0625,1.2534
265285,-0.09,1.26,0.31,32.58,1.2535,9.05,1.2535
265295,-0.08,1.26,0.28,,,9.008333333,1.253575
265305,-0.08,1.26,0.3,,,8.966666667,1.25365
265315,-0.09,1.25,0.25,,,8.925,1.253725
265325,-0.09,1.26,0.26,31.98,1.2538,8.883333333,1.2538
265335,-0.07,1.25,0.25,,,8.890972222,1.2539
265345,-0.05,1.26,0.24,,,8.898611111,1.254
265355,-0.05,1.25,0.23,,,8.90625,1.2541
265365,-0.05,1.25,0.22,32.09,1.2542,8.913888889,1.2542
265375,-0.05,1.25,0.21,,,8.886111111,1.254275
265385,-0.04,1.25,0.2,,,8.858333333,1.25435
265395,-0.05,1.25,0.21,,,8.830555556,1.254425
265405,-0.06,1.26,0.2,31.69,1.2545,8.802777778,1.2545
265415,-0.07,1.31,0.21,,,8.81875,1.2546
265425,-0.08,1.34,0.21,,,8.834722222,1.2547
265435,-0.09,1.33,0.22,,,8.850694444,1.2548
265445,-0.11,1.31,0.2,31.92,1.2549,8.866666667,1.2549
265455,-0.09,1.28,0.22,,,8.839583333,1.254975
265465,-0.08,1.27,0.22,,,8.8125,1.25505
265475,-0.1,1.24,0.19,,,8.785416667,1.255125
265485,-0.09,1.27,0.19,31.53,1.2552,8.758333333,1.2552
265495,-0.07,1.26,0.2,,,8.713888889,1.2553
265505,-0.04,1.26,0.17,,,8.669444444,1.2554
265515,-0.02,1.21,0.19,,,8.625,1.2555
265525,0.02,1.17,0.13,30.89,1.2556,8.580555556,1.2556
265535,0.04,1.15,0.09,,,8.582638889,1.255675
265545,0.04,1.16,0.09,,,8.584722222,1.25575
265555,0.06,1.16,0.08,,,8.586805556,1.255825
265565,0.09,1.18,0.03,30.92,1.2559,8.588888889,1.2559
265575,0.1,1.18,-0.04,,,8.608333333,1.256
265585,0.1,1.19,-0.1,,,8.627777778,1.2561
265595,0.09,1.2,-0.1,,,8.647222222,1.2562
265605,0.1,1.23,-0.06,31.2,1.2563,8.666666667,1.2563
265615,0.1,1.27,-0.05,,,8.677777778,1.256375
265625,0.09,1.29,-0.05,,,8.688888889,1.25645
265635,0.1,1.26,-0.06,,,8.7,1.256525
265645,0.12,1.26,-0.04,31.36,1.2566,8.711111111,1.2566
265655,0.14,1.23,-0.06,,,8.716666667,1.2567
265665,0.14,1.23,-0.09,,,8.722222222,1.2568
265675,0.13,1.22,-0.12,,,8.727777778,1.2569
265685,0.12,1.21,-0.13,31.44,1.257,8.733333333,1.257
265695,0.12,1.22,-0.12,,,8.708333333,1.257075
265705,0.14,1.22,-0.14,,,8.683333333,1.25715
265715,0.14,1.25,-0.16,,,8.658333333,1.257225
265725,0.15,1.23,-0.18,31.08,1.2573,8.633333333,1.2573
265735,0.14,1.21,-0.2,,,8.670833333,1.2574
265745,0.14,1.17,-0.17,,,8.708333333,1.2575
265755,0.17,1.15,-0.12,,,8.745833333,1.2576
265765,0.19,1.12,-0.1,31.62,1.2577,8.783333333,1.2577
265775,0.2,1.1,-0.11,,,8.803472222,1.257775
265785,0.19,1.1,-0.13,,,8.823611111,1.25785
265795,0.17,1.1,-0.14,,,8.84375,1.257925
265805,0.17,1.08,-0.15,31.91,1.258,8.863888889,1.258
265815,0.17,1.1,-0.14,,,8.882638889,1.2581
265825,0.17,1.13,-0.16,,,8.901388889,1.2582
265835,0.17,1.16,-0.18,,,8.920138889,1.2583
265845,0.2,1.14,-0.23,32.18,1.2584,8.938888889,1.2584
265855,0.23,1.1,-0.26,,,8.9625,1.258475
265865,0.24,1.05,-0.28,,,8.986111111,1.25855
265875,0.25,1.03,-0.3,,,9.009722222,1.258625
265885,0.26,1.02,-0.32,32.52,1.2587,9.033333333,1.2587
265895,0.24,1.05,-0.32,,,9.025,1.2588
265905,0.22,1.09,-0.34,,,9.016666667,1.2589
265915,0.23,1.1,-0.37,,,9.008333333,1.259
265925,0.24,1.05,-0.38,32.4,1.2591,9,1.2591
265935,0.26,1.04,-0.4,,,9.020833333,1.2592
265945,0.26,1,-0.38,,,9.041666667,1.2593
265955,0.26,0.98,-0.38,,,9.0625,1.2594
265965,0.26,0.96,-0.4,32.7,1.2595,9.083333333,1.2595
265975,0.26,0.96,-0.36,,,9.107638889,1.259575
265985,0.25,0.97,-0.33,,,9.131944444,1.25965
265995,0.22,0.96,-0.33,,,9.15625,1.259725
266005,0.18,0.96,-0.36,33.05,1.2598,9.180555556,1.2598
266015,0.19,0.9,-0.38,,,9.251388889,1.2599
266025,0.2,0.83,-0.36,,,9.322222222,1.26
266035,0.2,0.76,-0.33,,,9.393055556,1.2601
266045,0.19,0.71,-0.33,34.07,1.2602,9.463888889,1.2602
266055,0.18,0.66,-0.33,,,9.484027778,1.2603
266065,0.16,0.66,-0.33,,,9.504166667,1.2604
266075,0.15,0.65,-0.3,,,9.524305556,1.2605
266085,0.15,0.65,-0.31,34.36,1.2606,9.544444444,1.2606
266095,0.17,0.64,-0.32,,,9.600694444,1.2607
266105,0.2,0.64,-0.26,,,9.656944444,1.2608
266115,0.21,0.63,-0.22,,,9.713194444,1.2609
266125,0.21,0.63,-0.25,35.17,1.261,9.769444444,1.261
266135,0.2,0.64,-0.25,,,9.790972222,1.2611
266145,0.2,0.66,-0.29,,,9.8125,1.2612
266155,0.23,0.69,-0.32,,,9.834027778,1.2613
266165,0.26,0.7,-0.32,35.48,1.2614,9.855555556,1.2614
266175,0.27,0.69,-0.29,,,9.889583333,1.2615
266185,0.26,0.73,-0.31,,,9.923611111,1.2616
266195,0.22,0.75,-0.3,,,9.957638889,1.2617
266205,0.19,0.79,-0.32,35.97,1.2618,9.991666667,1.2618
266215,0.21,0.83,-0.4,,,10.05138889,1.2619
266225,0.21,0.85,-0.33,,,10.11111111,1.262
266235,0.2,0.84,-0.32,,,10.17083333,1.2621
266245,0.19,0.84,-0.35,36.83,1.2622,10.23055556,1.2622
266255,0.23,0.88,-0.37,,,10.24861111,1.2623
266265,0.21,0.89,-0.28,,,10.26666667,1.2624
266275,0.21,0.89,-0.36,,,10.28472222,1.2625
266285,0.25,0.88,-0.34,37.09,1.2626,10.30277778,1.2626
266295,0.26,0.86,-0.15,,,10.34791667,1.2627
266305,0.29,0.86,-0.15,,,10.39305556,1.2628
266315,0.27,0.84,-0.12,,,10.43819444,1.2629
266325,0.28,0.86,-0.23,37.74,1.263,10.48333333,1.263
266335,0.25,0.87,-0.2,,,10.53125,1.2631
266345,0.29,0.91,-0.31,,,10.57916667,1.2632
266355,0.3,0.88,-0.19,,,10.62708333,1.2633
266365,0.28,0.9,-0.29,38.43,1.2634,10.675,1.2634
266375,0.27,0.96,-0.25,,,10.67569444,1.263525
266385,0.23,0.94,-0.21,,,10.67638889,1.26365
266395,0.25,1,-0.32,,,10.67708333,1.263775
266405,0.22,0.96,-0.23,38.44,1.2639,10.67777778,1.2639
266415,0.24,1.01,-0.32,,,10.70138889,1.264
266425,0.23,0.99,-0.24,,,10.725,1.2641
266435,0.23,0.99,-0.32,,,10.74861111,1.2642
266445,0.22,1,-0.3,38.78,1.2643,10.77222222,1.2643
266455,0.29,0.99,-0.33,,,10.80763889,1.2644
266465,0.28,0.95,-0.3,,,10.84305556,1.2645
266475,0.28,0.94,-0.34,,,10.87847222,1.2646
266485,0.28,0.93,-0.29,39.29,1.2647,10.91388889,1.2647
266495,0.33,0.9,-0.37,,,10.925,1.264825
266505,0.32,0.88,-0.28,,,10.93611111,1.26495
266515,0.32,0.85,-0.35,,,10.94722222,1.265075
266525,0.29,0.85,-0.29,39.45,1.2652,10.95833333,1.2652
266535,0.33,0.85,-0.37,,,11.00555556,1.2653
266545,0.29,0.84,-0.29,,,11.05277778,1.2654
266555,0.31,0.83,-0.39,,,11.1,1.2655
266565,0.33,0.79,-0.35,40.13,1.2656,11.14722222,1.2656
266575,0.37,0.79,-0.47,,,11.20486111,1.265725
266585,0.33,0.72,-0.38,,,11.2625,1.26585
266595,0.33,0.72,-0.46,,,11.32013889,1.265975
266605,0.32,0.69,-0.37,40.96,1.2661,11.37777778,1.2661
266615,0.31,0.69,-0.4,,,11.4375,1.2662
266625,0.36,0.62,-0.37,,,11.49722222,1.2663
266635,0.33,0.57,-0.34,,,11.55694444,1.2664
266645,0.34,0.58,-0.41,41.82,1.2665,11.61666667,1.2665
266655,0.37,0.52,-0.39,,,11.60486111,1.266625
266665,0.33,0.51,-0.42,,,11.59305556,1.26675
266675,0.26,0.59,-0.47,,,11.58125,1.266875
266685,0.33,0.62,-0.43,41.65,1.267,11.56944444,1.267
266695,0.4,0.56,-0.49,,,11.68333333,1.267125
266705,0.37,0.53,-0.54,,,11.79722222,1.26725
266715,0.33,0.55,-0.5,,,11.91111111,1.267375
266725,0.4,0.52,-0.4,43.29,1.2675,12.025,1.2675
266735,0.47,0.52,-0.48,,,12.04861111,1.2676
266745,0.5,0.52,-0.55,,,12.07222222,1.2677
266755,0.43,0.5,-0.65,,,12.09583333,1.2678
266765,0.32,0.51,-0.66,43.63,1.2679,12.11944444,1.2679
266775,0.22,0.54,-0.58,,,12.15833333,1.268025
266785,0.2,0.58,-0.49,,,12.19722222,1.26815
266795,0.23,0.62,-0.4,,,12.23611111,1.268275
266805,0.33,0.66,-0.36,44.19,1.2684,12.275,1.2684
266815,0.44,0.61,-0.32,,,12.34444444,1.268525
266825,0.52,0.59,-0.3,,,12.41388889,1.26865
266835,0.57,0.62,-0.29,,,12.48333333,1.268775
266845,0.63,0.63,-0.26,45.19,1.2689,12.55277778,1.2689
266855,0.7,0.65,-0.26,,,12.60486111,1.269025
266865,0.73,0.68,-0.22,,,12.65694444,1.26915
266875,0.67,0.73,-0.21,,,12.70902778,1.269275
266885,0.57,0.73,-0.13,45.94,1.2694,12.76111111,1.2694
266895,0.45,0.74,-0.06,,,12.825,1.26955
266905,0.34,0.74,0.02,,,12.88888889,1.2697
266915,0.25,0.76,0.12,,,12.95277778,1.26985
266925,0.18,0.78,0.12,46.86,1.27,13.01666667,1.27
266935,0.11,0.75,0.15,,,13.07777778,1.270125
266945,0.04,0.76,0.21,,,13.13888889,1.27025
266955,0.02,0.78,0.26,,,13.2,1.270375
266965,-0.04,0.74,0.3,47.74,1.2705,13.26111111,1.2705
266975,-0.05,0.75,0.23,,,13.28472222,1.270625
266985,0.01,0.73,0.09,,,13.30833333,1.27075
266995,0.11,0.7,-0.05,,,13.33194444,1.270875
267005,0.23,0.7,-0.15,48.08,1.271,13.35555556,1.271
267015,0.27,0.72,-0.15,,,13.35138889,1.271125
267025,0.25,0.7,-0.09,,,13.34722222,1.27125
267035,0.2,0.7,0.04,,,13.34305556,1.271375
267045,0.17,0.65,0.07,48.02,1.2715,13.33888889,1.2715
267055,0.18,0.66,-0.05,,,13.375,1.27165
267065,0.25,0.68,-0.16,,,13.41111111,1.2718
267075,0.32,0.69,-0.21,,,13.44722222,1.27195
267085,0.29,0.69,-0.18,48.54,1.2721,13.48333333,1.2721
267095,0.24,0.7,-0.12,,,13.5375,1.272225
267105,0.24,0.67,-0.13,,,13.59166667,1.27235
267115,0.29,0.64,-0.16,,,13.64583333,1.272475
267125,0.26,0.63,-0.18,49.32,1.2726,13.7,1.2726
267135,0.19,0.6,-0.1,,,13.7,1.27275
267145,0.17,0.58,-0.11,,,13.7,1.2729
267155,0.21,0.66,-0.17,,,13.7,1.27305
267165,0.24,0.67,-0.16,49.32,1.2732,13.7,1.2732
267175,0.23,0.65,-0.17,,,13.77013889,1.273325
267185,0.27,0.62,-0.26,,,13.84027778,1.27345
267195,0.3,0.62,-0.28,,,13.91041667,1.273575
267205,0.23,0.64,-0.25,50.33,1.2737,13.98055556,1.2737
267215,0.21,0.64,-0.24,,,13.98680556,1.27385
267225,0.27,0.62,-0.26,,,13.99305556,1.274
267235,0.29,0.66,-0.29,,,13.99930556,1.27415
267245,0.25,0.66,-0.24,50.42,1.2743,14.00555556,1.2743
267255,0.21,0.71,-0.16,,,14.03680556,1.27445
267265,0.16,0.74,-0.1,,,14.06805556,1.2746
267275,0.13,0.75,-0.07,,,14.09930556,1.27475
267285,0.1,0.73,-0.06,50.87,1.2749,14.13055556,1.2749
267295,0.07,0.75,-0.05,,,14.1375,1.275025
267305,0.04,0.73,-0.03,,,14.14444444,1.27515
267315,0.02,0.74,-0.01,,,14.15138889,1.275275
267325,0.01,0.77,-0.01,50.97,1.2754,14.15833333,1.2754
267335,0.02,0.8,0.01,,,14.13263889,1.27555
267345,0.03,0.83,0.01,,,14.10694444,1.2757
267355,0.03,0.88,0.03,,,14.08125,1.27585
267365,0.05,0.84,0.03,50.6,1.276,14.05555556,1.276
267375,0.06,0.86,0.07,,,14.07361111,1.27615
267385,0.05,0.86,0.08,,,14.09166667,1.2763
267395,0.05,0.87,0.08,,,14.10972222,1.27645
267405,0.06,0.89,0.08,50.86,1.2766,14.12777778,1.2766
267415,0.08,0.91,0.09,,,14.10694444,1.276725
267425,0.07,0.93,0.1,,,14.08611111,1.27685
267435,0.07,1.01,0.11,,,14.06527778,1.276975
267445,0.06,1.02,0.12,50.56,1.2771,14.04444444,1.2771
267455,0.07,1.02,0.13,,,14.04513889,1.27725
267465,0.06,1.04,0.13,,,14.04583333,1.2774
267475,0.03,1.06,0.12,,,14.04652778,1.27755
267485,0.02,1.06,0.15,50.57,1.2777,14.04722222,1.2777
267495,0.01,1.09,0.14,,,14.02638889,1.277825
267505,0,1.1,0.15,,,14.00555556,1.27795
267515,0.02,1.13,0.14,,,13.98472222,1.278075
267525,0.02,1.13,0.12,50.27,1.2782,13.96388889,1.2782
267535,0.03,1.14,0.1,,,13.93958333,1.27835
267545,0.04,1.13,0.09,,,13.91527778,1.2785
267555,0.05,1.14,0.08,,,13.89097222,1.27865
267565,0.05,1.11,0.08,49.92,1.2788,13.86666667,1.2788
267575,0.04,1.11,0.07,,,13.85138889,1.278925
267585,0.01,1.14,0.06,,,13.83611111,1.27905
267595,0.01,1.14,0.07,,,13.82083333,1.279175
267605,0.01,1.16,0.09,49.7,1.2793,13.80555556,1.2793
267615,0.01,1.14,0.1,,,13.82083333,1.27945
267625,0.05,1.11,0.11,,,13.83611111,1.2796
267635,0.05,1.07,0.12,,,13.85138889,1.27975
267645,0.08,1.06,0.17,49.92,1.2799,13.86666667,1.2799
267655,0.09,1.05,0.17,,,13.83541667,1.280025
267665,0.09,1.05,0.24,,,13.80416667,1.28015
267675,0.07,1.05,0.26,,,13.77291667,1.280275
267685,0.06,1.02,0.33,49.47,1.2804,13.74166667,1.2804
267695,0.05,1.04,0.38,,,13.73819444,1.28055
267705,0.05,1.07,0.4,,,13.73472222,1.2807
267715,0.05,1.05,0.4,,,13.73125,1.28085
267725,0.05,1.01,0.37,49.42,1.281,13.72777778,1.281
267735,0.03,0.96,0.34,,,13.70486111,1.281125
267745,0.01,0.91,0.29,,,13.68194444,1.28125
267755,0,0.9,0.27,,,13.65902778,1.281375
267765,-0.03,0.93,0.21,49.09,1.2815,13.63611111,1.2815
267775,-0.06,0.92,0.19,,,13.62847222,1.28165
267785,-0.09,0.94,0.12,,,13.62083333,1.2818
267795,-0.11,0.94,0.05,,,13.61319444,1.28195
267805,-0.11,0.95,0,48.98,1.2821,13.60555556,1.2821
267815,-0.11,0.96,-0.02,,,13.56944444,1.282225
267825,-0.11,0.99,-0.02,,,13.53333333,1.28235
267835,-0.09,0.98,-0.01,,,13.49722222,1.282475
267845,-0.09,0.94,-0.03,48.46,1.2826,13.46111111,1.2826
267855,-0.09,0.9,-0.04,,,13.4625,1.28275
267865,-0.09,0.87,-0.08,,,13.46388889,1.2829
267875,-0.1,0.89,-0.08,,,13.46527778,1.28305
267885,-0.11,0.95,-0.09,48.48,1.2832,13.46666667,1.2832
267895,-0.11,0.97,-0.09,,,13.45625,1.283325
267905,-0.11,1,-0.08,,,13.44583333,1.28345
267915,-0.11,0.99,-0.11,,,13.43541667,1.283575
267925,-0.1,0.96,-0.12,48.33,1.2837,13.425,1.2837
267935,-0.08,0.95,-0.14,,,13.42222222,1.283825
267945,-0.08,0.99,-0.13,,,13.41944444,1.28395
267955,-0.06,0.98,-0.11,,,13.41666667,1.284075
267965,-0.06,0.96,-0.11,48.29,1.2842,13.41388889,1.2842
267975,-0.07,0.97,-0.09,,,13.38819444,1.28435
267985,-0.07,0.96,-0.07,,,13.3625,1.2845
267995,-0.07,0.97,-0.07,,,13.33680556,1.28465
268005,-0.06,1.02,-0.07,47.92,1.2848,13.31111111,1.2848
268015,-0.05,1.05,-0.05,,,13.29236111,1.284925
268025,-0.04,1.07,-0.02,,,13.27361111,1.28505
268035,-0.03,1.08,0.03,,,13.25486111,1.285175
268045,-0.04,1.06,0.04,47.65,1.2853,13.23611111,1.2853
268055,-0.04,1.06,0.06,,,13.24027778,1.285425
268065,-0.03,1.1,0.05,,,13.24444444,1.28555
268075,-0.04,1.11,0.07,,,13.24861111,1.285675
268085,-0.02,1.12,0.04,47.71,1.2858,13.25277778,1.2858
268095,-0.02,1.12,0.03,,,13.23819444,1.28595
268105,-0.01,1.08,0.05,,,13.22361111,1.2861
268115,0.01,1.06,0.08,,,13.20902778,1.28625
268125,0,1.06,0.11,47.5,1.2864,13.19444444,1.2864
268135,0,1.07,0.16,,,13.1875,1.286525
268145,-0.01,1.07,0.18,,,13.18055556,1.28665
268155,-0.03,1.08,0.15,,,13.17361111,1.286775
268165,-0.04,1.11,0.15,47.4,1.2869,13.16666667,1.2869
268175,-0.01,1.13,0.14,,,13.15347222,1.287025
268185,-0.01,1.14,0.18,,,13.14027778,1.28715
268195,-0.02,1.15,0.19,,,13.12708333,1.287275
268205,-0.03,1.15,0.24,47.21,1.2874,13.11388889,1.2874
268215,-0.02,1.17,0.23,,,13.06944444,1.287525
268225,-0.01,1.23,0.23,,,13.025,1.28765
268235,-0.01,1.26,0.22,,,12.98055556,1.287775
268245,-0.01,1.32,0.21,46.57,1.2879,12.93611111,1.2879
268255,-0.02,1.35,0.2,,,12.94722222,1.28805
268265,-0.04,1.38,0.22,,,12.95833333,1.2882
268275,-0.06,1.4,0.21,,,12.96944444,1.28835
268285,-0.07,1.41,0.19,46.73,1.2885,12.98055556,1.2885
268295,-0.06,1.38,0.18,,,12.95763889,1.288625
268305,-0.05,1.4,0.16,,,12.93472222,1.28875
268315,-0.03,1.42,0.14,,,12.91180556,1.288875
268325,0,1.4,0.12,46.4,1.289,12.88888889,1.289
268335,0.01,1.39,0.1,,,12.87013889,1.289125
268345,-0.04,1.44,0.1,,,12.85138889,1.28925
268355,-0.06,1.54,0.11,,,12.83263889,1.289375
268365,-0.05,1.52,0.12,46.13,1.2895,12.81388889,1.2895
268375,-0.02,1.51,0.11,,,12.78611111,1.289625
268385,-0.02,1.46,0.1,,,12.75833333,1.28975
268395,-0.01,1.45,0.11,,,12.73055556,1.289875
268405,0,1.4,0.11,45.73,1.29,12.70277778,1.29
268415,0.03,1.38,0.1,,,12.65625,1.290125
268425,0.01,1.31,0.08,,,12.60972222,1.29025
268435,0.01,1.3,0.1,,,12.56319444,1.290375
268445,0.03,1.28,0.11,45.06,1.2905,12.51666667,1.2905
268455,0.04,1.26,0.12,,,12.50347222,1.290625
268465,0.05,1.25,0.11,,,12.49027778,1.29075
268475,0.05,1.27,0.14,,,12.47708333,1.290875
268485,0.04,1.26,0.1,44.87,1.291,12.46388889,1.291
268495,0.02,1.26,0.07,,,12.43611111,1.291125
268505,0.02,1.27,0.07,,,12.40833333,1.29125
268515,0.01,1.31,0.06,,,12.38055556,1.291375
268525,0.01,1.32,0.07,44.47,1.2915,12.35277778,1.2915
268535,0.02,1.28,0.1,,,12.34652778,1.291625
268545,0.02,1.26,0.07,,,12.34027778,1.29175
268555,0,1.24,0.1,,,12.33402778,1.291875
268565,0,1.2,0.1,44.38,1.292,12.32777778,1.292
268575,-0.02,1.18,0.11,,,12.31944444,1.292125
268585,-0.01,1.05,0.12,,,12.31111111,1.29225
268595,-0.01,1,0.13,,,12.30277778,1.292375
268605,-0.04,0.92,0.16,44.26,1.2925,12.29444444,1.2925
268615,-0.04,0.89,0.17,,,12.25,1.292625
268625,-0.05,0.85,0.16,,,12.20555556,1.29275
268635,-0.05,0.83,0.19,,,12.16111111,1.292875
268645,-0.05,0.84,0.18,43.62,1.293,12.11666667,1.293
268655,-0.05,0.79,0.23,,,12.08333333,1.2931
268665,-0.06,0.73,0.24,,,12.05,1.2932
268675,-0.09,0.63,0.27,,,12.01666667,1.2933
268685,-0.11,0.54,0.29,43.14,1.2934,11.98333333,1.2934
268695,-0.14,0.41,0.29,,,11.95555556,1.293525
268705,-0.17,0.28,0.3,,,11.92777778,1.29365
268715,-0.2,0.19,0.31,,,11.9,1.293775
268725,-0.21,0.14,0.32,42.74,1.2939,11.87222222,1.2939
268735,-0.23,0.12,0.3,,,11.82291667,1.294025
268745,-0.24,0.09,0.31,,,11.77361111,1.29415
268755,-0.25,0.05,0.29,,,11.72430556,1.294275
268765,-0.27,-0.01,0.27,42.03,1.2944,11.675,1.2944
268775,-0.28,-0.07,0.29,,,11.64652778,1.2945
268785,-0.29,-0.1,0.33,,,11.61805556,1.2946
268795,-0.32,-0.14,0.33,,,11.58958333,1.2947
268805,-0.35,-0.24,0.41,41.62,1.2948,11.56111111,1.2948
268815,-0.37,-0.33,0.43,,,11.50833333,1.294925
268825,-0.38,-0.44,0.44,,,11.45555556,1.29505
268835,-0.36,-0.48,0.45,,,11.40277778,1.295175
268845,-0.35,-0.53,0.51,40.86,1.2953,11.35,1.2953
268855,-0.33,-0.54,0.57,,,11.26111111,1.2954
268865,-0.29,-0.5,0.54,,,11.17222222,1.2955
268875,-0.3,-0.52,0.52,,,11.08333333,1.2956
268885,-0.32,-0.53,0.55,39.58,1.2957,10.99444444,1.2957
268895,-0.38,-0.63,0.54,,,10.93472222,1.295825
268905,-0.38,-0.71,0.52,,,10.875,1.29595
268915,-0.37,-0.75,0.51,,,10.81527778,1.296075
268925,-0.37,-0.75,0.55,38.72,1.2962,10.75555556,1.2962
268935,-0.38,-0.73,0.57,,,10.69444444,1.2963
268945,-0.39,-0.71,0.61,,,10.63333333,1.2964
268955,-0.4,-0.81,0.58,,,10.57222222,1.2965
268965,-0.38,-0.83,0.56,37.84,1.2966,10.51111111,1.2966
268975,-0.36,-0.91,0.55,,,10.43333333,1.2967
268985,-0.32,-0.92,0.52,,,10.35555556,1.2968
268995,-0.28,-0.99,0.52,,,10.27777778,1.2969
269005,-0.29,-0.96,0.57,36.72,1.297,10.2,1.297
269015,-0.33,-0.95,0.61,,,10.14236111,1.2971
269025,-0.36,-0.9,0.59,,,10.08472222,1.2972
269035,-0.36,-0.9,0.63,,,10.02708333,1.2973
269045,-0.36,-0.88,0.59,35.89,1.2974,9.969444444,1.2974
269055,-0.38,-0.94,0.51,,,9.907638889,1.2975
269065,-0.38,-1,0.51,,,9.845833333,1.2976
269075,-0.36,-1.03,0.5,,,9.784027778,1.2977
269085,-0.34,-0.99,0.55,35,1.2978,9.722222222,1.2978
269095,-0.3,-1.02,0.52,,,9.638194444,1.2979
269105,-0.28,-1.01,0.52,,,9.554166667,1.298
269115,-0.26,-1.02,0.44,,,9.470138889,1.2981
269125,-0.26,-0.97,0.4,33.79,1.2982,9.386111111,1.2982
269135,-0.27,-0.98,0.42,,,9.341666667,1.2983
269145,-0.28,-1.03,0.44,,,9.297222222,1.2984
269155,-0.28,-1.08,0.39,,,9.252777778,1.2985
269165,-0.28,-1.15,0.37,33.15,1.2986,9.208333333,1.2986
269175,-0.28,-1.2,0.41,,,9.154166667,1.298675
269185,-0.26,-1.21,0.39,,,9.1,1.29875
269195,-0.23,-1.21,0.41,,,9.045833333,1.298825
269205,-0.21,-1.16,0.38,32.37,1.2989,8.991666667,1.2989
269215,-0.2,-1.16,0.4,,,8.939583333,1.299
269225,-0.2,-1.16,0.38,,,8.8875,1.2991
269235,-0.19,-1.18,0.35,,,8.835416667,1.2992
269245,-0.18,-1.17,0.32,31.62,1.2993,8.783333333,1.2993
269255,-0.18,-1.18,0.37,,,8.759722222,1.299375
269265,-0.18,-1.18,0.36,,,8.736111111,1.29945
269275,-0.18,-1.21,0.38,,,8.7125,1.299525
269285,-0.15,-1.19,0.35,31.28,1.2996,8.688888889,1.2996
269295,-0.13,-1.15,0.31,,,8.647916667,1.2997
269305,-0.11,-1.15,0.21,,,8.606944444,1.2998
269315,-0.14,-1.17,0.13,,,8.565972222,1.2999
269325,-0.09,-1.22,0.15,30.69,1.3,8.525,1.3
269335,-0.05,-1.19,0.11,,,8.473611111,1.300075
269345,-0.05,-1.18,0.05,,,8.422222222,1.30015
269355,-0.06,-1.17,0.02,,,8.370833333,1.300225
269365,-0.05,-1.14,0.04,29.95,1.3003,8.319444444,1.3003
269375,-0.06,-1.17,-0.01,,,8.344444444,1.300375
269385,-0.07,-1.18,-0.03,,,8.369444444,1.30045
269395,-0.08,-1.21,-0.04,,,8.394444444,1.300525
269405,-0.08,-1.22,-0.03,30.31,1.3006,8.419444444,1.3006
269415,-0.06,-1.22,0.01,,,8.429861111,1.3007
269425,-0.02,-1.2,0.01,,,8.440277778,1.3008
269435,0.01,-1.18,-0.02,,,8.450694444,1.3009
269445,0.04,-1.15,-0.06,30.46,1.301,8.461111111,1.301
269455,0.06,-1.15,-0.12,,,8.425694444,1.301075
269465,0.09,-1.14,-0.12,,,8.390277778,1.30115
269475,0.12,-1.12,-0.15,,,8.354861111,1.301225
269485,0.15,-1.09,-0.17,29.95,1.3013,8.319444444,1.3013
269495,0.17,-1.05,-0.2,,,8.382638889,1.301375
269505,0.18,-1.02,-0.21,,,8.445833333,1.30145
269515,0.21,-0.99,-0.22,,,8.509027778,1.301525
269525,0.21,-1,-0.23,30.86,1.3016,8.572222222,1.3016
269535,0.2,-1.04,-0.24,,,8.596527778,1.3017
269545,0.16,-1.09,-0.22,,,8.620833333,1.3018
269555,0.14,-1.12,-0.19,,,8.645138889,1.3019
269565,0.12,-1.15,-0.17,31.21,1.302,8.669444444,1.302
269575,0.11,-1.19,-0.19,,,8.713194444,1.302075
269585,0.11,-1.19,-0.18,,,8.756944444,1.30215
269595,0.13,-1.19,-0.17,,,8.800694444,1.302225
269605,0.13,-1.18,-0.17,31.84,1.3023,8.844444444,1.3023
269615,0.11,-1.18,-0.11,,,8.802777778,1.3024
269625,0.1,-1.17,-0.07,,,8.761111111,1.3025
269635,0.09,-1.17,-0.05,,,8.719444444,1.3026
269645,0.08,-1.14,-0.02,31.24,1.3027,8.677777778,1.3027
269655,0.08,-1.14,0,,,8.738888889,1.302775
269665,0.07,-1.13,-0.01,,,8.8,1.30285
269675,0.05,-1.14,-0.03,,,8.861111111,1.302925
269685,0.06,-1.13,-0.02,32.12,1.303,8.922222222,1.303
269695,0.1,-1.12,-0.01,,,8.911805556,1.3031
269705,0.07,-1.14,-0.11,,,8.901388889,1.3032
269715,0.08,-1.14,-0.09,,,8.890972222,1.3033
269725,0.08,-1.14,-0.08,31.97,1.3034,8.880555556,1.3034
269735,0.07,-1.13,-0.18,,,8.886111111,1.3035
269745,0.07,-1.11,-0.29,,,8.891666667,1.3036
269755,0.08,-1.1,-0.26,,,8.897222222,1.3037
269765,0.05,-1.14,-0.29,32.05,1.3038,8.902777778,1.3038
269775,0.09,-1.13,-0.28,,,8.945138889,1.303875
269785,0.12,-1.14,-0.31,,,8.9875,1.30395
269795,0.12,-1.15,-0.26,,,9.029861111,1.304025
269805,0.11,-1.17,-0.24,32.66,1.3041,9.072222222,1.3041
269815,0.1,-1.17,-0.23,,,9.052777778,1.3042
269825,0.1,-1.19,-0.22,,,9.033333333,1.3043
269835,0.1,-1.21,-0.21,,,9.013888889,1.3044
269845,0.09,-1.2,-0.21,32.38,1.3045,8.994444444,1.3045
269855,0.08,-1.22,-0.21,,,9.027083333,1.304575
269865,0.09,-1.22,-0.21,,,9.059722222,1.30465
269875,0.1,-1.21,-0.22,,,9.092361111,1.304725
269885,0.1,-1.2,-0.2,32.85,1.3048,9.125,1.3048
269895,0.1,-1.17,-0.18,,,9.132638889,1.3049
269905,0.1,-1.13,-0.16,,,9.140277778,1.305
269915,0.12,-1.1,-0.17,,,9.147916667,1.3051
269925,0.11,-1.06,-0.16,32.96,1.3052,9.155555556,1.3052
269935,0.09,-1.05,-0.17,,,9.136111111,1.3053
269945,0.09,-1.05,-0.14,,,9.116666667,1.3054
269955,0.11,-1.03,-0.14,,,9.097222222,1.3055
269965,0.14,-1.01,-0.17,32.68,1.3056,9.077777778,1.3056
269975,0.18,-0.99,-0.2,,,9.1375,1.305675
269985,0.21,-0.96,-0.22,,,9.197222222,1.30575
269995,0.23,-0.94,-0.24,,,9.256944444,1.305825
270005,0.24,-0.92,-0.24,33.54,1.3059,9.316666667,1.3059
270015,0.24,-0.88,-0.24,,,9.352083333,1.306
270025,0.23,-0.88,-0.26,,,9.3875,1.3061
270035,0.24,-0.86,-0.3,,,9.422916667,1.3062
270045,0.24,-0.84,-0.32,34.05,1.3063,9.458333333,1.3063
270055,0.24,-0.84,-0.37,,,9.496527778,1.3064
270065,0.26,-0.85,-0.39,,,9.534722222,1.3065
270075,0.27,-0.84,-0.35,,,9.572916667,1.3066
270085,0.27,-0.86,-0.32,34.6,1.3067,9.611111111,1.3067
270095,0.27,-0.85,-0.41,,,9.652777778,1.3068
270105,0.29,-0.83,-0.51,,,9.694444444,1.3069
270115,0.29,-0.82,-0.47,,,9.736111111,1.307
270125,0.28,-0.84,-0.41,35.2,1.3071,9.777777778,1.3071
270135,0.27,-0.84,-0.42,,,9.842361111,1.3072
270145,0.29,-0.82,-0.41,,,9.906944444,1.3073
270155,0.31,-0.83,-0.38,,,9.971527778,1.3074
270165,0.35,-0.8,-0.4,36.13,1.3075,10.03611111,1.3075
270175,0.35,-0.77,-0.42,,,10.08680556,1.3076
270185,0.32,-0.83,-0.39,,,10.1375,1.3077
270195,0.34,-0.81,-0.4,,,10.18819444,1.3078
270205,0.31,-0.83,-0.45,36.86,1.3079,10.23888889,1.3079
270215,0.35,-0.81,-0.35,,,10.29722222,1.308
270225,0.39,-0.93,-0.38,,,10.35555556,1.3081
270235,0.42,-0.93,-0.44,,,10.41388889,1.3082
270245,0.4,-0.96,-0.45,37.7,1.3083,10.47222222,1.3083
270255,0.4,-0.89,-0.48,,,10.50208333,1.3084
270265,0.47,-0.9,-0.44,,,10.53194444,1.3085
270275,0.46,-0.87,-0.46,,,10.56180556,1.3086
270285,0.44,-0.89,-0.41,38.13,1.3087,10.59166667,1.3087
270295,0.38,-0.89,-0.42,,,10.65902778,1.308825
270305,0.43,-0.94,-0.23,,,10.72638889,1.30895
270315,0.49,-0.94,-0.31,,,10.79375,1.309075
270325,0.49,-0.9,-0.46,39.1,1.3092,10.86111111,1.3092
270335,0.51,-0.85,-0.38,,,10.89583333,1.3093
270345,0.47,-0.84,-0.56,,,10.93055556,1.3094
270355,0.41,-0.8,-0.56,,,10.96527778,1.3095
270365,0.42,-0.88,-0.43,39.6,1.3096,11,1.3096
270375,0.37,-0.92,-0.52,,,11.05555556,1.309725
270385,0.34,-0.84,-0.44,,,11.11111111,1.30985
270395,0.4,-0.83,-0.34,,,11.16666667,1.309975
270405,0.51,-0.85,-0.5,40.4,1.3101,11.22222222,1.3101
270415,0.48,-0.86,-0.69,,,11.30069444,1.3102
270425,0.46,-0.78,-0.62,,,11.37916667,1.3103
270435,0.55,-0.78,-0.53,,,11.45763889,1.3104
270445,0.5,-0.75,-0.64,41.53,1.3105,11.53611111,1.3105
270455,0.41,-0.6,-0.52,,,11.58333333,1.310625
270465,0.45,-0.51,-0.5,,,11.63055556,1.31075
270475,0.51,-0.48,-0.65,,,11.67777778,1.310875
270485,0.46,-0.47,-0.62,42.21,1.311,11.725,1.311
270495,0.42,-0.51,-0.43,,,11.79513889,1.311125
270505,0.47,-0.52,-0.36,,,11.86527778,1.31125
270515,0.5,-0.47,-0.48,,,11.93541667,1.311375
270525,0.44,-0.38,-0.65,43.22,1.3115,12.00555556,1.3115
270535,0.32,-0.29,-0.49,,,12.04375,1.3116
270545,0.28,-0.2,-0.28,,,12.08194444,1.3117
270555,0.36,-0.12,-0.28,,,12.12013889,1.3118
270565,0.45,-0.01,-0.45,43.77,1.3119,12.15833333,1.3119
270575,0.51,0.06,-0.61,,,12.25347222,1.312025
270585,0.54,0.05,-0.76,,,12.34861111,1.31215
270595,0.52,-0.03,-0.82,,,12.44375,1.312275
270605,0.49,-0.08,-0.83,45.14,1.3124,12.53888889,1.3124
270615,0.43,-0.12,-0.81,,,12.55069444,1.312525
270625,0.35,-0.12,-0.77,,,12.5625,1.31265
270635,0.25,-0.06,-0.68,,,12.57430556,1.312775
270645,0.16,0.02,-0.57,45.31,1.3129,12.58611111,1.3129
270655,0.17,0.02,-0.48,,,12.66527778,1.31305
270665,0.17,0.04,-0.47,,,12.74444444,1.3132
270675,0.21,0.12,-0.54,,,12.82361111,1.31335
270685,0.29,0.21,-0.63,46.45,1.3135,12.90277778,1.3135
270695,0.37,0.29,-0.73,,,12.9625,1.313625
270705,0.37,0.29,-0.73,,,13.02222222,1.31375
270715,0.34,0.33,-0.68,,,13.08194444,1.313875
270725,0.27,0.39,-0.57,47.31,1.314,13.14166667,1.314
270735,0.29,0.48,-0.57,,,13.22013889,1.314125
270745,0.3,0.54,-0.56,,,13.29861111,1.31425
270755,0.31,0.59,-0.57,,,13.37708333,1.314375
270765,0.24,0.61,-0.52,48.44,1.3145,13.45555556,1.3145
270775,0.27,0.65,-0.52,,,13.49861111,1.31465
270785,0.32,0.66,-0.47,,,13.54166667,1.3148
270795,0.35,0.63,-0.45,,,13.58472222,1.31495
270805,0.39,0.67,-0.46,49.06,1.3151,13.62777778,1.3151
270815,0.36,0.7,-0.5,,,13.66875,1.315225
270825,0.4,0.68,-0.5,,,13.70972222,1.31535
270835,0.38,0.71,-0.49,,,13.75069444,1.315475
270845,0.4,0.72,-0.46,49.65,1.3156,13.79166667,1.3156
270855,0.35,0.79,-0.42,,,13.86875,1.31575
270865,0.34,0.82,-0.46,,,13.94583333,1.3159
270875,0.35,0.83,-0.51,,,14.02291667,1.31605
270885,0.35,0.89,-0.54,50.76,1.3162,14.1,1.3162
270895,0.32,0.91,-0.51,,,14.10833333,1.316325
270905,0.34,0.89,-0.49,,,14.11666667,1.31645
270915,0.34,0.95,-0.55,,,14.125,1.316575
270925,0.31,0.97,-0.53,50.88,1.3167,14.13333333,1.3167
270935,0.31,0.96,-0.53,,,14.20069444,1.31685
270945,0.29,0.96,-0.55,,,14.26805556,1.317
270955,0.29,0.93,-0.59,,,14.33541667,1.31715
270965,0.31,0.91,-0.55,51.85,1.3173,14.40277778,1.3173
270975,0.33,0.84,-0.53,,,14.43472222,1.31745
270985,0.35,0.79,-0.55,,,14.46666667,1.3176
270995,0.34,0.79,-0.52,,,14.49861111,1.31775
271005,0.35,0.72,-0.5,52.31,1.3179,14.53055556,1.3179
271015,0.35,0.72,-0.47,,,14.60555556,1.31805
271025,0.36,0.7,-0.45,,,14.68055556,1.3182
271035,0.37,0.6,-0.45,,,14.75555556,1.31835
271045,0.38,0.57,-0.42,53.39,1.3185,14.83055556,1.3185
271055,0.36,0.55,-0.45,,,14.87291667,1.31865
271065,0.38,0.53,-0.44,,,14.91527778,1.3188
271075,0.38,0.54,-0.43,,,14.95763889,1.31895
271085,0.37,0.49,-0.41,54,1.3191,15,1.3191
271095,0.34,0.52,-0.39,,,15.03958333,1.31925
271105,0.35,0.52,-0.43,,,15.07916667,1.3194
271115,0.39,0.53,-0.42,,,15.11875,1.31955
271125,0.37,0.5,-0.43,54.57,1.3197,15.15833333,1.3197
271135,0.37,0.48,-0.45,,,15.22986111,1.31985
271145,0.36,0.5,-0.44,,,15.30138889,1.32
271155,0.37,0.58,-0.52,,,15.37291667,1.32015
271165,0.37,0.6,-0.53,55.6,1.3203,15.44444444,1.3203
271175,0.37,0.59,-0.48,,,15.48125,1.32045
271185,0.37,0.56,-0.46,,,15.51805556,1.3206
271195,0.36,0.59,-0.47,,,15.55486111,1.32075
271205,0.36,0.57,-0.51,56.13,1.3209,15.59166667,1.3209
271215,0.35,0.55,-0.51,,,15.66597222,1.321075
271225,0.35,0.53,-0.52,,,15.74027778,1.32125
271235,0.35,0.53,-0.49,,,15.81458333,1.321425
271245,0.38,0.54,-0.45,57.2,1.3216,15.88888889,1.3216
271255,0.42,0.48,-0.42,,,15.94027778,1.32175
271265,0.41,0.55,-0.43,,,15.99166667,1.3219
271275,0.37,0.54,-0.44,,,16.04305556,1.32205
271285,0.39,0.52,-0.43,57.94,1.3222,16.09444444,1.3222
271295,0.4,0.5,-0.42,,,16.14444444,1.322375
271305,0.42,0.46,-0.44,,,16.19444444,1.32255
271315,0.4,0.51,-0.44,,,16.24444444,1.322725
271325,0.39,0.47,-0.44,58.66,1.3229,16.29444444,1.3229
271335,0.41,0.47,-0.44,,,16.34583333,1.32305
271345,0.45,0.42,-0.41,,,16.39722222,1.3232
271355,0.45,0.42,-0.41,,,16.44861111,1.32335
271365,0.42,0.48,-0.44,59.4,1.3235,16.5,1.3235
271375,0.42,0.49,-0.46,,,16.55277778,1.323675
271385,0.43,0.54,-0.45,,,16.60555556,1.32385
271395,0.49,0.48,-0.45,,,16.65833333,1.324025
271405,0.52,0.55,-0.4,60.16,1.3242,16.71111111,1.3242
271415,0.52,0.59,-0.38,,,16.76111111,1.324375
271425,0.49,0.62,-0.36,,,16.81111111,1.32455
271435,0.46,0.7,-0.35,,,16.86111111,1.324725
271445,0.46,0.68,-0.37,60.88,1.3249,16.91111111,1.3249
271455,0.46,0.72,-0.34,,,16.97430556,1.32505
271465,0.45,0.68,-0.34,,,17.0375,1.3252
271475,0.45,0.76,-0.29,,,17.10069444,1.32535
271485,0.42,0.76,-0.28,61.79,1.3255,17.16388889,1.3255
271495,0.37,0.8,-0.28,,,17.20833333,1.325675
271505,0.35,0.86,-0.28,,,17.25277778,1.32585
271515,0.32,0.86,-0.28,,,17.29722222,1.326025
271525,0.34,1,-0.34,62.43,1.3262,17.34166667,1.3262
271535,0.37,0.98,-0.36,,,17.38541667,1.326375
271545,0.37,1.07,-0.39,,,17.42916667,1.32655
271555,0.37,1,-0.38,,,17.47291667,1.326725
271565,0.35,1.07,-0.4,63.06,1.3269,17.51666667,1.3269
271575,0.34,1.01,-0.39,,,17.56041667,1.327075
271585,0.32,1.11,-0.36,,,17.60416667,1.32725
271595,0.29,1.09,-0.34,,,17.64791667,1.327425
271605,0.31,1.13,-0.3,63.69,1.3276,17.69166667,1.3276
271615,0.42,1.05,-0.24,,,17.72986111,1.327775
271625,0.44,1.09,-0.33,,,17.76805556,1.32795
271635,0.45,1.07,-0.42,,,17.80625,1.328125
271645,0.46,1.02,-0.41,64.24,1.3283,17.84444444,1.3283
271655,0.47,0.96,-0.38,,,17.85555556,1.3285
271665,0.45,0.99,-0.38,,,17.86666667,1.3287
271675,0.41,1.02,-0.35,,,17.87777778,1.3289
271685,0.4,1.06,-0.32,64.4,1.3291,17.88888889,1.3291
271695,0.42,1.14,-0.29,,,17.91944444,1.329275
271705,0.36,1.13,-0.33,,,17.95,1.32945
271715,0.33,1.2,-0.32,,,17.98055556,1.329625
271725,0.33,1.14,-0.28,64.84,1.3298,18.01111111,1.3298
271735,0.33,1.21,-0.3,,,18.06319444,1.329975
271745,0.32,1.15,-0.27,,,18.11527778,1.33015
271755,0.35,1.23,-0.21,,,18.16736111,1.330325
271765,0.34,1.11,-0.21,65.59,1.3305,18.21944444,1.3305
271775,0.31,1.2,-0.28,,,18.24722222,1.330675
271785,0.33,1.11,-0.29,,,18.275,1.33085
271795,0.34,1.17,-0.28,,,18.30277778,1.331025
271805,0.36,1.06,-0.26,65.99,1.3312,18.33055556,1.3312
271815,0.35,1.09,-0.25,,,18.35208333,1.3314
271825,0.33,1.03,-0.24,,,18.37361111,1.3316
271835,0.29,1.13,-0.2,,,18.39513889,1.3318
271845,0.31,1.13,-0.2,66.3,1.332,18.41666667,1.332
271855,0.29,1.18,-0.25,,,18.42986111,1.332175
271865,0.28,1.16,-0.24,,,18.44305556,1.33235
271875,0.27,1.15,-0.19,,,18.45625,1.332525
271885,0.3,1.16,-0.24,66.49,1.3327,18.46944444,1.3327
271895,0.26,1.14,-0.21,,,18.50694444,1.3329
271905,0.23,1.2,-0.2,,,18.54444444,1.3331
271915,0.23,1.19,-0.22,,,18.58194444,1.3333
271925,0.18,1.19,-0.22,67.03,1.3335,18.61944444,1.3335
271935,0.14,1.03,-0.18,,,18.62847222,1.333675
271945,0.19,1.04,-0.21,,,18.6375,1.33385
271955,0.2,0.96,-0.21,,,18.64652778,1.334025
271965,0.16,1.07,-0.23,67.16,1.3342,18.65555556,1.3342
271975,0.15,0.98,-0.21,,,18.67569444,1.334375
271985,0.16,1.04,-0.23,,,18.69583333,1.33455
271995,0.14,0.86,-0.23,,,18.71597222,1.334725
272005,0.16,0.82,-0.2,67.45,1.3349,18.73611111,1.3349
272015,0.16,0.61,-0.19,,,18.74930556,1.3351
272025,0.2,0.59,-0.18,,,18.7625,1.3353
272035,0.25,0.46,-0.15,,,18.77569444,1.3355
272045,0.23,0.47,-0.16,67.64,1.3357,18.78888889,1.3357
272055,0.18,0.37,-0.18,,,18.80833333,1.3359
272065,0.18,0.27,-0.12,,,18.82777778,1.3361
272075,0.19,0.17,-0.07,,,18.84722222,1.3363
272085,0.18,0.04,-0.03,67.92,1.3365,18.86666667,1.3365
272095,0.18,-0.02,-0.08,,,18.83819444,1.336675
272105,0.16,-0.11,-0.05,,,18.80972222,1.33685
272115,0.16,-0.13,-0.01,,,18.78125,1.337025
272125,0.15,-0.24,-0.05,67.51,1.3372,18.75277778,1.3372
272135,0.13,-0.22,-0.03,,,18.76736111,1.3374
272145,0.11,-0.34,0.01,,,18.78194444,1.3376
272155,0.1,-0.32,0,,,18.79652778,1.3378
272165,0.07,-0.44,-0.03,67.72,1.338,18.81111111,1.338
272175,0.05,-0.41,-0.06,,,18.79722222,1.338175
272185,0.02,-0.54,-0.02,,,18.78333333,1.33835
272195,0.02,-0.54,-0.05,,,18.76944444,1.338525
272205,0.02,-0.64,-0.01,67.52,1.3387,18.75555556,1.3387
272215,0,-0.69,-0.02,,,18.775,1.3389
272225,0.01,-0.71,-0.06,,,18.79444444,1.3391
272235,0.01,-0.71,-0.01,,,18.81388889,1.3393
272245,0,-0.7,-0.01,67.8,1.3395,18.83333333,1.3395
272255,-0.04,-0.74,0.01,,,18.80763889,1.339675
272265,-0.06,-0.72,0.01,,,18.78194444,1.33985
272275,-0.07,-0.84,0.05,,,18.75625,1.340025
272285,-0.09,-0.86,0.1,67.43,1.3402,18.73055556,1.3402
272295,-0.08,-0.96,0.1,,,18.73819444,1.3404
272305,-0.12,-0.89,0.19,,,18.74583333,1.3406
272315,-0.09,-0.97,0.17,,,18.75347222,1.3408
272325,-0.09,-0.91,0.17,67.54,1.341,18.76111111,1.341
272335,-0.07,-0.97,0.18,,,18.7375,1.341175
272345,-0.07,-0.97,0.2,,,18.71388889,1.34135
272355,-0.04,-1.03,0.24,,,18.69027778,1.341525
272365,-0.02,-1.04,0.18,67.2,1.3417,18.66666667,1.3417
272375,-0.01,-1.07,0.18,,,18.61736111,1.341875
272385,-0.02,-1.08,0.19,,,18.56805556,1.34205
272395,-0.04,-1.06,0.18,,,18.51875,1.342225
272405,-0.06,-1.13,0.19,66.49,1.3424,18.46944444,1.3424
272415,-0.06,-1.09,0.16,,,18.44097222,1.3426
272425,-0.04,-1.18,0.2,,,18.4125,1.3428
272435,0.01,-1.16,0.14,,,18.38402778,1.343
272445,0.02,-1.26,0.15,66.08,1.3432,18.35555556,1.3432
272455,0,-1.18,0.17,,,18.33055556,1.343375
272465,0.04,-1.23,0.17,,,18.30555556,1.34355
272475,0.09,-1.21,0.16,,,18.28055556,1.343725
272485,0.11,-1.25,0.15,65.72,1.3439,18.25555556,1.3439
272495,0.1,-1.26,0.05,,,18.24305556,1.344075
272505,0.11,-1.29,0.01,,,18.23055556,1.34425
272515,0.2,-1.3,-0.03,,,18.21805556,1.344425
272525,0.22,-1.28,-0.05,65.54,1.3446,18.20555556,1.3446
272535,0.28,-1.3,-0.06,,,18.17986111,1.3448
272545,0.24,-1.24,-0.17,,,18.15416667,1.345
272555,0.21,-1.28,-0.16,,,18.12847222,1.3452
272565,0.21,-1.23,-0.19,65.17,1.3454,18.10277778,1.3454
272575,0.22,-1.32,-0.23,,,18.16180556,1.345575
272585,0.16,-1.25,-0.25,,,18.22083333,1.34575
272595,0.15,-1.31,-0.2,,,18.27986111,1.345925
272605,0.13,-1.2,-0.23,66.02,1.3461,18.33888889,1.3461
272615,0.14,-1.24,-0.24,,,18.36736111,1.346275
272625,0.13,-1.13,-0.17,,,18.39583333,1.34645
272635,0.15,-1.16,-0.21,,,18.42430556,1.346625
272645,0.16,-1.03,-0.18,66.43,1.3468,18.45277778,1.3468
272655,0.17,-0.99,-0.12,,,18.46736111,1.347
272665,0.16,-0.87,-0.13,,,18.48194444,1.3472
272675,0.2,-0.85,-0.09,,,18.49652778,1.3474
272685,0.19,-0.82,-0.08,66.64,1.3476,18.51111111,1.3476
272695,0.18,-0.8,-0.07,,,18.54097222,1.347775
272705,0.21,-0.81,-0.02,,,18.57083333,1.34795
272715,0.26,-0.75,-0.06,,,18.60069444,1.348125
272725,0.28,-0.77,-0.05,67.07,1.3483,18.63055556,1.3483
272735,0.3,-0.67,-0.04,,,18.60694444,1.3485
272745,0.32,-0.74,-0.03,,,18.58333333,1.3487
272755,0.25,-0.69,-0.01,,,18.55972222,1.3489
272765,0.21,-0.81,-0.03,66.73,1.3491,18.53611111,1.3491
272775,0.25,-0.77,-0.05,,,18.55902778,1.349275
272785,0.21,-0.87,-0.09,,,18.58194444,1.34945
272795,0.18,-0.81,-0.11,,,18.60486111,1.349625
272805,0.2,-0.9,-0.09,67.06,1.3498,18.62777778,1.3498
272815,0.16,-0.9,-0.11,,,18.61666667,1.35
272825,0.12,-0.99,-0.12,,,18.60555556,1.3502
272835,0.16,-0.97,-0.11,,,18.59444444,1.3504
272845,0.21,-0.98,-0.14,66.9,1.3506,18.58333333,1.3506
272855,0.16,-0.95,-0.18,,,18.59583333,1.350775
272865,0.21,-0.97,-0.2,,,18.60833333,1.35095
272875,0.18,-0.98,-0.13,,,18.62083333,1.351125
272885,0.15,-1,-0.1,67.08,1.3513,18.63333333,1.3513
272895,0.12,-1.04,-0.12,,,18.66180556,1.351475
272905,0.15,-1,-0.07,,,18.69027778,1.35165
272915,0.23,-0.98,-0.1,,,18.71875,1.351825
272925,0.28,-0.87,-0.12,67.49,1.352,18.74722222,1.352
272935,0.28,-0.8,-0.09,,,18.75277778,1.3522
272945,0.25,-0.65,-0.04,,,18.75833333,1.3524
272955,0.21,-0.68,-0.01,,,18.76388889,1.3526
272965,0.21,-0.6,0.01,67.57,1.3528,18.76944444,1.3528
272975,0.2,-0.64,-0.05,,,18.76527778,1.352975
272985,0.17,-0.51,-0.06,,,18.76111111,1.35315
272995,0.16,-0.53,-0.02,,,18.75694444,1.353325
273005,0.13,-0.39,-0.02,67.51,1.3535,18.75277778,1.3535
273015,0.1,-0.38,-0.04,,,18.77708333,1.3537
273025,0.1,-0.27,-0.01,,,18.80138889,1.3539
273035,0.11,-0.31,-0.03,,,18.82569444,1.3541
273045,0.11,-0.22,-0.03,67.86,1.3543,18.85,1.3543
273055,0.12,-0.13,0,,,18.85902778,1.3545
273065,0.11,-0.01,0.05,,,18.86805556,1.3547
273075,0.09,0.09,0.08,,,18.87708333,1.3549
273085,0.07,0.13,0.06,67.99,1.3551,18.88611111,1.3551
273095,0.05,0.22,0.03,,,18.86458333,1.355275
273105,0.06,0.2,0.04,,,18.84305556,1.35545
273115,0.07,0.32,0.07,,,18.82152778,1.355625
273125,0.06,0.31,0.03,67.68,1.3558,18.8,1.3558
273135,0.03,0.5,0.04,,,18.80347222,1.356
273145,0.03,0.5,0.06,,,18.80694444,1.3562
273155,0.02,0.57,0.03,,,18.81041667,1.3564
273165,0.01,0.53,0,67.73,1.3566,18.81388889,1.3566
273175,0.01,0.63,0,,,18.79930556,1.356775
273185,0,0.6,-0.03,,,18.78472222,1.35695
273195,-0.03,0.71,-0.05,,,18.77013889,1.357125
273205,-0.02,0.82,-0.01,67.52,1.3573,18.75555556,1.3573
273215,-0.02,0.85,0.04,,,18.76875,1.3575
273225,-0.01,0.87,0.05,,,18.78194444,1.3577
273235,-0.02,0.82,0.02,,,18.79513889,1.3579
273245,-0.02,0.86,0.03,67.71,1.3581,18.80833333,1.3581
273255,0.01,0.84,0.07,,,18.81111111,1.358275
273265,0,0.93,0.08,,,18.81388889,1.35845
273275,0,0.96,0.1,,,18.81666667,1.358625
273285,0,1.08,0.11,67.75,1.3588,18.81944444,1.3588
273295,0,1.03,0.1,,,18.80763889,1.359
273305,0,1.14,0.07,,,18.79583333,1.3592
273315,0.01,1.08,0.08,,,18.78402778,1.3594
273325,0.01,1.2,0.07,67.58,1.3596,18.77222222,1.3596
273335,0,1.15,0.08,,,18.75,1.359775
273345,-0.01,1.24,0.09,,,18.72777778,1.35995
273355,0.02,1.2,0.14,,,18.70555556,1.360125
273365,0.02,1.26,0.08,67.26,1.3603,18.68333333,1.3603
273375,0.03,1.22,0.03,,,18.69375,1.3605
273385,0.01,1.3,0.03,,,18.70416667,1.3607
273395,0.02,1.32,0.04,,,18.71458333,1.3609
273405,0.01,1.37,0.05,67.41,1.3611,18.725,1.3611
273415,-0.01,1.43,0.05,,,18.68888889,1.361275
273425,-0.02,1.4,0.07,,,18.65277778,1.36145
273435,-0.01,1.46,0.05,,,18.61666667,1.361625
273445,0,1.41,-0.02,66.89,1.3618,18.58055556,1.3618
273455,-0.01,1.52,-0.05,,,18.57430556,1.361975
273465,-0.02,1.5,-0.04,,,18.56805556,1.36215
273475,0,1.61,-0.07,,,18.56180556,1.362325
273485,0.02,1.5,-0.09,66.8,1.3625,18.55555556,1.3625
273495,0.14,1.58,-0.09,,,18.55555556,1.3627
273505,0.17,1.4,-0.08,,,18.55555556,1.3629
273515,0.15,1.42,-0.1,,,18.55555556,1.3631
273525,0.08,1.4,-0.05,66.8,1.3633,18.55555556,1.3633
273535,0.04,1.5,0.02,,,18.54930556,1.363475
273545,0.04,1.49,0,,,18.54305556,1.36365
273555,0.05,1.47,-0.03,,,18.53680556,1.363825
273565,0.1,1.35,-0.05,66.71,1.364,18.53055556,1.364
273575,0.12,1.33,-0.07,,,18.50416667,1.3642
273585,0.19,1.29,-0.07,,,18.47777778,1.3644
273595,0.21,1.25,-0.09,,,18.45138889,1.3646
273605,0.24,1.34,-0.13,66.33,1.3648,18.425,1.3648
273615,0.24,1.33,-0.15,,,18.43194444,1.364975
273625,0.26,1.42,-0.17,,,18.43888889,1.36515
273635,0.24,1.35,-0.2,,,18.44583333,1.365325
273645,0.23,1.34,-0.23,66.43,1.3655,18.45277778,1.3655
273655,0.23,1.32,-0.26,,,18.48125,1.3657
273665,0.26,1.41,-0.22,,,18.50972222,1.3659
273675,0.26,1.37,-0.26,,,18.53819444,1.3661
273685,0.27,1.37,-0.24,66.84,1.3663,18.56666667,1.3663
273695,0.27,1.19,-0.21,,,18.57847222,1.366475
273705,0.3,1.19,-0.22,,,18.59027778,1.36665
273715,0.3,1.04,-0.2,,,18.60208333,1.366825
273725,0.28,1.2,-0.19,67.01,1.367,18.61388889,1.367
273735,0.29,1.11,-0.1,,,18.62291667,1.367175
273745,0.31,1.21,-0.13,,,18.63194444,1.36735
273755,0.29,1.07,-0.11,,,18.64097222,1.367525
273765,0.29,1.05,-0.1,67.14,1.3677,18.65,1.3677
273775,0.31,0.84,-0.09,,,18.67430556,1.3679
273785,0.32,0.84,-0.07,,,18.69861111,1.3681
273795,0.29,0.76,-0.04,,,18.72291667,1.3683
273805,0.3,0.93,0.03,67.49,1.3685,18.74722222,1.3685
273815,0.31,0.94,0.07,,,18.76458333,1.368675
273825,0.33,0.93,0.05,,,18.78194444,1.36885
273835,0.31,0.84,-0.01,,,18.79930556,1.369025
273845,0.32,0.82,-0.05,67.74,1.3692,18.81666667,1.3692
273855,0.35,0.75,-0.02,,,18.84375,1.3694
273865,0.29,0.83,0,,,18.87083333,1.3696
273875,0.26,0.91,0.01,,,18.89791667,1.3698
273885,0.32,1.02,-0.01,68.13,1.37,18.925,1.37
273895,0.4,0.98,-0.03,,,18.94097222,1.3702
273905,0.42,1.01,-0.16,,,18.95694444,1.3704
273915,0.48,0.98,-0.17,,,18.97291667,1.3706
273925,0.45,1.03,-0.23,68.36,1.3708,18.98888889,1.3708
273935,0.41,1.06,-0.25,,,19.03125,1.370975
273945,0.4,1.12,-0.29,,,19.07361111,1.37115
273955,0.37,1.1,-0.28,,,19.11597222,1.371325
273965,0.37,1.01,-0.26,68.97,1.3715,19.15833333,1.3715
273975,0.38,0.92,-0.28,,,19.21666667,1.3717
273985,0.33,0.82,-0.32,,,19.275,1.3719
273995,0.35,0.78,-0.37,,,19.33333333,1.3721
274005,0.37,0.74,-0.34,69.81,1.3723,19.39166667,1.3723
274015,0.38,0.75,-0.31,,,19.38402778,1.3725
274025,0.37,0.68,-0.26,,,19.37638889,1.3727
274035,0.34,0.63,-0.26,,,19.36875,1.3729
274045,0.3,0.54,-0.25,69.7,1.3731,19.36111111,1.3731
274055,0.36,0.53,-0.25,,,19.40833333,1.373275
274065,0.37,0.47,-0.21,,,19.45555556,1.37345
274075,0.41,0.48,-0.25,,,19.50277778,1.373625
274085,0.35,0.31,-0.24,70.38,1.3738,19.55,1.3738
274095,0.35,0.2,-0.25,,,19.55486111,1.374
274105,0.29,0.04,-0.28,,,19.55972222,1.3742
274115,0.24,0.03,-0.29,,,19.56458333,1.3744
274125,0.18,-0.01,-0.29,70.45,1.3746,19.56944444,1.3746
274135,0.22,0.03,-0.31,,,19.58472222,1.3748
274145,0.24,-0.1,-0.31,,,19.6,1.375
274155,0.24,-0.18,-0.27,,,19.61527778,1.3752
274165,0.25,-0.34,-0.28,70.67,1.3754,19.63055556,1.3754
274175,0.22,-0.37,-0.31,,,19.65625,1.3756
274185,0.19,-0.39,-0.37,,,19.68194444,1.3758
274195,0.2,-0.35,-0.35,,,19.70763889,1.376
274205,0.18,-0.4,-0.32,71.04,1.3762,19.73333333,1.3762
274215,0.2,-0.46,-0.28,,,19.75138889,1.3764
274225,0.29,-0.62,-0.3,,,19.76944444,1.3766
274235,0.32,-0.66,-0.31,,,19.7875,1.3768
274245,0.32,-0.72,-0.31,71.3,1.377,19.80555556,1.377
274255,0.29,-0.62,-0.32,,,19.83472222,1.3772
274265,0.26,-0.62,-0.28,,,19.86388889,1.3774
274275,0.23,-0.59,-0.26,,,19.89305556,1.3776
274285,0.2,-0.71,-0.21,71.72,1.3778,19.92222222,1.3778
274295,0.24,-0.77,-0.14,,,19.92291667,1.378
274305,0.27,-0.81,-0.11,,,19.92361111,1.3782
274315,0.26,-0.82,-0.06,,,19.92430556,1.3784
274325,0.24,-0.83,-0.04,71.73,1.3786,19.925,1.3786
274335,0.27,-0.86,0.01,,,19.92569444,1.3788
274345,0.23,-0.85,0.02,,,19.92638889,1.379
274355,0.19,-0.91,0.05,,,19.92708333,1.3792
274365,0.17,-0.96,0.09,71.74,1.3794,19.92777778,1.3794
274375,0.15,-0.99,0.12,,,19.94513889,1.3796
274385,0.11,-1.02,0.11,,,19.9625,1.3798
274395,0.09,-1.03,0.11,,,19.97986111,1.38
274405,0.07,-1.03,0.12,71.99,1.3802,19.99722222,1.3802
274415,0.04,-1.08,0.11,,,19.98888889,1.3804
274425,0.03,-1.14,0.07,,,19.98055556,1.3806
274435,0.06,-1.17,0.05,,,19.97222222,1.3808
274445,0.07,-1.18,0.03,71.87,1.381,19.96388889,1.381
274455,0.06,-1.23,-0.02,,,19.93194444,1.3812
274465,0.02,-1.22,-0.03,,,19.9,1.3814
274475,-0.04,-1.25,-0.06,,,19.86805556,1.3816
274485,-0.1,-1.26,-0.04,71.41,1.3818,19.83611111,1.3818
274495,-0.11,-1.31,-0.02,,,19.85138889,1.382
274505,-0.11,-1.28,0.01,,,19.86666667,1.3822
274515,-0.1,-1.34,0.04,,,19.88194444,1.3824
274525,-0.09,-1.28,0.05,71.63,1.3826,19.89722222,1.3826
274535,-0.02,-1.3,0.01,,,19.87708333,1.3828
274545,0.04,-1.26,-0.02,,,19.85694444,1.383
274555,0.02,-1.32,-0.06,,,19.83680556,1.3832
274565,0,-1.32,-0.09,71.34,1.3834,19.81666667,1.3834
274575,-0.02,-1.39,-0.05,,,19.75486111,1.3836
274585,0,-1.36,-0.01,,,19.69305556,1.3838
274595,0.04,-1.39,0.04,,,19.63125,1.384
274605,0.09,-1.3,-0.05,70.45,1.3842,19.56944444,1.3842
274615,0.18,-1.35,-0.03,,,19.60208333,1.384375
274625,0.23,-1.26,-0.04,,,19.63472222,1.38455
274635,0.23,-1.37,-0.04,,,19.66736111,1.384725
274645,0.24,-1.3,-0.05,70.92,1.3849,19.7,1.3849
274655,0.18,-1.36,-0.02,,,19.69583333,1.3851
274665,0.15,-1.25,-0.02,,,19.69166667,1.3853
274675,0.11,-1.32,0,,,19.6875,1.3855
274685,0.13,-1.24,0.05,70.86,1.3857,19.68333333,1.3857
274695,0.13,-1.31,0.09,,,19.67916667,1.3859
274705,0.12,-1.3,0.08,,,19.675,1.3861
274715,0.1,-1.36,0.08,,,19.67083333,1.3863
274725,0.15,-1.26,0.06,70.8,1.3865,19.66666667,1.3865
274735,0.14,-1.3,0.05,,,19.65763889,1.3867
274745,0.17,-1.26,0.01,,,19.64861111,1.3869
274755,0.2,-1.34,-0.01,,,19.63958333,1.3871
274765,0.2,-1.3,-0.03,70.67,1.3873,19.63055556,1.3873
274775,0.2,-1.4,-0.01,,,19.62777778,1.3875
274785,0.21,-1.41,-0.03,,,19.625,1.3877
274795,0.18,-1.46,-0.02,,,19.62222222,1.3879
274805,0.14,-1.37,-0.03,70.63,1.3881,19.61944444,1.3881
274815,0.11,-1.4,0,,,19.62847222,1.3883
274825,0.05,-1.34,-0.02,,,19.6375,1.3885
274835,0.03,-1.41,-0.01,,,19.64652778,1.3887
274845,0.04,-1.31,0.04,70.76,1.3889,19.65555556,1.3889
274855,0.07,-1.39,0.04,,,19.63541667,1.3891
274865,0.1,-1.3,0.06,,,19.61527778,1.3893
274875,0.13,-1.33,0.04,,,19.59513889,1.3895
274885,0.14,-1.22,-0.01,70.47,1.3897,19.575,1.3897
274895,0.09,-1.31,-0.02,,,19.56944444,1.389875
274905,0.11,-1.23,-0.04,,,19.56388889,1.39005
274915,0.09,-1.29,0,,,19.55833333,1.390225
274925,0.08,-1.24,-0.04,70.39,1.3904,19.55277778,1.3904
274935,0.07,-1.26,-0.07,,,19.55833333,1.3906
274945,0.09,-1.24,-0.05,,,19.56388889,1.3908
274955,0.08,-1.27,-0.03,,,19.56944444,1.391
274965,0.1,-1.22,-0.01,70.47,1.3912,19.575,1.3912
274975,0.09,-1.24,-0.02,,,19.61666667,1.3914
274985,0.07,-1.16,-0.02,,,19.65833333,1.3916
274995,0.04,-1.14,0,,,19.7,1.3918
275005,0.1,-1.09,-0.01,71.07,1.392,19.74166667,1.392
275015,0.12,-1.15,-0.03,,,19.72986111,1.3922
275025,0.13,-1.17,-0.01,,,19.71805556,1.3924
275035,0.17,-1.26,-0.01,,,19.70625,1.3926
275045,0.17,-1.17,-0.04,70.9,1.3928,19.69444444,1.3928
275055,0.16,-1.15,-0.01,,,19.68263889,1.393
275065,0.15,-1.09,0.04,,,19.67083333,1.3932
275075,0.14,-1.11,0.06,,,19.65902778,1.3934
275085,0.1,-1.1,0.05,70.73,1.3936,19.64722222,1.3936
275095,0.03,-1.19,0.09,,,19.65833333,1.3938
275105,0.02,-1.2,0.08,,,19.66944444,1.394
275115,0.01,-1.24,0.04,,,19.68055556,1.3942
275125,-0.01,-1.17,0.02,70.89,1.3944,19.69166667,1.3944
275135,-0.02,-1.17,0.01,,,19.66875,1.3946
275145,-0.02,-1.16,0,,,19.64583333,1.3948
275155,-0.02,-1.19,-0.02,,,19.62291667,1.395
275165,-0.04,-1.17,-0.01,70.56,1.3952,19.6,1.3952
275175,-0.06,-1.2,0.04,,,19.61875,1.395375
275185,-0.07,-1.09,0.02,,,19.6375,1.39555
275195,-0.1,-1.03,0.07,,,19.65625,1.395725
275205,-0.13,-0.93,0.14,70.83,1.3959,19.675,1.3959
275215,-0.15,-0.98,0.21,,,19.68333333,1.3961
275225,-0.17,-0.91,0.2,,,19.69166667,1.3963
275235,-0.2,-0.9,0.27,,,19.7,1.3965
275245,-0.19,-0.72,0.28,70.95,1.3967,19.70833333,1.3967
275255,-0.21,-0.67,0.31,,,19.66944444,1.3969
275265,-0.22,-0.5,0.36,,,19.63055556,1.3971
275275,-0.23,-0.5,0.39,,,19.59166667,1.3973
275285,-0.26,-0.4,0.38,70.39,1.3975,19.55277778,1.3975
275295,-0.27,-0.47,0.43,,,19.49652778,1.3977
275305,-0.28,-0.35,0.48,,,19.44027778,1.3979
275315,-0.29,-0.32,0.55,,,19.38402778,1.3981
275325,-0.29,-0.16,0.59,69.58,1.3983,19.32777778,1.3983
275335,-0.3,-0.13,0.6,,,19.25625,1.3985
275345,-0.31,-0.06,0.62,,,19.18472222,1.3987
275355,-0.34,-0.03,0.62,,,19.11319444,1.3989
275365,-0.37,-0.04,0.65,68.55,1.3991,19.04166667,1.3991
275375,-0.38,0.02,0.65,,,18.96527778,1.399275
275385,-0.4,0.05,0.66,,,18.88888889,1.39945
275395,-0.39,0.22,0.66,,,18.8125,1.399625
275405,-0.4,0.21,0.68,67.45,1.3998,18.73611111,1.3998
275415,-0.39,0.3,0.69,,,18.67291667,1.399975
275425,-0.41,0.21,0.71,,,18.60972222,1.40015
275435,-0.41,0.27,0.72,,,18.54652778,1.400325
275445,-0.42,0.23,0.71,66.54,1.4005,18.48333333,1.4005
275455,-0.41,0.27,0.7,,,18.39861111,1.4007
275465,-0.41,0.34,0.72,,,18.31388889,1.4009
275475,-0.4,0.38,0.71,,,18.22916667,1.4011
275485,-0.41,0.46,0.72,65.32,1.4013,18.14444444,1.4013
275495,-0.43,0.42,0.71,,,18.05416667,1.401475
275505,-0.45,0.44,0.7,,,17.96388889,1.40165
275515,-0.47,0.43,0.67,,,17.87361111,1.401825
275525,-0.5,0.46,0.67,64.02,1.402,17.78333333,1.402
275535,-0.5,0.51,0.65,,,17.71041667,1.402175
275545,-0.47,0.51,0.62,,,17.6375,1.40235
275555,-0.45,0.57,0.64,,,17.56458333,1.402525
275565,-0.46,0.57,0.64,62.97,1.4027,17.49166667,1.4027
275575,-0.46,0.61,0.61,,,17.40902778,1.402875
275585,-0.45,0.63,0.58,,,17.32638889,1.40305
275595,-0.42,0.65,0.55,,,17.24375,1.403225
275605,-0.4,0.72,0.52,61.78,1.4034,17.16111111,1.4034
275615,-0.36,0.73,0.5,,,17.08263889,1.403575
275625,-0.33,0.76,0.51,,,17.00416667,1.40375
275635,-0.29,0.71,0.51,,,16.92569444,1.403925
275645,-0.26,0.68,0.51,60.65,1.4041,16.84722222,1.4041
275655,-0.25,0.67,0.52,,,16.82222222,1.40425
275665,-0.25,0.67,0.49,,,16.79722222,1.4044
275675,-0.25,0.74,0.49,,,16.77222222,1.40455
275685,-0.25,0.78,0.47,60.29,1.4047,16.74722222,1.4047
275695,-0.22,0.78,0.47,,,16.74583333,1.404875
275705,-0.2,0.76,0.47,,,16.74444444,1.40505
275715,-0.18,0.71,0.46,,,16.74305556,1.405225
275725,-0.19,0.71,0.46,60.27,1.4054,16.74166667,1.4054
275735,-0.19,0.66,0.45,,,16.59930556,1.405575
275745,-0.19,0.65,0.45,,,16.45694444,1.40575
275755,-0.2,0.7,0.43,,,16.31458333,1.405925
275765,-0.2,0.74,0.41,58.22,1.4061,16.17222222,1.4061
275775,-0.2,0.78,0.41,,,16.12361111,1.40625
275785,-0.21,0.74,0.4,,,16.075,1.4064
275795,-0.22,0.7,0.42,,,16.02638889,1.40655
275805,-0.27,0.68,0.34,57.52,1.4067,15.97777778,1.4067
275815,-0.29,0.67,0.35,,,15.97291667,1.40685
275825,-0.3,0.71,0.34,,,15.96805556,1.407
275835,-0.32,0.7,0.36,,,15.96319444,1.40715
275845,-0.32,0.66,0.35,57.45,1.4073,15.95833333,1.4073
275855,-0.33,0.67,0.35,,,15.88958333,1.407475
275865,-0.31,0.63,0.35,,,15.82083333,1.40765
275875,-0.29,0.6,0.35,,,15.75208333,1.407825
275885,-0.29,0.58,0.37,56.46,1.408,15.68333333,1.408
275895,-0.29,0.52,0.38,,,15.64791667,1.40815
275905,-0.28,0.53,0.36,,,15.6125,1.4083
275915,-0.28,0.54,0.4,,,15.57708333,1.40845
275925,-0.27,0.55,0.39,55.95,1.4086,15.54166667,1.4086
275935,-0.27,0.53,0.42,,,15.51319444,1.40875
275945,-0.25,0.52,0.43,,,15.48472222,1.4089
275955,-0.23,0.55,0.44,,,15.45625,1.40905
275965,-0.22,0.57,0.45,55.54,1.4092,15.42777778,1.4092
275975,-0.22,0.55,0.47,,,15.33958333,1.40935
275985,-0.23,0.58,0.49,,,15.25138889,1.4095
275995,-0.23,0.6,0.53,,,15.16319444,1.40965
276005,-0.22,0.62,0.54,54.27,1.4098,15.075,1.4098
276015,-0.24,0.64,0.54,,,15.05416667,1.40995
276025,-0.24,0.64,0.53,,,15.03333333,1.4101
276035,-0.23,0.63,0.54,,,15.0125,1.41025
276045,-0.23,0.67,0.52,53.97,1.4104,14.99166667,1.4104
276055,-0.24,0.66,0.52,,,14.94305556,1.41055
276065,-0.26,0.69,0.5,,,14.89444444,1.4107
276075,-0.29,0.74,0.51,,,14.84583333,1.41085
276085,-0.31,0.77,0.54,53.27,1.411,14.79722222,1.411
276095,-0.32,0.82,0.52,,,14.73055556,1.41115
276105,-0.33,0.85,0.5,,,14.66388889,1.4113
276115,-0.34,0.86,0.49,,,14.59722222,1.41145
276125,-0.32,0.89,0.48,52.31,1.4116,14.53055556,1.4116
276135,-0.31,0.9,0.49,,,14.46041667,1.41175
276145,-0.28,0.9,0.5,,,14.39027778,1.4119
276155,-0.28,0.9,0.52,,,14.32013889,1.41205
276165,-0.28,0.9,0.52,51.3,1.4122,14.25,1.4122
276175,-0.28,0.9,0.51,,,14.18611111,1.412325
276185,-0.28,0.9,0.52,,,14.12222222,1.41245
276195,-0.28,0.87,0.52,,,14.05833333,1.412575
276205,-0.3,0.8,0.53,50.38,1.4127,13.99444444,1.4127
276215,-0.32,0.8,0.55,,,13.95416667,1.41285
276225,-0.36,0.79,0.55,,,13.91388889,1.413
276235,-0.35,0.78,0.6,,,13.87361111,1.41315
276245,-0.34,0.77,0.59,49.8,1.4133,13.83333333,1.4133
276255,-0.34,0.77,0.56,,,13.75902778,1.413425
276265,-0.31,0.74,0.54,,,13.68472222,1.41355
276275,-0.31,0.77,0.52,,,13.61041667,1.413675
276285,-0.33,0.78,0.52,48.73,1.4138,13.53611111,1.4138
276295,-0.33,0.76,0.52,,,13.45625,1.413925
276305,-0.32,0.73,0.52,,,13.37638889,1.41405
276315,-0.32,0.73,0.53,,,13.29652778,1.414175
276325,-0.32,0.72,0.52,47.58,1.4143,13.21666667,1.4143
276335,-0.31,0.72,0.51,,,13.15069444,1.41445
276345,-0.31,0.74,0.49,,,13.08472222,1.4146
276355,-0.31,0.73,0.5,,,13.01875,1.41475
276365,-0.33,0.74,0.5,46.63,1.4149,12.95277778,1.4149
276375,-0.36,0.75,0.52,,,12.89722222,1.415025
276385,-0.36,0.77,0.54,,,12.84166667,1.41515
276395,-0.36,0.79,0.51,,,12.78611111,1.415275
276405,-0.35,0.83,0.5,45.83,1.4154,12.73055556,1.4154
276415,-0.34,0.84,0.49,,,12.68472222,1.415525
276425,-0.32,0.86,0.48,,,12.63888889,1.41565
276435,-0.28,0.87,0.46,,,12.59305556,1.415775
276445,-0.27,0.89,0.47,45.17,1.4159,12.54722222,1.4159
276455,-0.26,0.93,0.43,,,12.49513889,1.416025
276465,-0.25,0.95,0.41,,,12.44305556,1.41615
276475,-0.25,0.97,0.41,,,12.39097222,1.416275
276485,-0.25,1.02,0.4,44.42,1.4164,12.33888889,1.4164
276495,-0.26,1.02,0.41,,,12.3,1.416525
276505,-0.26,1.05,0.36,,,12.26111111,1.41665
276515,-0.26,1.05,0.38,,,12.22222222,1.416775
276525,-0.25,1.08,0.38,43.86,1.4169,12.18333333,1.4169
276535,-0.25,1.08,0.39,,,12.15208333,1.417
276545,-0.23,1.11,0.38,,,12.12083333,1.4171
276555,-0.24,1.11,0.42,,,12.08958333,1.4172
276565,-0.21,1.14,0.36,43.41,1.4173,12.05833333,1.4173
276575,-0.19,1.13,0.42,,,11.98958333,1.417425
276585,-0.22,1.15,0.47,,,11.92083333,1.41755
276595,-0.22,1.1,0.46,,,11.85208333,1.417675
276605,-0.22,1.11,0.49,42.42,1.4178,11.78333333,1.4178
276615,-0.23,1.12,0.49,,,11.76597222,1.417925
276625,-0.24,1.11,0.57,,,11.74861111,1.41805
276635,-0.24,1.12,0.57,,,11.73125,1.418175
276645,-0.24,1.11,0.5,42.17,1.4183,11.71388889,1.4183
276655,-0.22,1.15,0.47,,,11.63819444,1.418425
276665,-0.21,1.19,0.47,,,11.5625,1.41855
276675,-0.19,1.22,0.44,,,11.48680556,1.418675
276685,-0.18,1.22,0.42,41.08,1.4188,11.41111111,1.4188
276695,-0.18,1.22,0.42,,,11.36597222,1.4189
276705,-0.18,1.21,0.44,,,11.32083333,1.419
276715,-0.16,1.2,0.41,,,11.27569444,1.4191
276725,-0.14,1.22,0.43,40.43,1.4192,11.23055556,1.4192
276735,-0.17,1.18,0.47,,,11.16805556,1.4193
276745,-0.16,1.2,0.36,,,11.10555556,1.4194
276755,-0.14,1.22,0.29,,,11.04305556,1.4195
276765,-0.12,1.23,0.31,39.53,1.4196,10.98055556,1.4196
276775,-0.1,1.21,0.32,,,10.96875,1.419725
276785,-0.08,1.19,0.31,,,10.95694444,1.41985
276795,-0.06,1.2,0.27,,,10.94513889,1.419975
276805,-0.05,1.2,0.25,39.36,1.4201,10.93333333,1.4201
276815,-0.04,1.21,0.24,,,10.88194444,1.4202
276825,-0.02,1.19,0.23,,,10.83055556,1.4203
276835,-0.01,1.15,0.23,,,10.77916667,1.4204
276845,0.02,1.11,0.22,38.62,1.4205,10.72777778,1.4205
276855,0.02,1.07,0.21,,,10.72916667,1.4206
276865,0.02,1.05,0.13,,,10.73055556,1.4207
276875,0.03,1.04,0.15,,,10.73194444,1.4208
276885,0.04,1,0.16,38.64,1.4209,10.73333333,1.4209
276895,0.04,0.96,0.13,,,10.70069444,1.421025
276905,0.04,0.91,0.1,,,10.66805556,1.42115
276915,0.03,0.84,0.09,,,10.63541667,1.421275
276925,0.02,0.78,0.07,38.17,1.4214,10.60277778,1.4214
276935,0,0.71,0.05,,,10.59375,1.4215
276945,-0.01,0.66,0.03,,,10.58472222,1.4216
276955,-0.03,0.58,0.06,,,10.57569444,1.4217
276965,-0.04,0.5,0.06,38.04,1.4218,10.56666667,1.4218
276975,-0.05,0.42,0.06,,,10.5375,1.4219
276985,-0.05,0.32,0.03,,,10.50833333,1.422
276995,-0.05,0.21,0.04,,,10.47916667,1.4221
277005,-0.04,0.12,0.04,37.62,1.4222,10.45,1.4222
277015,-0.03,-0.01,0.05,,,10.45694444,1.4223
277025,-0.04,-0.11,0.05,,,10.46388889,1.4224
277035,-0.03,-0.19,0.13,,,10.47083333,1.4225
277045,-0.04,-0.24,0.11,37.72,1.4226,10.47777778,1.4226
277055,-0.04,-0.34,0.16,,,10.45277778,1.4227
277065,-0.02,-0.41,0.21,,,10.42777778,1.4228
277075,-0.03,-0.46,0.27,,,10.40277778,1.4229
277085,-0.02,-0.48,0.17,37.36,1.423,10.37777778,1.423
277095,-0.04,-0.53,0.15,,,10.35347222,1.423125
277105,-0.01,-0.52,0.09,,,10.32916667,1.42325
277115,0.01,-0.56,-0.03,,,10.30486111,1.423375
277125,0.05,-0.58,-0.05,37.01,1.4235,10.28055556,1.4235
277135,0.07,-0.6,-0.02,,,10.28680556,1.4236
277145,0.04,-0.63,0,,,10.29305556,1.4237
277155,0.07,-0.64,-0.04,,,10.29930556,1.4238
277165,0.09,-0.67,-0.13,37.1,1.4239,10.30555556,1.4239
277175,0.1,-0.73,0.01,,,10.31527778,1.424
277185,0.1,-0.73,-0.1,,,10.325,1.4241
277195,0.12,-0.75,-0.15,,,10.33472222,1.4242
277205,0.1,-0.83,-0.04,37.24,1.4243,10.34444444,1.4243
277215,0.11,-0.87,-0.14,,,10.37222222,1.4244
277225,0.13,-0.86,-0.18,,,10.4,1.4245
277235,0.13,-0.88,-0.04,,,10.42777778,1.4246
277245,0.13,-0.88,-0.12,37.64,1.4247,10.45555556,1.4247
277255,0.13,-0.87,-0.2,,,10.47013889,1.4248
277265,0.1,-0.9,-0.06,,,10.48472222,1.4249
277275,0.08,-0.92,-0.02,,,10.49930556,1.425
277285,0.08,-0.92,-0.14,37.85,1.4251,10.51388889,1.4251
277295,0.1,-0.93,-0.09,,,10.53680556,1.4252
277305,0.06,-0.96,0.04,,,10.55972222,1.4253
277315,0.03,-0.98,0.13,,,10.58263889,1.4254
277325,0,-0.99,0.13,38.18,1.4255,10.60555556,1.4255
277335,-0.01,-1,0.12,,,10.61666667,1.425625
277345,-0.02,-1.03,0.14,,,10.62777778,1.42575
277355,-0.03,-1.07,0.16,,,10.63888889,1.425875
277365,-0.04,-1.12,0.18,38.34,1.426,10.65,1.426
277375,-0.05,-1.12,0.19,,,10.62013889,1.4261
277385,-0.07,-1.13,0.21,,,10.59027778,1.4262
277395,-0.08,-1.12,0.22,,,10.56041667,1.4263
277405,-0.09,-1.13,0.21,37.91,1.4264,10.53055556,1.4264
277415,-0.09,-1.14,0.22,,,10.50277778,1.4265
277425,-0.1,-1.18,0.25,,,10.475,1.4266
277435,-0.08,-1.22,0.25,,,10.44722222,1.4267
277445,-0.08,-1.26,0.17,37.51,1.4268,10.41944444,1.4268
277455,-0.08,-1.28,0.21,,,10.42291667,1.4269
277465,-0.08,-1.29,0.22,,,10.42638889,1.427
277475,-0.07,-1.28,0.25,,,10.42986111,1.4271
277485,-0.05,-1.25,0.2,37.56,1.4272,10.43333333,1.4272
277495,-0.06,-1.25,0.22,,,10.41388889,1.4273
277505,-0.05,-1.28,0.27,,,10.39444444,1.4274
277515,-0.05,-1.26,0.13,,,10.375,1.4275
277525,-0.05,-1.29,0.12,37.28,1.4276,10.35555556,1.4276
277535,-0.05,-1.3,0.13,,,10.32430556,1.427725
277545,-0.04,-1.32,0.12,,,10.29305556,1.42785
277555,-0.02,-1.31,0.13,,,10.26180556,1.427975
277565,-0.03,-1.31,0.2,36.83,1.4281,10.23055556,1.4281
277575,-0.04,-1.34,0.15,,,10.22777778,1.4282
277585,-0.03,-1.35,0.02,,,10.225,1.4283
277595,-0.03,-1.36,-0.01,,,10.22222222,1.4284
277605,-0.03,-1.35,0,36.79,1.4285,10.21944444,1.4285
277615,-0.02,-1.35,-0.01,,,10.18819444,1.4286
277625,-0.02,-1.35,0.07,,,10.15694444,1.4287
277635,-0.02,-1.32,0.1,,,10.12569444,1.4288
277645,-0.02,-1.3,0.07,36.34,1.4289,10.09444444,1.4289
277655,-0.03,-1.29,0.01,,,10.08402778,1.429
277665,-0.02,-1.27,-0.02,,,10.07361111,1.4291
277675,-0.01,-1.25,-0.03,,,10.06319444,1.4292
277685,-0.01,-1.21,0,36.19,1.4293,10.05277778,1.4293
277695,-0.02,-1.17,0.04,,,10.05625,1.4294
277705,-0.01,-1.13,0.02,,,10.05972222,1.4295
277715,0.01,-1.05,-0.1,,,10.06319444,1.4296
277725,0.06,-0.99,-0.1,36.24,1.4297,10.06666667,1.4297
277735,0.09,-0.95,-0.07,,,10.07361111,1.4298
277745,0.1,-0.91,-0.07,,,10.08055556,1.4299
277755,0.09,-0.87,-0.08,,,10.0875,1.43
277765,0.07,-0.88,-0.06,36.34,1.4301,10.09444444,1.4301
277775,0.06,-0.87,-0.08,,,10.08541667,1.4302
277785,0.06,-0.81,-0.15,,,10.07638889,1.4303
277795,0.06,-0.76,-0.2,,,10.06736111,1.4304
277805,0.05,-0.74,-0.21,36.21,1.4305,10.05833333,1.4305
277815,0.06,-0.7,-0.21,,,10.09513889,1.4306
277825,0.07,-0.64,-0.18,,,10.13194444,1.4307
277835,0.08,-0.59,-0.17,,,10.16875,1.4308
277845,0.07,-0.55,-0.14,36.74,1.4309,10.20555556,1.4309
277855,0.06,-0.52,-0.11,,,10.22986111,1.431
277865,0.07,-0.47,-0.12,,,10.25416667,1.4311
277875,0.09,-0.45,-0.16,,,10.27847222,1.4312
277885,0.1,-0.47,-0.19,37.09,1.4313,10.30277778,1.4313
277895,0.1,-0.47,-0.21,,,10.30694444,1.4314
277905,0.1,-0.46,-0.18,,,10.31111111,1.4315
277915,0.1,-0.46,-0.12,,,10.31527778,1.4316
277925,0.09,-0.47,-0.1,37.15,1.4317,10.31944444,1.4317
277935,0.09,-0.45,-0.13,,,10.32638889,1.4318
277945,0.08,-0.44,-0.17,,,10.33333333,1.4319
277955,0.09,-0.43,-0.18,,,10.34027778,1.432
277965,0.11,-0.41,-0.14,37.25,1.4321,10.34722222,1.4321
277975,0.1,-0.38,-0.08,,,10.38402778,1.4322
277985,0.1,-0.36,-0.08,,,10.42083333,1.4323
277995,0.1,-0.33,-0.11,,,10.45763889,1.4324
278005,0.14,-0.28,-0.17,37.78,1.4325,10.49444444,1.4325
278015,0.15,-0.23,-0.12,,,10.5,1.432625
278025,0.12,-0.21,-0.06,,,10.50555556,1.43275
278035,0.12,-0.22,-0.09,,,10.51111111,1.432875
278045,0.11,-0.19,-0.16,37.86,1.433,10.51666667,1.433
278055,0.11,-0.12,-0.18,,,10.53958333,1.4331
278065,0.1,-0.07,-0.15,,,10.5625,1.4332
278075,0.08,-0.04,-0.08,,,10.58541667,1.4333
278085,0.07,-0.01,-0.1,38.19,1.4334,10.60833333,1.4334
278095,0.07,0.04,-0.17,,,10.60416667,1.4335
278105,0.09,0.1,-0.16,,,10.6,1.4336
278115,0.09,0.15,-0.05,,,10.59583333,1.4337
278125,0.04,0.21,-0.01,38.13,1.4338,10.59166667,1.4338
278135,0,0.29,-0.08,,,10.62708333,1.4339
278145,0,0.38,-0.14,,,10.6625,1.434
278155,0.01,0.46,-0.03,,,10.69791667,1.4341
278165,-0.01,0.5,0.03,38.64,1.4342,10.73333333,1.4342
278175,-0.02,0.53,-0.09,,,10.73819444,1.434325
278185,0.02,0.58,-0.15,,,10.74305556,1.43445
278195,0.02,0.62,-0.03,,,10.74791667,1.434575
278205,-0.02,0.67,0.06,38.71,1.4347,10.75277778,1.4347
278215,-0.12,0.68,0.16,,,10.78958333,1.4348
278225,-0.03,0.73,-0.16,,,10.82638889,1.4349
278235,-0.03,0.76,-0.17,,,10.86319444,1.435
278245,-0.04,0.8,-0.16,39.24,1.4351,10.9,1.4351
278255,-0.03,0.83,0.02,,,10.90763889,1.4352
278265,-0.04,0.85,-0.02,,,10.91527778,1.4353
278275,-0.03,0.88,0.11,,,10.92291667,1.4354
278285,-0.03,0.92,0.06,39.35,1.4355,10.93055556,1.4355
278295,-0.06,0.92,0.08,,,10.92152778,1.435625
278305,-0.03,0.96,0.07,,,10.9125,1.43575
278315,-0.01,1.02,0.12,,,10.90347222,1.435875
278325,-0.01,1.04,0.17,39.22,1.436,10.89444444,1.436
278335,-0.02,1.04,0.18,,,10.9125,1.4361
278345,-0.01,1.08,0.14,,,10.93055556,1.4362
278355,-0.02,1.11,0.14,,,10.94861111,1.4363
278365,-0.03,1.15,0.14,39.48,1.4364,10.96666667,1.4364
278375,-0.03,1.17,0.14,,,10.95555556,1.436525
278385,-0.03,1.19,0.14,,,10.94444444,1.43665
278395,-0.05,1.19,0.19,,,10.93333333,1.436775
278405,-0.05,1.19,0.09,39.32,1.4369,10.92222222,1.4369
278415,-0.03,1.21,0.18,,,10.89791667,1.437
278425,-0.04,1.22,0.23,,,10.87361111,1.4371
278435,-0.07,1.21,0.34,,,10.84930556,1.4372
278445,-0.05,1.2,0.26,38.97,1.4373,10.825,1.4373
278455,-0.04,1.22,0.23,,,10.83541667,1.4374
278465,-0.03,1.24,0.23,,,10.84583333,1.4375
278475,-0.04,1.25,0.26,,,10.85625,1.4376
278485,-0.01,1.26,0.14,39.12,1.4377,10.86666667,1.4377
278495,0.02,1.29,0.24,,,10.83541667,1.4378
278505,-0.01,1.26,0.26,,,10.80416667,1.4379
278515,0.02,1.26,0.09,,,10.77291667,1.438
278525,0.06,1.25,0.13,38.67,1.4381,10.74166667,1.4381
278535,0.02,1.27,0.19,,,10.73888889,1.438225
278545,0,1.29,0.05,,,10.73611111,1.43835
278555,0.03,1.33,0.05,,,10.73333333,1.438475
278565,0.04,1.34,0.15,38.63,1.4386,10.73055556,1.4386
278575,0.02,1.34,0.16,,,10.71736111,1.4387
278585,0.01,1.36,0.06,,,10.70416667,1.4388
278595,0.01,1.37,0,,,10.69097222,1.4389
278605,0.04,1.38,0.06,38.44,1.439,10.67777778,1.439
278615,0.01,1.35,0.21,,,10.65833333,1.4391
278625,0.01,1.33,0.06,,,10.63888889,1.4392
278635,0.02,1.32,0.02,,,10.61944444,1.4393
278645,0.03,1.3,0.1,38.16,1.4394,10.6,1.4394
278655,0.02,1.3,0.16,,,10.59583333,1.439525
278665,0.01,1.28,0.1,,,10.59166667,1.43965
278675,0.04,1.27,0.01,,,10.5875,1.439775
278685,0.08,1.28,0.02,38.1,1.4399,10.58333333,1.4399
278695,0.06,1.27,0.12,,,10.57916667,1.44
278705,0.03,1.26,0.1,,,10.575,1.4401
278715,0.02,1.28,0,,,10.57083333,1.4402
278725,0.03,1.28,-0.05,38.04,1.4403,10.56666667,1.4403
278735,0.07,1.27,-0.02,,,10.55625,1.4404
278745,0.06,1.22,0.09,,,10.54583333,1.4405
278755,0.06,1.18,0,,,10.53541667,1.4406
278765,0.08,1.15,-0.1,37.89,1.4407,10.525,1.4407
278775,0.09,1.13,-0.07,,,10.53333333,1.4408
278785,0.09,1.12,-0.05,,,10.54166667,1.4409
278795,0.09,1.11,-0.02,,,10.55,1.441
278805,0.08,1.09,0.01,38.01,1.4411,10.55833333,1.4411
278815,0.08,1.06,-0.03,,,10.53402778,1.4412
278825,0.07,1,-0.08,,,10.50972222,1.4413
278835,0.08,0.98,-0.12,,,10.48541667,1.4414
278845,0.11,0.94,-0.1,37.66,1.4415,10.46111111,1.4415
278855,0.12,0.87,-0.05,,,10.46666667,1.441625
278865,0.1,0.78,-0.01,,,10.47222222,1.44175
278875,0.08,0.72,-0.03,,,10.47777778,1.441875
278885,0.06,0.65,-0.05,37.74,1.442,10.48333333,1.442
278895,0.05,0.59,-0.1,,,10.48125,1.4421
278905,0.05,0.51,-0.15,,,10.47916667,1.4422
278915,0.06,0.44,-0.15,,,10.47708333,1.4423
278925,0.06,0.35,-0.1,37.71,1.4424,10.475,1.4424
278935,0.04,0.27,-0.08,,,10.46736111,1.4425
278945,0.02,0.22,-0.08,,,10.45972222,1.4426
278955,0.01,0.14,-0.06,,,10.45208333,1.4427
278965,0,0.05,-0.11,37.6,1.4428,10.44444444,1.4428
278975,0.02,-0.02,-0.16,,,10.45625,1.4429
278985,0.04,-0.08,-0.1,,,10.46805556,1.443
278995,0.04,-0.13,-0.02,,,10.47986111,1.4431
279005,0.03,-0.19,0.03,37.77,1.4432,10.49166667,1.4432
279015,0.03,-0.27,0,,,10.49027778,1.4433
279025,0.03,-0.31,-0.07,,,10.48888889,1.4434
279035,0.03,-0.33,-0.09,,,10.4875,1.4435
279045,0.04,-0.37,-0.1,37.75,1.4436,10.48611111,1.4436
279055,0.02,-0.44,-0.01,,,10.47291667,1.443725
279065,0.01,-0.49,0.03,,,10.45972222,1.44385
279075,0.02,-0.53,-0.04,,,10.44652778,1.443975
279085,0.03,-0.56,-0.1,37.56,1.4441,10.43333333,1.4441
279095,0.03,-0.6,-0.05,,,10.46111111,1.4442
279105,0.02,-0.64,0.02,,,10.48888889,1.4443
279115,0.01,-0.71,0.05,,,10.51666667,1.4444
279125,0,-0.76,-0.02,37.96,1.4445,10.54444444,1.4445
279135,0.04,-0.78,-0.08,,,10.53611111,1.4446
279145,0.05,-0.79,-0.01,,,10.52777778,1.4447
279155,0.03,-0.84,0.04,,,10.51944444,1.4448
279165,0.05,-0.87,-0.06,37.84,1.4449,10.51111111,1.4449
279175,0.07,-0.88,-0.02,,,10.50902778,1.445
279185,0.04,-0.92,0.07,,,10.50694444,1.4451
279195,0.08,-0.94,-0.02,,,10.50486111,1.4452
279205,0.08,-0.97,-0.05,37.81,1.4453,10.50277778,1.4453
279215,0.1,-0.99,-0.03,,,10.51111111,1.4454
279225,0.15,-0.96,-0.11,,,10.51944444,1.4455
279235,0.16,-0.99,0.01,,,10.52777778,1.4456
279245,0.17,-0.96,-0.12,37.93,1.4457,10.53611111,1.4457
279255,0.14,-1.01,-0.01,,,10.51666667,1.445825
279265,0.15,-1.03,-0.05,,,10.49722222,1.44595
279275,0.14,-1.04,-0.07,,,10.47777778,1.446075
279285,0.11,-1.07,-0.01,37.65,1.4462,10.45833333,1.4462
279295,0.12,-1.05,-0.06,,,10.49166667,1.4463
279305,0.1,-1.11,-0.02,,,10.525,1.4464
279315,0.08,-1.11,-0.09,,,10.55833333,1.4465
279325,0.08,-1.14,-0.06,38.13,1.4466,10.59166667,1.4466
279335,0.03,-1.18,0.02,,,10.61180556,1.4467
279345,0.06,-1.16,-0.04,,,10.63194444,1.4468
279355,0.02,-1.18,0.01,,,10.65208333,1.4469
279365,0.04,-1.15,-0.04,38.42,1.447,10.67222222,1.447
279375,0.04,-1.15,-0.02,,,10.69652778,1.4471
279385,0.06,-1.12,-0.07,,,10.72083333,1.4472
279395,0.05,-1.15,0,,,10.74513889,1.4473
279405,0.05,-1.16,0.01,38.77,1.4474,10.76944444,1.4474
279415,0.04,-1.14,-0.03,,,10.73819444,1.447525
279425,0.01,-1.18,0.04,,,10.70694444,1.44765
279435,0.05,-1.15,0.01,,,10.67569444,1.447775
279445,0.04,-1.18,0.08,38.32,1.4479,10.64444444,1.4479
279455,0.07,-1.15,-0.01,,,10.65902778,1.448
279465,0.04,-1.15,0.02,,,10.67361111,1.4481
279475,0.09,-1.16,0,,,10.68819444,1.4482
279485,0.09,-1.16,-0.04,38.53,1.4483,10.70277778,1.4483
279495,0.09,-1.21,-0.02,,,10.71527778,1.4484
279505,0.08,-1.19,-0.06,,,10.72777778,1.4485
279515,0.08,-1.21,0.03,,,10.74027778,1.4486
279525,0.07,-1.18,-0.02,38.71,1.4487,10.75277778,1.4487
279535,0.03,-1.23,0.06,,,10.74375,1.4488
279545,0.06,-1.21,-0.02,,,10.73472222,1.4489
279555,0.03,-1.24,0.07,,,10.72569444,1.449
279565,0.08,-1.19,0.02,38.58,1.4491,10.71666667,1.4491
279575,0.05,-1.23,-0.02,,,10.69861111,1.449225
279585,0.05,-1.21,-0.01,,,10.68055556,1.44935
279595,0.04,-1.18,0.02,,,10.6625,1.449475
279605,0.04,-1.18,0,38.32,1.4496,10.64444444,1.4496
279615,0.05,-1.17,-0.01,,,10.65138889,1.4497
279625,0.07,-1.21,0.03,,,10.65833333,1.4498
279635,0.09,-1.18,0.02,,,10.66527778,1.4499
279645,0.06,-1.26,0.06,38.42,1.45,10.67222222,1.45
279655,0.09,-1.23,-0.01,,,10.70555556,1.4501
279665,0.06,-1.24,-0.02,,,10.73888889,1.4502
279675,0.08,-1.19,-0.07,,,10.77222222,1.4503
279685,0.08,-1.21,-0.06,38.9,1.4504,10.80555556,1.4504
279695,0.09,-1.16,-0.11,,,10.79027778,1.450525
279705,0.09,-1.12,-0.09,,,10.775,1.45065
279715,0.09,-1.14,-0.07,,,10.75972222,1.450775
279725,0.12,-1.07,-0.12,38.68,1.4509,10.74444444,1.4509
279735,0.11,-1.05,-0.09,,,10.76944444,1.451
279745,0.15,-0.98,-0.12,,,10.79444444,1.4511
279755,0.14,-0.96,-0.11,,,10.81944444,1.4512
279765,0.14,-0.92,-0.08,39.04,1.4513,10.84444444,1.4513
279775,0.18,-0.87,-0.08,,,10.87083333,1.4514
279785,0.17,-0.88,-0.04,,,10.89722222,1.4515
279795,0.18,-0.83,-0.1,,,10.92361111,1.4516
279805,0.19,-0.75,-0.07,39.42,1.4517,10.95,1.4517
279815,0.16,-0.71,-0.09,,,10.96805556,1.451825
279825,0.19,-0.62,-0.15,,,10.98611111,1.45195
279835,0.16,-0.59,-0.08,,,11.00416667,1.452075
279845,0.14,-0.53,-0.14,39.68,1.4522,11.02222222,1.4522
279855,0.15,-0.46,-0.11,,,11.05277778,1.4523
279865,0.14,-0.47,-0.11,,,11.08333333,1.4524
279875,0.17,-0.41,-0.14,,,11.11388889,1.4525
279885,0.18,-0.37,-0.19,40.12,1.4526,11.14444444,1.4526
279895,0.18,-0.32,-0.17,,,11.15833333,1.452725
279905,0.18,-0.24,-0.17,,,11.17222222,1.45285
279915,0.14,-0.2,-0.15,,,11.18611111,1.452975
279925,0.15,-0.14,-0.21,40.32,1.4531,11.2,1.4531
279935,0.12,-0.16,-0.18,,,11.22152778,1.4532
279945,0.14,-0.14,-0.24,,,11.24305556,1.4533
279955,0.11,-0.08,-0.18,,,11.26458333,1.4534
279965,0.14,-0.02,-0.22,40.63,1.4535,11.28611111,1.4535
279975,0.12,0.05,-0.26,,,11.30763889,1.453625
279985,0.14,0.09,-0.27,,,11.32916667,1.45375
279995,0.1,0.16,-0.28,,,11.35069444,1.453875
280005,0.12,0.21,-0.27,40.94,1.454,11.37222222,1.454
280015,0.09,0.27,-0.22,,,11.40972222,1.4541
280025,0.12,0.36,-0.24,,,11.44722222,1.4542
280035,0.07,0.41,-0.17,,,11.48472222,1.4543
280045,0.14,0.51,-0.14,41.48,1.4544,11.52222222,1.4544
280055,0.11,0.53,-0.14,,,11.55416667,1.454525
280065,0.11,0.61,-0.1,,,11.58611111,1.45465
280075,0.16,0.65,-0.13,,,11.61805556,1.454775
280085,0.09,0.7,-0.13,41.94,1.4549,11.65,1.4549
280095,0.05,0.75,-0.06,,,11.68194444,1.455025
280105,0.12,0.74,-0.04,,,11.71388889,1.45515
280115,0.13,0.73,-0.07,,,11.74583333,1.455275
280125,0.1,0.79,-0.04,42.4,1.4554,11.77777778,1.4554
280135,0.16,0.86,-0.01,,,11.82222222,1.4555
280145,0.24,0.92,-0.1,,,11.86666667,1.4556
280155,0.2,0.93,-0.15,,,11.91111111,1.4557
280165,0.12,0.97,-0.04,43.04,1.4558,11.95555556,1.4558
280175,0.18,1.04,0,,,11.95138889,1.455925
280185,0.27,1.07,-0.14,,,11.94722222,1.45605
280195,0.28,1.06,-0.26,,,11.94305556,1.456175
280205,0.2,1.08,-0.22,42.98,1.4563,11.93888889,1.4563
280215,0.11,1.12,-0.12,,,11.95486111,1.456425
280225,0.19,1.14,-0.13,,,11.97083333,1.45655
280235,0.29,1.15,-0.21,,,11.98680556,1.456675
280245,0.3,1.15,-0.28,43.21,1.4568,12.00277778,1.4568
280255,0.18,1.18,-0.21,,,12.04166667,1.456925
280265,0.11,1.22,-0.1,,,12.08055556,1.45705
280275,0.14,1.28,-0.07,,,12.11944444,1.457175
280285,0.26,1.25,-0.14,43.77,1.4573,12.15833333,1.4573
280295,0.38,1.25,-0.22,,,12.13472222,1.457425
280305,0.39,1.21,-0.35,,,12.11111111,1.45755
280315,0.32,1.21,-0.39,,,12.0875,1.457675
280325,0.18,1.21,-0.31,43.43,1.4578,12.06388889,1.4578
280335,0.11,1.27,-0.22,,,12.09027778,1.4579
280345,0.18,1.28,-0.19,,,12.11666667,1.458
280355,0.27,1.29,-0.23,,,12.14305556,1.4581
280365,0.33,1.31,-0.32,43.81,1.4582,12.16944444,1.4582
280375,0.35,1.33,-0.34,,,12.16805556,1.458325
280385,0.37,1.31,-0.35,,,12.16666667,1.45845
280395,0.38,1.3,-0.43,,,12.16527778,1.458575
280405,0.34,1.29,-0.49,43.79,1.4587,12.16388889,1.4587
280415,0.29,1.22,-0.48,,,12.18888889,1.458825
280425,0.16,1.2,-0.39,,,12.21388889,1.45895
280435,0.04,1.22,-0.28,,,12.23888889,1.459075
280445,-0.01,1.25,-0.15,44.15,1.4592,12.26388889,1.4592
280455,-0.03,1.33,-0.05,,,12.26944444,1.459325
280465,-0.01,1.39,0.01,,,12.275,1.45945
280475,0.01,1.41,0.03,,,12.28055556,1.459575
280485,0.01,1.43,0.12,44.23,1.4597,12.28611111,1.4597
280495,0.01,1.44,0.17,,,12.30833333,1.459825
280505,0.04,1.4,0.21,,,12.33055556,1.45995
280515,0.08,1.42,0.22,,,12.35277778,1.460075
280525,0.15,1.46,0.21,44.55,1.4602,12.375,1.4602
280535,0.24,1.45,0.17,,,12.36805556,1.460325
280545,0.35,1.49,0.06,,,12.36111111,1.46045
280555,0.43,1.54,0,,,12.35416667,1.460575
280565,0.46,1.59,-0.02,44.45,1.4607,12.34722222,1.4607
280575,0.48,1.6,-0.05,,,12.35972222,1.460825
280585,0.48,1.59,-0.05,,,12.37222222,1.46095
280595,0.42,1.54,0.02,,,12.38472222,1.461075
280605,0.31,1.47,0.09,44.63,1.4612,12.39722222,1.4612
280615,0.19,1.39,0.14,,,12.42569444,1.461325
280625,0.07,1.33,0.17,,,12.45416667,1.46145
280635,-0.02,1.3,0.15,,,12.48263889,1.461575
280645,-0.05,1.31,0.1,45.04,1.4617,12.51111111,1.4617
280655,-0.05,1.31,0.03,,,12.52638889,1.461825
280665,-0.04,1.33,-0.08,,,12.54166667,1.46195
280675,0.03,1.31,-0.19,,,12.55694444,1.462075
280685,0.15,1.26,-0.34,45.26,1.4622,12.57222222,1.4622
280695,0.27,1.26,-0.44,,,12.57986111,1.462325
280705,0.36,1.28,-0.48,,,12.5875,1.46245
280715,0.36,1.3,-0.39,,,12.59513889,1.462575
280725,0.31,1.31,-0.29,45.37,1.4627,12.60277778,1.4627
280735,0.22,1.29,-0.12,,,12.64097222,1.462825
280745,0.16,1.21,-0.01,,,12.67916667,1.46295
280755,0.14,1.19,0.04,,,12.71736111,1.463075
280765,0.17,1.13,-0.05,45.92,1.4632,12.75555556,1.4632
280775,0.25,1.1,-0.22,,,12.75763889,1.463325
280785,0.34,1.06,-0.36,,,12.75972222,1.46345
280795,0.42,1.06,-0.47,,,12.76180556,1.463575
280805,0.47,1.09,-0.48,45.95,1.4637,12.76388889,1.4637
280815,0.49,1.12,-0.44,,,12.81527778,1.463825
280825,0.49,1.12,-0.37,,,12.86666667,1.46395
280835,0.43,1.14,-0.26,,,12.91805556,1.464075
280845,0.31,1.12,-0.12,46.69,1.4642,12.96944444,1.4642
280855,0.21,1.08,0.02,,,12.98958333,1.46435
280865,0.11,1.01,0.11,,,13.00972222,1.4645
280875,0.02,0.96,0.17,,,13.02986111,1.46465
280885,-0.04,0.83,0.21,46.98,1.4648,13.05,1.4648
280895,-0.11,0.71,0.21,,,13.05902778,1.464925
280905,-0.13,0.6,0.15,,,13.06805556,1.46505
280915,-0.1,0.47,0.04,,,13.07708333,1.465175
280925,-0.03,0.42,-0.14,47.11,1.4653,13.08611111,1.4653
280935,-0.09,0.37,0,,,13.13125,1.465425
280945,0.05,0.27,-0.2,,,13.17638889,1.46555
280955,0.12,0.18,-0.3,,,13.22152778,1.465675
280965,0.11,0.17,-0.31,47.76,1.4658,13.26666667,1.4658
280975,0.06,0.14,-0.24,,,13.30694444,1.465925
280985,0.02,0.08,-0.21,,,13.34722222,1.46605
280995,0.03,0.03,-0.25,,,13.3875,1.466175
281005,0.07,-0.04,-0.4,48.34,1.4663,13.42777778,1.4663
281015,0.18,-0.07,-0.52,,,13.46666667,1.46645
281025,0.22,-0.11,-0.54,,,13.50555556,1.4666
281035,0.17,-0.21,-0.49,,,13.54444444,1.46675
281045,0.16,-0.28,-0.48,48.9,1.4669,13.58333333,1.4669
281055,0.2,-0.33,-0.53,,,13.61666667,1.467025
281065,0.23,-0.39,-0.47,,,13.65,1.46715
281075,0.32,-0.45,-0.45,,,13.68333333,1.467275
281085,0.33,-0.48,-0.43,49.38,1.4674,13.71666667,1.4674
281095,0.32,-0.49,-0.42,,,13.75138889,1.46755
281105,0.37,-0.48,-0.44,,,13.78611111,1.4677
281115,0.33,-0.5,-0.39,,,13.82083333,1.46785
281125,0.3,-0.55,-0.39,49.88,1.468,13.85555556,1.468
281135,0.25,-0.62,-0.38,,,13.84513889,1.468125
281145,0.27,-0.7,-0.35,,,13.83472222,1.46825
281155,0.26,-0.72,-0.35,,,13.82430556,1.468375
281165,0.3,-0.76,-0.41,49.73,1.4685,13.81388889,1.4685
281175,0.3,-0.76,-0.4,,,13.90069444,1.46865
281185,0.34,-0.79,-0.43,,,13.9875,1.4688
281195,0.34,-0.81,-0.43,,,14.07430556,1.46895
281205,0.33,-0.84,-0.42,50.98,1.4691,14.16111111,1.4691
281215,0.31,-0.88,-0.42,,,14.17430556,1.46925
281225,0.27,-0.9,-0.42,,,14.1875,1.4694
281235,0.29,-0.92,-0.41,,,14.20069444,1.46955
281245,0.38,-0.98,-0.4,51.17,1.4697,14.21388889,1.4697
281255,0.35,-0.97,-0.38,,,14.2625,1.469825
281265,0.36,-0.98,-0.4,,,14.31111111,1.46995
281275,0.36,-1,-0.39,,,14.35972222,1.470075
281285,0.36,-0.98,-0.36,51.87,1.4702,14.40833333,1.4702
281295,0.36,-0.99,-0.34,,,14.44791667,1.47035
281305,0.36,-0.99,-0.32,,,14.4875,1.4705
281315,0.39,-0.93,-0.3,,,14.52708333,1.47065
281325,0.43,-0.96,-0.3,52.44,1.4708,14.56666667,1.4708
281335,0.42,-0.92,-0.35,,,14.6,1.47095
281345,0.42,-0.95,-0.39,,,14.63333333,1.4711
281355,0.41,-0.92,-0.39,,,14.66666667,1.47125
281365,0.43,-0.94,-0.39,52.92,1.4714,14.7,1.4714
281375,0.43,-0.98,-0.39,,,14.73819444,1.47155
281385,0.43,-0.97,-0.39,,,14.77638889,1.4717
281395,0.45,-0.97,-0.41,,,14.81458333,1.47185
281405,0.49,-0.98,-0.41,53.47,1.472,14.85277778,1.472
281415,0.49,-0.96,-0.41,,,14.89166667,1.47215
281425,0.47,-1.01,-0.42,,,14.93055556,1.4723
281435,0.41,-0.97,-0.4,,,14.96944444,1.47245
281445,0.39,-1.04,-0.41,54.03,1.4726,15.00833333,1.4726
281455,0.36,-1.08,-0.4,,,15.06875,1.47275
281465,0.39,-1.06,-0.4,,,15.12916667,1.4729
281475,0.48,-1.05,-0.37,,,15.18958333,1.47305
281485,0.51,-0.99,-0.35,54.9,1.4732,15.25,1.4732
281495,0.56,-0.96,-0.35,,,15.28333333,1.47335
281505,0.58,-0.93,-0.33,,,15.31666667,1.4735
281515,0.57,-0.89,-0.31,,,15.35,1.47365
281525,0.55,-0.89,-0.31,55.38,1.4738,15.38333333,1.4738
281535,0.5,-0.86,-0.3,,,15.42916667,1.47395
281545,0.49,-0.83,-0.33,,,15.475,1.4741
281555,0.49,-0.81,-0.35,,,15.52083333,1.47425
281565,0.52,-0.76,-0.33,56.04,1.4744,15.56666667,1.4744
281575,0.47,-0.75,-0.34,,,15.57152778,1.474575
281585,0.42,-0.72,-0.3,,,15.57638889,1.47475
281595,0.39,-0.72,-0.29,,,15.58125,1.474925
281605,0.37,-0.74,-0.28,56.11,1.4751,15.58611111,1.4751
281615,0.33,-0.73,-0.27,,,15.63194444,1.47525
281625,0.3,-0.79,-0.26,,,15.67777778,1.4754
281635,0.28,-0.77,-0.28,,,15.72361111,1.47555
281645,0.31,-0.77,-0.31,56.77,1.4757,15.76944444,1.4757
281655,0.3,-0.74,-0.29,,,15.79236111,1.47585
281665,0.28,-0.74,-0.28,,,15.81527778,1.476
281675,0.28,-0.75,-0.29,,,15.83819444,1.47615
281685,0.24,-0.79,-0.32,57.1,1.4763,15.86111111,1.4763
281695,0.21,-0.88,-0.3,,,15.89583333,1.476475
281705,0.19,-0.86,-0.33,,,15.93055556,1.47665
281715,0.18,-0.87,-0.35,,,15.96527778,1.476825
281725,0.17,-0.89,-0.35,57.6,1.477,16,1.477
281735,0.18,-0.81,-0.33,,,16.04027778,1.47715
281745,0.19,-0.84,-0.3,,,16.08055556,1.4773
281755,0.21,-0.82,-0.3,,,16.12083333,1.47745
281765,0.22,-0.91,-0.31,58.18,1.4776,16.16111111,1.4776
281775,0.22,-0.9,-0.3,,,16.17222222,1.477775
281785,0.22,-0.93,-0.3,,,16.18333333,1.47795
281795,0.27,-0.93,-0.28,,,16.19444444,1.478125
281805,0.28,-0.88,-0.32,58.34,1.4783,16.20555556,1.4783
281815,0.29,-0.89,-0.36,,,16.32083333,1.47845
281825,0.3,-0.84,-0.37,,,16.43611111,1.4786
281835,0.33,-0.93,-0.35,,,16.55138889,1.47875
281845,0.34,-0.91,-0.31,60,1.4789,16.66666667,1.4789
281855,0.38,-1,-0.32,,,16.63541667,1.479075
281865,0.37,-0.97,-0.32,,,16.60416667,1.47925
281875,0.38,-0.94,-0.34,,,16.57291667,1.479425
281885,0.41,-0.93,-0.31,59.55,1.4796,16.54166667,1.4796
281895,0.39,-0.87,-0.33,,,16.58194444,1.479775
281905,0.37,-0.92,-0.31,,,16.62222222,1.47995
281915,0.38,-0.88,-0.28,,,16.6625,1.480125
281925,0.38,-0.93,-0.29,60.13,1.4803,16.70277778,1.4803
281935,0.42,-0.88,-0.31,,,16.74583333,1.48045
281945,0.45,-0.87,-0.27,,,16.78888889,1.4806
281955,0.46,-0.83,-0.29,,,16.83194444,1.48075
281965,0.43,-0.73,-0.3,60.75,1.4809,16.875,1.4809
281975,0.39,-0.74,-0.29,,,16.93402778,1.481075
281985,0.38,-0.66,-0.29,,,16.99305556,1.48125
281995,0.4,-0.73,-0.28,,,17.05208333,1.481425
282005,0.37,-0.69,-0.28,61.6,1.4816,17.11111111,1.4816
282015,0.4,-0.7,-0.24,,,17.14583333,1.481775
282025,0.41,-0.63,-0.21,,,17.18055556,1.48195
282035,0.47,-0.6,-0.2,,,17.21527778,1.482125
282045,0.44,-0.55,-0.21,62.1,1.4823,17.25,1.4823
282055,0.42,-0.56,-0.25,,,17.26527778,1.482475
282065,0.37,-0.61,-0.24,,,17.28055556,1.48265
282075,0.32,-0.6,-0.27,,,17.29583333,1.482825
282085,0.3,-0.65,-0.22,62.32,1.483,17.31111111,1.483
282095,0.29,-0.6,-0.21,,,17.35069444,1.483175
282105,0.33,-0.64,-0.15,,,17.39027778,1.48335
282115,0.34,-0.58,-0.09,,,17.42986111,1.483525
282125,0.3,-0.6,-0.08,62.89,1.4837,17.46944444,1.4837
282135,0.25,-0.69,-0.08,,,17.49027778,1.483875
282145,0.23,-0.72,-0.1,,,17.51111111,1.48405
282155,0.23,-0.8,-0.07,,,17.53194444,1.484225
282165,0.23,-0.78,-0.1,63.19,1.4844,17.55277778,1.4844
282175,0.28,-0.83,-0.07,,,17.56944444,1.484575
282185,0.28,-0.76,-0.16,,,17.58611111,1.48475
282195,0.25,-0.84,-0.18,,,17.60277778,1.484925
282205,0.2,-0.83,-0.15,63.43,1.4851,17.61944444,1.4851
282215,0.17,-0.95,-0.16,,,17.6375,1.485275
282225,0.16,-0.92,-0.16,,,17.65555556,1.48545
282235,0.16,-0.96,-0.18,,,17.67361111,1.485625
282245,0.17,-0.95,-0.15,63.69,1.4858,17.69166667,1.4858
282255,0.17,-0.96,-0.14,,,17.72291667,1.485975
282265,0.17,-1,-0.16,,,17.75416667,1.48615
282275,0.19,-0.99,-0.2,,,17.78541667,1.486325
282285,0.23,-1.04,-0.16,64.14,1.4865,17.81666667,1.4865
282295,0.29,-1.02,-0.14,,,17.86805556,1.486675
282305,0.29,-1.04,-0.15,,,17.91944444,1.48685
282315,0.24,-0.97,-0.14,,,17.97083333,1.487025
282325,0.23,-1.05,-0.15,64.88,1.4872,18.02222222,1.4872
282335,0.22,-0.98,-0.17,,,18.00138889,1.487375
282345,0.18,-1.09,-0.15,,,17.98055556,1.48755
282355,0.18,-1.03,-0.17,,,17.95972222,1.487725
282365,0.2,-1.06,-0.2,64.58,1.4879,17.93888889,1.4879
282375,0.2,-0.97,-0.19,,,17.97916667,1.4881
282385,0.2,-1.02,-0.2,,,18.01944444,1.4883
282395,0.21,-0.96,-0.2,,,18.05972222,1.4885
282405,0.18,-1.03,-0.19,65.16,1.4887,18.1,1.4887
282415,0.16,-0.99,-0.19,,,18.13402778,1.488875
282425,0.18,-0.99,-0.22,,,18.16805556,1.48905
282435,0.18,-0.98,-0.16,,,18.20208333,1.489225
282445,0.21,-0.93,-0.15,65.65,1.4894,18.23611111,1.4894
282455,0.2,-0.93,-0.2,,,18.27152778,1.489575
282465,0.15,-0.87,-0.21,,,18.30694444,1.48975
282475,0.14,-0.88,-0.17,,,18.34236111,1.489925
282485,0.14,-0.79,-0.2,66.16,1.4901,18.37777778,1.4901
282495,0.14,-0.8,-0.21,,,18.41180556,1.4903
282505,0.2,-0.68,-0.21,,,18.44583333,1.4905
282515,0.22,-0.71,-0.23,,,18.47986111,1.4907
282525,0.19,-0.6,-0.27,66.65,1.4909,18.51388889,1.4909
282535,0.23,-0.67,-0.24,,,18.54652778,1.491075
282545,0.23,-0.56,-0.28,,,18.57916667,1.49125
282555,0.31,-0.59,-0.23,,,18.61180556,1.491425
282565,0.31,-0.49,-0.26,67.12,1.4916,18.64444444,1.4916
282575,0.32,-0.5,-0.25,,,18.66666667,1.4918
282585,0.3,-0.43,-0.28,,,18.68888889,1.492
282595,0.28,-0.42,-0.34,,,18.71111111,1.4922
282605,0.24,-0.4,-0.32,67.44,1.4924,18.73333333,1.4924
282615,0.24,-0.41,-0.35,,,18.75347222,1.492575
282625,0.23,-0.4,-0.33,,,18.77361111,1.49275
282635,0.22,-0.38,-0.31,,,18.79375,1.492925
282645,0.21,-0.35,-0.29,67.73,1.4931,18.81388889,1.4931
282655,0.23,-0.26,-0.24,,,18.85416667,1.4933
282665,0.29,-0.25,-0.25,,,18.89444444,1.4935
282675,0.22,-0.18,-0.25,,,18.93472222,1.4937
282685,0.17,-0.23,-0.22,68.31,1.4939,18.975,1.4939
282695,0.13,-0.12,-0.24,,,18.97847222,1.494075
282705,0.14,-0.17,-0.18,,,18.98194444,1.49425
282715,0.12,-0.03,-0.14,,,18.98541667,1.494425
282725,0.1,-0.07,-0.09,68.36,1.4946,18.98888889,1.4946
282735,0.06,0.05,-0.14,,,19.03055556,1.4948
282745,0.04,0.04,-0.09,,,19.07222222,1.495
282755,0.05,0.17,-0.03,,,19.11388889,1.4952
282765,0.06,0.16,0.01,68.96,1.4954,19.15555556,1.4954
282775,0.08,0.3,0.01,,,19.15208333,1.4956
282785,0.08,0.28,0.04,,,19.14861111,1.4958
282795,0.06,0.33,0.06,,,19.14513889,1.496
282805,0.05,0.32,0.11,68.91,1.4962,19.14166667,1.4962
282815,0.02,0.37,0.07,,,19.13888889,1.496375
282825,0,0.42,0.08,,,19.13611111,1.49655
282835,-0.02,0.46,0.1,,,19.13333333,1.496725
282845,-0.01,0.59,0.06,68.87,1.4969,19.13055556,1.4969
282855,-0.02,0.61,0.07,,,19.09583333,1.4971
282865,-0.03,0.7,0.05,,,19.06111111,1.4973
282875,-0.07,0.62,0.09,,,19.02638889,1.4975
282885,-0.02,0.68,0.08,68.37,1.4977,18.99166667,1.4977
282895,0.07,0.63,0.05,,,18.99305556,1.4979
282905,0.11,0.75,0.01,,,18.99444444,1.4981
282915,0.23,0.75,-0.01,,,18.99583333,1.4983
282925,0.31,0.84,-0.04,68.39,1.4985,18.99722222,1.4985
282935,0.31,0.82,-0.12,,,19.01597222,1.498675
282945,0.29,0.88,-0.2,,,19.03472222,1.49885
282955,0.28,0.79,-0.26,,,19.05347222,1.499025
282965,0.33,0.86,-0.27,68.66,1.4992,19.07222222,1.4992
282975,0.36,0.76,-0.19,,,19.09861111,1.4994
282985,0.4,0.87,-0.14,,,19.125,1.4996
282995,0.37,0.81,-0.13,,,19.15138889,1.4998
283005,0.39,0.92,-0.17,69.04,1.5,19.17777778,1.5
283015,0.45,0.81,-0.17,,,19.22152778,1.5002
283025,0.42,0.87,-0.19,,,19.26527778,1.5004
283035,0.45,0.81,-0.18,,,19.30902778,1.5006
283045,0.47,0.91,-0.19,69.67,1.5008,19.35277778,1.5008
283055,0.46,0.86,-0.16,,,19.35347222,1.500975
283065,0.41,0.95,-0.18,,,19.35416667,1.50115
283075,0.36,0.91,-0.16,,,19.35486111,1.501325
283085,0.36,0.93,-0.19,69.68,1.5015,19.35555556,1.5015
283095,0.38,0.84,-0.15,,,19.36805556,1.5017
283105,0.41,0.9,-0.14,,,19.38055556,1.5019
283115,0.45,0.9,-0.13,,,19.39305556,1.5021
283125,0.47,1.01,-0.16,69.86,1.5023,19.40555556,1.5023
283135,0.45,1.01,-0.15,,,19.45,1.5025
283145,0.43,1.12,-0.16,,,19.49444444,1.5027
283155,0.38,1.11,-0.13,,,19.53888889,1.5029
283165,0.34,1.2,-0.11,70.5,1.5031,19.58333333,1.5031
283175,0.32,1.18,-0.08,,,19.56111111,1.5033
283185,0.25,1.29,-0.09,,,19.53888889,1.5035
283195,0.25,1.27,-0.09,,,19.51666667,1.5037
283205,0.26,1.37,-0.1,70.18,1.5039,19.49444444,1.5039
283215,0.19,1.37,-0.11,,,19.51597222,1.504075
283225,0.15,1.43,-0.12,,,19.5375,1.50425
283235,0.12,1.4,-0.09,,,19.55902778,1.504425
283245,0.1,1.46,-0.08,70.49,1.5046,19.58055556,1.5046
283255,0.1,1.45,-0.08,,,19.58125,1.5048
283265,0.09,1.53,-0.11,,,19.58194444,1.505
283275,0.15,1.47,-0.08,,,19.58263889,1.5052
283285,0.16,1.51,-0.11,70.5,1.5054,19.58333333,1.5054
283295,0.15,1.44,-0.1,,,19.55138889,1.5056
283305,0.15,1.42,-0.11,,,19.51944444,1.5058
283315,0.18,1.33,-0.1,,,19.4875,1.506
283325,0.15,1.37,-0.12,70.04,1.5062,19.45555556,1.5062
283335,0.13,1.33,-0.09,,,19.47708333,1.5064
283345,0.15,1.36,-0.07,,,19.49861111,1.5066
283355,0.18,1.32,-0.01,,,19.52013889,1.5068
283365,0.22,1.35,-0.01,70.35,1.507,19.54166667,1.507
283375,0.27,1.25,0.05,,,19.52708333,1.5072
283385,0.29,1.29,-0.02,,,19.5125,1.5074
283395,0.29,1.26,-0.04,,,19.49791667,1.5076
283405,0.3,1.29,-0.05,70.14,1.5078,19.48333333,1.5078
283415,0.32,1.3,-0.08,,,19.48611111,1.507975
283425,0.31,1.31,-0.09,,,19.48888889,1.50815
283435,0.29,1.28,-0.24,,,19.49166667,1.508325
283445,0.26,1.29,-0.24,70.18,1.5085,19.49444444,1.5085
283455,0.23,1.38,-0.25,,,19.51458333,1.5087
283465,0.25,1.43,-0.26,,,19.53472222,1.5089
283475,0.27,1.5,-0.21,,,19.55486111,1.5091
283485,0.28,1.46,-0.29,70.47,1.5093,19.575,1.5093
283495,0.32,1.42,-0.32,,,19.57569444,1.5095
283505,0.35,1.31,-0.34,,,19.57638889,1.5097
283515,0.3,1.38,-0.35,,,19.57708333,1.5099
283525,0.29,1.4,-0.4,70.48,1.5101,19.57777778,1.5101
283535,0.39,1.4,-0.34,,,19.60833333,1.5103
283545,0.48,1.33,-0.33,,,19.63888889,1.5105
283555,0.42,1.27,-0.35,,,19.66944444,1.5107
283565,0.43,1.2,-0.45,70.92,1.5109,19.7,1.5109
283575,0.4,1.18,-0.45,,,19.74652778,1.5111
283585,0.36,1.17,-0.44,,,19.79305556,1.5113
283595,0.39,1.1,-0.48,,,19.83958333,1.5115
283605,0.4,1.14,-0.45,71.59,1.5117,19.88611111,1.5117
283615,0.43,1.06,-0.44,,,19.91041667,1.5119
283625,0.38,1.06,-0.42,,,19.93472222,1.5121
283635,0.32,1.08,-0.44,,,19.95902778,1.5123
283645,0.3,1.17,-0.4,71.94,1.5125,19.98333333,1.5125
283655,0.3,1.23,-0.43,,,20.02083333,1.5127
283665,0.34,1.19,-0.4,,,20.05833333,1.5129
283675,0.33,1.11,-0.35,,,20.09583333,1.5131
283685,0.31,1.04,-0.38,72.48,1.5133,20.13333333,1.5133
283695,0.3,1.01,-0.4,,,20.18958333,1.5135
283705,0.31,0.99,-0.36,,,20.24583333,1.5137
283715,0.31,0.99,-0.36,,,20.30208333,1.5139
283725,0.37,0.9,-0.4,73.29,1.5141,20.35833333,1.5141
283735,0.38,0.7,-0.36,,,20.39027778,1.5143
283745,0.35,0.46,-0.28,,,20.42222222,1.5145
283755,0.32,0.33,-0.25,,,20.45416667,1.5147
283765,0.36,0.17,-0.24,73.75,1.5149,20.48611111,1.5149
283775,0.44,0.09,-0.23,,,20.53125,1.5151
283785,0.44,-0.05,-0.21,,,20.57638889,1.5153
283795,0.46,-0.13,-0.29,,,20.62152778,1.5155
283805,0.45,-0.32,-0.27,74.4,1.5157,20.66666667,1.5157
283815,0.47,-0.46,-0.23,,,20.66944444,1.515925
283825,0.43,-0.48,-0.23,,,20.67222222,1.51615
283835,0.45,-0.5,-0.26,,,20.675,1.516375
283845,0.5,-0.53,-0.26,74.44,1.5166,20.67777778,1.5166
283855,0.5,-0.61,-0.32,,,20.69791667,1.5168
283865,0.47,-0.7,-0.31,,,20.71805556,1.517
283875,0.5,-0.82,-0.25,,,20.73819444,1.5172
283885,0.49,-0.85,-0.25,74.73,1.5174,20.75833333,1.5174
283895,0.49,-0.89,-0.28,,,20.77430556,1.5176
283905,0.49,-0.93,-0.3,,,20.79027778,1.5178
283915,0.46,-1.03,-0.29,,,20.80625,1.518
283925,0.46,-1.12,-0.31,74.96,1.5182,20.82222222,1.5182
