I,X,Y,Z,V0,D0,V,s
1563247,-0.1,-0.48,0.19,40.68,18.0382,11.3,18.0382
1563257,-0.12,-0.44,0.22,,,11.27013889,18.038325
1563267,-0.15,-0.44,0.25,,,11.24027778,18.03845
1563277,-0.16,-0.42,0.21,,,11.21041667,18.038575
1563287,-0.16,-0.42,0.24,40.25,18.0387,11.25138889,18.03865
1563297,-0.17,-0.42,0.25,,,11.18611111,18.0388
1563307,-0.17,-0.4,0.26,,,11.19166667,18.0389
1563317,-0.17,-0.36,0.26,,,11.19722222,18.039
1563327,-0.16,-0.33,0.26,40.33,18.0391,11.00972222,18.03915
1563337,-0.15,-0.27,0.27,,,11.11180556,18.039225
1563347,-0.14,-0.22,0.27,,,11.02083333,18.03935
1563357,-0.15,-0.17,0.3,,,10.92986111,18.039475
1563367,-0.17,-0.11,0.31,39.02,18.0396,11.03611111,18.03955
1563377,-0.2,-0.08,0.34,,,10.84652778,18.0397
1563387,-0.2,-0.04,0.33,,,10.85416667,18.0398
1563397,-0.23,-0.04,0.34,,,10.86180556,18.0399
1563407,-0.25,-0.01,0.36,39.13,18.04,10.73888889,18.04
1563417,-0.27,0.03,0.36,,,10.81180556,18.0401
1563427,-0.29,0.08,0.35,,,10.75416667,18.0402
1563437,-0.3,0.13,0.35,,,10.69652778,18.0403
1563447,-0.3,0.19,0.37,38.3,18.0404,10.6625,18.0404
1563457,-0.29,0.26,0.37,,,10.59305556,18.0405
1563467,-0.28,0.33,0.37,,,10.54722222,18.0406
1563477,-0.26,0.39,0.39,,,10.50138889,18.0407
1563487,-0.27,0.42,0.43,37.64,18.0408,10.48194444,18.0408
1563497,-0.27,0.46,0.4,,,10.42291667,18.0409
1563507,-0.28,0.5,0.43,,,10.39027778,18.041
1563517,-0.29,0.52,0.44,,,10.35763889,18.0411
1563527,-0.32,0.55,0.45,37.17,18.0412,10.35,18.04125
1563537,-0.34,0.58,0.46,,,10.30486111,18.041325
1563547,-0.34,0.63,0.45,,,10.28472222,18.04145
1563557,-0.34,0.66,0.47,,,10.26458333,18.041575
1563567,-0.33,0.67,0.47,36.88,18.0417,10.12361111,18.04165
1563577,-0.32,0.71,0.47,,,10.16388889,18.0418
1563587,-0.3,0.75,0.47,,,10.08333333,18.0419
1563597,-0.28,0.79,0.47,,,10.00277778,18.042
1563607,-0.28,0.83,0.49,35.72,18.0421,9.984722222,18.04205
1563617,-0.26,0.86,0.47,,,9.872916667,18.042175
1563627,-0.27,0.89,0.46,,,9.823611111,18.04225
1563637,-0.28,0.89,0.49,,,9.774305556,18.042325
1563647,-0.28,0.9,0.53,35.01,18.0424,9.780555556,18.04245
1563657,-0.27,0.91,0.52,,,9.703472222,18.0425
1563667,-0.28,0.93,0.52,,,9.681944444,18.0426
1563677,-0.29,0.95,0.52,,,9.660416667,18.0427
1563687,-0.29,0.96,0.52,34.7,18.0428,9.570833333,18.0428
1563697,-0.3,0.98,0.51,,,9.583333333,18.0429
1563707,-0.29,0.99,0.51,,,9.527777778,18.043
1563717,-0.28,1.02,0.5,,,9.472222222,18.0431
1563727,-0.27,1.05,0.5,33.9,18.0432,9.445833333,18.0432
1563737,-0.25,1.08,0.47,,,9.375694444,18.0433
1563747,-0.24,1.1,0.46,,,9.334722222,18.0434
1563757,-0.23,1.1,0.45,,,9.29375,18.0435
1563767,-0.22,1.1,0.43,33.31,18.0436,9.25,18.04355
1563777,-0.21,1.08,0.44,,,9.210416667,18.043675
1563787,-0.22,1.07,0.44,,,9.168055556,18.04375
1563797,-0.22,1.09,0.44,,,9.125694444,18.043825
1563807,-0.2,1.09,0.44,32.7,18.0439,9.115277778,18.04395
1563817,-0.2,1.1,0.46,,,9.056944444,18.044
1563827,-0.18,1.09,0.43,,,9.030555556,18.0441
1563837,-0.19,1.07,0.45,,,9.004166667,18.0442
1563847,-0.17,1.07,0.39,32.32,18.0443,8.901388889,18.0443
1563857,-0.19,1.09,0.42,,,8.913194444,18.0444
1563867,-0.17,1.12,0.34,,,8.848611111,18.0445
1563877,-0.17,1.13,0.35,,,8.784027778,18.0446
1563887,-0.15,1.13,0.32,31.39,18.0447,8.783333333,18.04465
1563897,-0.14,1.14,0.28,,,8.686805556,18.044775
1563907,-0.13,1.13,0.28,,,8.654166667,18.04485
1563917,-0.1,1.1,0.27,,,8.621527778,18.044925
1563927,-0.09,1.08,0.26,30.92,18.045,8.577777778,18.04505
1563937,-0.08,1.07,0.19,,,8.550694444,18.0451
1563947,-0.08,1.03,0.21,,,8.5125,18.0452
1563957,-0.06,1.01,0.14,,,8.474305556,18.0453
1563967,-0.06,0.97,0.16,30.37,18.0454,8.491666667,18.04535
1563977,-0.05,0.95,0.14,,,8.425694444,18.045475
1563987,-0.03,0.92,0.12,,,8.415277778,18.04555
1563997,-0.03,0.88,0.13,,,8.404861111,18.045625
1564007,-0.02,0.86,0.12,30.22,18.0457,8.380555556,18.0457
1564017,-0.02,0.82,0.14,,,8.377083333,18.045775
1564027,-0.01,0.79,0.1,,,8.359722222,18.04585
1564037,-0.02,0.75,0.13,,,8.342361111,18.045925
1564047,-0.01,0.71,0.1,29.97,18.046,8.336111111,18.04605
1564057,-0.01,0.67,0.1,,,8.313194444,18.0461
1564067,0,0.62,0.11,,,8.301388889,18.0462
1564077,0,0.6,0.09,,,8.289583333,18.0463
1564087,0,0.56,0.09,29.8,18.0464,8.315277778,18.04635
1564097,0,0.53,0.05,,,8.284722222,18.046475
1564107,-0.01,0.5,0.08,,,8.291666667,18.04655
1564117,-0.01,0.45,0.07,,,8.298611111,18.046625
1564127,-0.01,0.41,0.07,29.9,18.0467,8.197222222,18.0467
1564137,-0.01,0.36,0.09,,,8.258333333,18.046775
1564147,0,0.34,0.05,,,8.211111111,18.04685
1564157,-0.01,0.29,0.08,,,8.163888889,18.046925
1564167,-0.01,0.26,0.05,29.22,18.047,8.194444444,18.04705
1564177,-0.02,0.22,0.05,,,8.108333333,18.0471
1564187,-0.02,0.18,0.05,,,8.1,18.0472
1564197,-0.02,0.14,0.03,,,8.091666667,18.0473
1564207,-0.02,0.11,0.03,29.1,18.0474,8.072222222,18.04735
1564217,-0.01,0.08,0.02,,,8.069444444,18.047475
1564227,-0.02,0.06,0.02,,,8.055555556,18.04755
1564237,-0.02,0.03,0.01,,,8.041666667,18.047625
1564247,-0.01,0.02,-0.02,28.9,18.0477,8.011111111,18.0477
1564257,-0.02,0,0.01,,,8.005555556,18.047775
1564267,-0.02,-0.03,0,,,7.983333333,18.04785
1564277,0,-0.07,0.01,,,7.961111111,18.047925
1564287,0.01,-0.12,0.01,28.58,18.048,7.980555556,18.048
1564297,0.01,-0.16,0.04,,,7.9375,18.048075
1564307,0.01,-0.22,0.05,,,7.936111111,18.04815
1564317,0,-0.27,0.07,,,7.934722222,18.048225
1564327,-0.02,-0.32,0.08,28.56,18.0483,7.972222222,18.0483
1564337,-0.06,-0.39,0.15,,,7.951388889,18.048375
1564347,-0.05,-0.45,0.09,,,7.969444444,18.04845
1564357,-0.08,-0.52,0.11,,,7.9875,18.048525
1564367,-0.09,-0.59,0.13,28.82,18.0486,7.895833333,18.04865
1564377,-0.08,-0.64,0.13,,,7.96875,18.0487
1564387,-0.07,-0.7,0.12,,,7.931944444,18.0488
1564397,-0.06,-0.74,0.11,,,7.895138889,18.0489
1564407,-0.04,-0.78,0.13,28.29,18.049,7.956944444,18.04895
1564417,-0.05,-0.8,0.11,,,7.870833333,18.049075
1564427,-0.06,-0.85,0.15,,,7.883333333,18.04915
1564437,-0.04,-0.86,0.15,,,7.895833333,18.049225
1564447,-0.05,-0.89,0.14,28.47,18.0493,7.902777778,18.0493
1564457,-0.06,-0.91,0.17,,,7.918055556,18.049375
1564467,-0.08,-0.95,0.18,,,7.927777778,18.04945
1564477,-0.09,-0.98,0.2,,,7.9375,18.049525
1564487,-0.09,-1.03,0.18,28.61,18.0496,7.930555556,18.0496
1564497,-0.07,-1.02,0.14,,,7.948611111,18.049675
1564507,-0.08,-1.02,0.18,,,7.95,18.04975
1564517,-0.07,-0.99,0.2,,,7.951388889,18.049825
1564527,-0.06,-1,0.19,28.63,18.0499,7.873611111,18.0499
1564537,-0.06,-1.03,0.19,,,7.914583333,18.049975
1564547,-0.06,-1.05,0.19,,,7.876388889,18.05005
1564557,-0.06,-1.07,0.18,,,7.838194444,18.050125
1564567,-0.06,-1.07,0.19,28.08,18.0502,7.897222222,18.05025
1564577,-0.05,-1.07,0.19,,,7.810416667,18.0503
1564587,-0.06,-1.06,0.19,,,7.820833333,18.0504
1564597,-0.07,-1.05,0.18,,,7.83125,18.0505
1564607,-0.07,-1.05,0.18,28.23,18.0506,7.776388889,18.05055
1564617,-0.08,-1.07,0.17,,,7.819444444,18.050675
1564627,-0.09,-1.08,0.17,,,7.797222222,18.05075
1564637,-0.12,-1.11,0.24,,,7.775,18.050825
1564647,-0.11,-1.13,0.22,27.91,18.0509,7.777777778,18.0509
1564657,-0.07,-1.13,0.2,,,7.743055556,18.050975
1564667,-0.07,-1.13,0.18,,,7.733333333,18.05105
1564677,-0.08,-1.12,0.19,,,7.723611111,18.051125
1564687,-0.08,-1.11,0.18,27.77,18.0512,7.65,18.0512
1564697,-0.08,-1.13,0.16,,,7.672222222,18.051275
1564707,-0.08,-1.15,0.16,,,7.630555556,18.05135
1564717,-0.08,-1.14,0.14,,,7.588888889,18.051425
1564727,-0.08,-1.13,0.12,27.17,18.0515,7.693055556,18.0515
1564737,-0.08,-1.12,0.14,,,7.578472222,18.051575
1564747,-0.07,-1.11,0.11,,,7.609722222,18.05165
1564757,-0.06,-1.1,0.09,,,7.640972222,18.051725
1564767,-0.06,-1.12,0.13,27.62,18.0518,7.511111111,18.0518
1564777,-0.05,-1.12,0.13,,,7.622916667,18.051875
1564787,-0.04,-1.13,0.1,,,7.573611111,18.05195
1564797,-0.04,-1.12,0.08,,,7.524305556,18.052025
1564807,-0.04,-1.11,0.05,26.91,18.0521,7.569444444,18.0521
1564817,-0.03,-1.11,0.06,,,7.472916667,18.052175
1564827,-0.01,-1.1,0.07,,,7.470833333,18.05225
1564837,-0.01,-1.1,0.03,,,7.46875,18.052325
1564847,-0.03,-1.1,0.03,26.88,18.0524,7.548611111,18.0524
1564857,-0.03,-1.1,0.07,,,7.505555556,18.052475
1564867,-0.01,-1.08,0.05,,,7.544444444,18.05255
1564877,-0.01,-1.06,0.02,,,7.583333333,18.052625
1564887,-0.01,-1.06,0.05,27.44,18.0527,7.463888889,18.0527
1564897,0,-1.06,0.03,,,7.581944444,18.052775
1564907,0.02,-1.04,-0.01,,,7.541666667,18.05285
1564917,0.01,-1.03,-0.03,,,7.501388889,18.052925
1564927,0.01,-1.06,0.04,26.86,18.053,7.640277778,18.053
1564937,0.02,-1.05,0.02,,,7.510416667,18.053075
1564947,0.03,-1.02,-0.03,,,7.559722222,18.05315
1564957,0.03,-1.03,-0.03,,,7.609027778,18.053225
1564967,0.04,-1.05,-0.06,27.57,18.0533,7.530555556,18.0533
1564977,0.05,-1.03,-0.09,,,7.64375,18.053375
1564987,0.04,-1.03,-0.07,,,7.629166667,18.05345
1564997,0.04,-1.03,-0.07,,,7.614583333,18.053525
1565007,0.03,-1.01,-0.1,27.36,18.0536,7.620833333,18.0536
1565017,0.03,-1.03,-0.02,,,7.595833333,18.053675
1565027,0.03,-1.04,-0.01,,,7.591666667,18.05375
1565037,0.03,-1.02,-0.02,,,7.5875,18.053825
1565047,0.03,-1.04,0,27.3,18.0539,7.688888889,18.0539
1565057,0.05,-1,-0.02,,,7.631944444,18.053975
1565067,0.05,-0.99,-0.01,,,7.680555556,18.05405
1565077,0.04,-1,0.01,,,7.729166667,18.054125
1565087,0.04,-0.99,-0.02,28,18.0542,7.688888889,18.0542
1565097,0.01,-1.02,0.01,,,7.781944444,18.054275
1565107,0.02,-1.04,0.01,,,7.786111111,18.05435
1565117,0.04,-1.05,-0.02,,,7.790277778,18.054425
1565127,0.04,-1.07,-0.02,28.06,18.0545,7.790277778,18.0545
1565137,0.06,-1.03,-0.02,,,7.796527778,18.054575
1565147,0.07,-1.02,-0.05,,,7.798611111,18.05465
1565157,0.1,-1.02,-0.05,,,7.800694444,18.054725
1565167,0.13,-1.01,-0.05,28.09,18.0548,7.790277778,18.0548
1565177,0.13,-0.99,-0.06,,,7.798611111,18.054875
1565187,0.14,-0.99,-0.06,,,7.794444444,18.05495
1565197,0.11,-0.97,-0.06,,,7.790277778,18.055025
1565207,0.07,-1.01,-0.04,28.03,18.0551,7.915277778,18.05515
1565217,0.04,-1.02,-0.01,,,7.846527778,18.0552
1565227,0.02,-1.06,0.05,,,7.906944444,18.0553
1565237,0.02,-1.06,0.03,,,7.967361111,18.0554
1565247,0.03,-1.04,0.02,28.9,18.0555,7.898611111,18.05545
1565257,0.04,-1.04,0,,,8.023611111,18.055575
1565267,0.05,-1.03,0,,,8.019444444,18.05565
1565277,0.09,-0.99,-0.01,,,8.015277778,18.055725
1565287,0.09,-0.97,-0.06,28.84,18.0558,8.031944444,18.0558
1565297,0.09,-0.96,-0.09,,,8.017361111,18.055875
1565307,0.11,-0.97,-0.11,,,8.023611111,18.05595
1565317,0.09,-1,-0.11,,,8.029861111,18.056025
1565327,0.08,-1.01,-0.08,28.93,18.0561,8.086111111,18.0561
1565337,0.09,-1.02,-0.08,,,8.067361111,18.056175
1565347,0.12,-1.01,-0.07,,,8.098611111,18.05625
1565357,0.16,-0.98,-0.09,,,8.129861111,18.056325
1565367,0.19,-0.94,-0.14,29.38,18.0564,8.102777778,18.0564
1565377,0.18,-0.96,-0.21,,,8.163194444,18.056475
1565387,0.18,-0.94,-0.21,,,8.165277778,18.05655
1565397,0.19,-0.91,-0.26,,,8.167361111,18.056625
1565407,0.19,-0.86,-0.3,29.41,18.0567,8.198611111,18.05675
1565417,0.19,-0.85,-0.27,,,8.186111111,18.0568
1565427,0.17,-0.82,-0.25,,,8.202777778,18.0569
1565437,0.16,-0.85,-0.24,,,8.219444444,18.057
1565447,0.14,-0.89,-0.22,29.65,18.0571,8.2375,18.05705
1565457,0.15,-0.89,-0.2,,,8.253472222,18.057175
1565467,0.15,-0.85,-0.2,,,8.270833333,18.05725
1565477,0.16,-0.81,-0.22,,,8.288194444,18.057325
1565487,0.17,-0.78,-0.23,29.9,18.0574,8.344444444,18.0574
1565497,0.2,-0.73,-0.28,,,8.342361111,18.057475
1565507,0.18,-0.69,-0.32,,,8.379166667,18.05755
1565517,0.16,-0.66,-0.3,,,8.415972222,18.057625
1565527,0.14,-0.64,-0.29,30.43,18.0577,8.420833333,18.05775
1565537,0.14,-0.61,-0.24,,,8.473611111,18.0578
1565547,0.15,-0.6,-0.2,,,8.494444444,18.0579
1565557,0.15,-0.57,-0.16,,,8.515277778,18.058
1565567,0.18,-0.53,-0.17,30.73,18.0581,8.548611111,18.05805
1565577,0.18,-0.52,-0.17,,,8.563194444,18.058175
1565587,0.19,-0.52,-0.13,,,8.590277778,18.05825
1565597,0.19,-0.49,-0.08,,,8.617361111,18.058325
1565607,0.19,-0.47,-0.09,31.12,18.0584,8.656944444,18.05845
1565617,0.18,-0.47,-0.09,,,8.677777778,18.0585
1565627,0.2,-0.45,-0.08,,,8.711111111,18.0586
1565637,0.2,-0.44,-0.08,,,8.744444444,18.0587
1565647,0.19,-0.42,-0.1,31.6,18.0588,8.768055556,18.05875
1565657,0.16,-0.41,-0.12,,,8.80625,18.058875
1565667,0.16,-0.39,-0.13,,,8.834722222,18.05895
1565677,0.17,-0.37,-0.2,,,8.863194444,18.059025
1565687,0.17,-0.36,-0.28,32.01,18.0591,8.877777778,18.05915
1565697,0.18,-0.36,-0.31,,,8.913194444,18.0592
1565707,0.19,-0.35,-0.3,,,8.934722222,18.0593
1565717,0.19,-0.3,-0.3,,,8.95625,18.0594
1565727,0.18,-0.26,-0.32,32.32,18.0595,9.033333333,18.05945
1565737,0.15,-0.25,-0.34,,,9.027083333,18.059575
1565747,0.13,-0.28,-0.3,,,9.076388889,18.05965
1565757,0.14,-0.34,-0.27,,,9.125694444,18.059725
1565767,0.14,-0.35,-0.27,33.03,18.0598,9.088888889,18.05985
1565777,0.16,-0.33,-0.25,,,9.18125,18.0599
1565787,0.16,-0.27,-0.26,,,9.1875,18.06
1565797,0.18,-0.25,-0.26,,,9.19375,18.0601
1565807,0.18,-0.25,-0.25,33.12,18.0602,9.231944444,18.0602
1565817,0.18,-0.24,-0.22,,,9.222222222,18.0603
1565827,0.18,-0.26,-0.21,,,9.244444444,18.0604
1565837,0.18,-0.26,-0.22,,,9.266666667,18.0605
1565847,0.19,-0.26,-0.21,33.44,18.0606,9.361111111,18.06055
1565857,0.2,-0.24,-0.22,,,9.347222222,18.060675
1565867,0.22,-0.23,-0.23,,,9.405555556,18.06075
1565877,0.21,-0.22,-0.23,,,9.463888889,18.060825
1565887,0.2,-0.22,-0.22,34.28,18.0609,9.405555556,18.06095
1565897,0.18,-0.2,-0.23,,,9.522222222,18.061
1565907,0.17,-0.23,-0.25,,,9.522222222,18.0611
1565917,0.17,-0.26,-0.26,,,9.522222222,18.0612
1565927,0.16,-0.27,-0.25,34.28,18.0613,9.606944444,18.0613
1565937,0.15,-0.26,-0.26,,,9.564583333,18.0614
1565947,0.15,-0.21,-0.25,,,9.606944444,18.0615
1565957,0.15,-0.18,-0.24,,,9.649305556,18.0616
1565967,0.16,-0.17,-0.22,34.89,18.0617,9.719444444,18.0617
1565977,0.15,-0.18,-0.21,,,9.747916667,18.0618
1565987,0.13,-0.19,-0.21,,,9.804166667,18.0619
1565997,0.13,-0.21,-0.23,,,9.860416667,18.062
1566007,0.14,-0.23,-0.23,35.7,18.0621,9.804166667,18.0621
1566017,0.16,-0.24,-0.23,,,9.916666667,18.0622
1566027,0.18,-0.24,-0.23,,,9.916666667,18.0623
1566037,0.18,-0.23,-0.16,,,9.916666667,18.0624
1566047,0.21,-0.21,-0.13,35.7,18.0625,10.00555556,18.0625
1566057,0.22,-0.17,-0.12,,,9.961111111,18.0626
1566067,0.2,-0.17,-0.07,,,10.00555556,18.0627
1566077,0.18,-0.17,-0.09,,,10.05,18.0628
1566087,0.15,-0.2,-0.1,36.34,18.0629,10.01111111,18.0629
1566097,0.13,-0.21,-0.11,,,10.09722222,18.063
1566107,0.1,-0.21,-0.17,,,10.1,18.0631
1566117,0.09,-0.24,-0.24,,,10.10277778,18.0632
1566127,0.07,-0.25,-0.19,36.38,18.0633,10.18611111,18.0633
1566137,0.08,-0.24,-0.16,,,10.14861111,18.0634
1566147,0.1,-0.22,-0.19,,,10.19166667,18.0635
1566157,0.1,-0.24,-0.18,,,10.23472222,18.0636
1566167,0.09,-0.27,-0.15,37,18.0637,10.30138889,18.0637
1566177,0.08,-0.29,-0.17,,,10.33263889,18.0638
1566187,0.1,-0.29,-0.24,,,10.3875,18.0639
1566197,0.15,-0.26,-0.24,,,10.44236111,18.064
1566207,0.17,-0.23,-0.17,37.79,18.0641,10.34305556,18.0641
1566217,0.14,-0.2,-0.15,,,10.475,18.0642
1566227,0.13,-0.21,-0.2,,,10.45277778,18.0643
1566237,0.12,-0.22,-0.28,,,10.43055556,18.0644
1566247,0.13,-0.23,-0.27,37.47,18.0645,10.56111111,18.0645
1566257,0.12,-0.27,-0.2,,,10.4625,18.0646
1566267,0.11,-0.31,-0.22,,,10.51666667,18.0647
1566277,0.12,-0.28,-0.3,,,10.57083333,18.0648
1566287,0.13,-0.26,-0.25,38.25,18.0649,10.62916667,18.06495
1566297,0.11,-0.28,-0.16,,,10.68125,18.065025
1566307,0.08,-0.3,-0.18,,,10.7375,18.06515
1566317,0.09,-0.31,-0.25,,,10.79375,18.065275
1566327,0.12,-0.32,-0.17,39.06,18.0654,10.70694444,18.06535
1566337,0.11,-0.35,-0.1,,,10.83472222,18.0655
1566347,0.12,-0.34,-0.18,,,10.81944444,18.0656
1566357,0.16,-0.32,-0.17,,,10.80416667,18.0657
1566367,0.12,-0.35,-0.07,38.84,18.0658,10.89305556,18.0658
1566377,0.12,-0.36,-0.09,,,10.82569444,18.0659
1566387,0.17,-0.34,-0.14,,,10.8625,18.066
1566397,0.17,-0.37,-0.03,,,10.89930556,18.0661
1566407,0.19,-0.41,-0.1,39.37,18.0662,10.79166667,18.06625
1566417,0.22,-0.4,-0.11,,,10.90069444,18.066325
1566427,0.22,-0.42,-0.11,,,10.86527778,18.06645
1566437,0.21,-0.36,-0.17,,,10.82986111,18.066575
1566447,0.16,-0.37,-0.15,38.86,18.0667,10.92083333,18.06665
1566457,0.12,-0.41,-0.14,,,10.82222222,18.0668
1566467,0.14,-0.39,-0.22,,,10.85,18.0669
1566477,0.13,-0.46,-0.14,,,10.87777778,18.067
1566487,0.17,-0.49,-0.22,39.26,18.0671,10.9375,18.0671
1566497,0.16,-0.47,-0.22,,,10.94930556,18.0672
1566507,0.17,-0.52,-0.23,,,10.99305556,18.0673
1566517,0.22,-0.48,-0.24,,,11.03680556,18.0674
1566527,0.18,-0.52,-0.21,39.89,18.0675,11.09444444,18.06755
1566537,0.17,-0.48,-0.24,,,11.13125,18.067625
1566547,0.13,-0.54,-0.17,,,11.18194444,18.06775
1566557,0.17,-0.52,-0.19,,,11.23263889,18.067875
1566567,0.16,-0.53,-0.14,40.62,18.068,11.20416667,18.06795
1566577,0.2,-0.52,-0.19,,,11.29444444,18.0681
1566587,0.14,-0.55,-0.2,,,11.30555556,18.0682
1566597,0.15,-0.51,-0.26,,,11.31666667,18.0683
1566607,0.1,-0.54,-0.23,40.78,18.0684,11.32083333,18.06845
1566617,0.13,-0.55,-0.25,,,11.33541667,18.068525
1566627,0.06,-0.6,-0.19,,,11.34305556,18.06865
1566637,0.05,-0.6,-0.19,,,11.35069444,18.068775
1566647,0.05,-0.62,-0.19,40.89,18.0689,11.41111111,18.0689
1566657,0.06,-0.6,-0.21,,,11.39236111,18.069025
1566667,0.03,-0.63,-0.15,,,11.42638889,18.06915
1566677,0.08,-0.59,-0.21,,,11.46041667,18.069275
1566687,0.04,-0.64,-0.15,41.38,18.0694,11.49444444,18.06935
1566697,0.07,-0.64,-0.17,,,11.52847222,18.0695
1566707,0.09,-0.62,-0.2,,,11.5625,18.0696
1566717,0.09,-0.58,-0.17,,,11.59652778,18.0697
1566727,0.13,-0.59,-0.14,41.87,18.0698,11.59861111,18.06985
1566737,0.1,-0.61,-0.08,,,11.64861111,18.069925
1566747,0.14,-0.57,-0.14,,,11.66666667,18.07005
1566757,0.15,-0.6,-0.11,,,11.68472222,18.070175
1566767,0.13,-0.59,-0.09,42.13,18.0703,11.70833333,18.0703
1566777,0.12,-0.65,-0.11,,,11.72361111,18.070425
1566787,0.07,-0.6,-0.12,,,11.74444444,18.07055
1566797,0.05,-0.64,-0.06,,,11.76527778,18.070675
1566807,0,-0.59,-0.06,42.43,18.0708,11.75416667,18.07075
1566817,0.05,-0.61,-0.09,,,11.79097222,18.0709
1566827,0.03,-0.66,-0.11,,,11.79583333,18.071
1566837,0.03,-0.67,-0.09,,,11.80069444,18.0711
1566847,0.08,-0.69,-0.08,42.5,18.0712,11.81111111,18.07125
1566857,0.06,-0.69,-0.1,,,11.81319444,18.071325
1566867,0.08,-0.68,-0.07,,,11.82083333,18.07145
1566877,0.06,-0.71,-0.06,,,11.82847222,18.071575
1566887,0.04,-0.68,-0.02,42.61,18.0717,11.79027778,18.0717
1566897,0.08,-0.71,0,,,11.82083333,18.071825
1566907,0.03,-0.71,0.03,,,11.80555556,18.07195
1566917,0.07,-0.75,0.01,,,11.79027778,18.072075
1566927,0.12,-0.79,-0.06,42.39,18.0722,11.875,18.07215
1566937,0.08,-0.78,-0.16,,,11.80972222,18.0723
1566947,0.05,-0.73,-0.1,,,11.84444444,18.0724
1566957,0.08,-0.75,-0.11,,,11.87916667,18.0725
1566967,0.04,-0.76,-0.13,42.89,18.0726,11.85416667,18.07265
1566977,0.1,-0.76,-0.12,,,11.91875,18.072725
1566987,0.12,-0.82,-0.14,,,11.92361111,18.07285
1566997,0.04,-0.85,-0.2,,,11.92847222,18.072975
1567007,0.09,-0.82,-0.18,42.96,18.0731,11.93888889,18.0731
1567017,0.12,-0.82,-0.2,,,11.94097222,18.073225
1567027,0.06,-0.77,-0.19,,,11.94861111,18.07335
1567037,0.05,-0.72,-0.05,,,11.95625,18.073475
1567047,0.06,-0.77,-0.06,43.07,18.0736,11.98888889,18.0736
1567057,0.04,-0.77,-0.16,,,11.98402778,18.073725
1567067,0.07,-0.75,-0.14,,,12.00416667,18.07385
1567077,0.14,-0.75,-0.13,,,12.02430556,18.073975
1567087,0.16,-0.81,-0.2,43.36,18.0741,12.05277778,18.0741
1567097,0.1,-0.83,-0.16,,,12.06875,18.074225
1567107,0.13,-0.81,-0.15,,,12.09305556,18.07435
1567117,0.15,-0.8,-0.15,,,12.11736111,18.074475
1567127,0.07,-0.77,-0.12,43.71,18.0746,12.10138889,18.0746
1567137,0.07,-0.77,-0.01,,,12.14583333,18.074725
1567147,0.13,-0.79,-0.05,,,12.15,18.07485
1567157,0.14,-0.83,-0.17,,,12.15416667,18.074975
1567167,0.05,-0.86,-0.22,43.77,18.0751,12.15138889,18.07505
1567177,0.05,-0.83,-0.16,,,12.15902778,18.0752
1567187,0.16,-0.84,-0.13,,,12.15972222,18.0753
1567197,0.16,-0.88,-0.16,,,12.16041667,18.0754
1567207,0.08,-0.91,-0.12,43.78,18.0755,12.22083333,18.07555
1567217,0.12,-0.95,-0.03,,,12.19166667,18.075625
1567227,0.19,-0.93,-0.12,,,12.22222222,18.07575
1567237,0.22,-0.94,-0.31,,,12.25277778,18.075875
1567247,0.17,-0.95,-0.41,44.22,18.076,12.20694444,18.076
1567257,0.08,-0.94,-0.3,,,12.27569444,18.076125
1567267,0.08,-0.9,-0.16,,,12.26805556,18.07625
1567277,0.15,-0.92,-0.17,,,12.26041667,18.076375
1567287,0.11,-0.96,-0.28,44.11,18.0765,12.30555556,18.0765
1567297,0.01,-0.99,-0.25,,,12.27152778,18.076625
1567307,0.01,-1.02,-0.17,,,12.29027778,18.07675
1567317,0.07,-1,-0.09,,,12.30902778,18.076875
1567327,0.15,-0.99,-0.15,44.38,18.077,12.32916667,18.077
1567337,0.17,-0.94,-0.13,,,12.34722222,18.077125
1567347,0.2,-0.97,-0.35,,,12.36666667,18.07725
1567357,0.12,-0.97,-0.42,,,12.38611111,18.077375
1567367,0.01,-1.01,-0.34,44.66,18.0775,12.35833333,18.0775
1567377,0.08,-1.04,-0.16,,,12.40138889,18.077625
1567387,0.18,-1.06,-0.18,,,12.39722222,18.07775
1567397,0.27,-1.05,-0.25,,,12.39305556,18.077875
1567407,0.35,-1.1,-0.4,44.6,18.078,12.4125,18.078
1567417,0.3,-1.09,-0.48,,,12.39652778,18.078125
1567427,0.23,-1.1,-0.37,,,12.40416667,18.07825
1567437,0.11,-1.18,-0.18,,,12.41180556,18.078375
1567447,0.03,-1.21,-0.01,44.71,18.0785,12.43472222,18.0785
1567457,0.06,-1.1,0.07,,,12.43472222,18.078625
1567467,0.15,-1.06,0.14,,,12.45,18.07875
1567477,0.27,-0.99,0.11,,,12.46527778,18.078875
1567487,0.3,-1.05,-0.03,44.93,18.079,12.46805556,18.079
1567497,0.26,-1.1,-0.1,,,12.48958333,18.079125
1567507,0.13,-1.04,-0.03,,,12.49861111,18.07925
1567517,0.11,-1.04,0.09,,,12.50763889,18.079375
1567527,0.17,-1.08,0.13,45.06,18.0795,12.48888889,18.0795
1567537,0.26,-1.1,0.03,,,12.51180556,18.079625
1567547,0.33,-1.04,-0.1,,,12.50694444,18.07975
1567557,0.38,-1.12,-0.19,,,12.50208333,18.079875
1567567,0.41,-1.09,-0.3,44.99,18.08,12.55972222,18.08
1567577,0.39,-1.06,-0.38,,,12.52361111,18.080125
1567587,0.4,-0.94,-0.5,,,12.55,18.08025
1567597,0.37,-0.94,-0.6,,,12.57638889,18.080375
1567607,0.31,-0.95,-0.58,45.37,18.0805,12.51805556,18.0805
1567617,0.28,-1,-0.56,,,12.58680556,18.080625
1567627,0.21,-1.01,-0.43,,,12.57083333,18.08075
1567637,0.17,-1.01,-0.33,,,12.55486111,18.080875
1567647,0.17,-1.02,-0.14,45.14,18.081,12.62083333,18.081
1567657,0.17,-1.06,0.03,,,12.56388889,18.081125
1567667,0.2,-1.09,0.1,,,12.58888889,18.08125
1567677,0.23,-1.13,0.03,,,12.61388889,18.081375
1567687,0.29,-1.16,-0.06,45.5,18.0815,12.60694444,18.0815
1567697,0.39,-1.14,-0.1,,,12.64791667,18.081625
1567707,0.48,-1.16,-0.26,,,12.65694444,18.08175
1567717,0.56,-1.15,-0.43,,,12.66597222,18.081875
1567727,0.64,-1.18,-0.59,45.63,18.082,12.65138889,18.082
1567737,0.58,-1.18,-0.46,,,12.67222222,18.082125
1567747,0.53,-1.2,-0.33,,,12.66944444,18.08225
1567757,0.54,-1.16,-0.39,,,12.66666667,18.082375
1567767,0.59,-1.14,-0.44,45.59,18.0825,12.6875,18.0825
1567777,0.61,-1.11,-0.46,,,12.67291667,18.082625
1567787,0.58,-1.1,-0.52,,,12.68194444,18.08275
1567797,0.55,-1.1,-0.56,,,12.69097222,18.082875
1567807,0.46,-1.13,-0.56,45.72,18.083,12.65555556,18.083
1567817,0.41,-1.14,-0.56,,,12.68680556,18.083125
1567827,0.39,-1.18,-0.57,,,12.67361111,18.08325
1567837,0.41,-1.19,-0.56,,,12.66041667,18.083375
1567847,0.42,-1.16,-0.42,45.53,18.0835,12.70416667,18.0835
1567857,0.38,-1.17,-0.26,,,12.6625,18.083625
1567867,0.29,-1.14,-0.11,,,12.67777778,18.08375
1567877,0.17,-1.13,0.04,,,12.69305556,18.083875
1567887,0.14,-1.15,0.07,45.75,18.084,12.66111111,18.084
1567897,0.03,-1.16,0.11,,,12.7,18.084125
1567907,-0.04,-1.17,0.17,,,12.69166667,18.08425
1567917,-0.04,-1.22,0.16,,,12.68333333,18.084375
1567927,0.06,-1.23,0.05,45.63,18.0845,12.75555556,18.0845
1567937,0.08,-1.26,-0.09,,,12.70694444,18.084625
1567947,0.09,-1.28,-0.23,,,12.73888889,18.08475
1567957,0.11,-1.27,-0.33,,,12.77083333,18.084875
1567967,0.12,-1.24,-0.43,46.09,18.085,12.71388889,18.08505
1567977,0.14,-1.25,-0.52,,,12.79027778,18.08515
1567987,0.13,-1.24,-0.61,,,12.77777778,18.0853
1567997,0.1,-1.24,-0.61,,,12.76527778,18.08545
1568007,0.12,-1.25,-0.6,45.91,18.0856,12.78194444,18.08555
1568017,0.16,-1.22,-0.61,,,12.75486111,18.085725
1568027,0.23,-1.15,-0.62,,,12.75694444,18.08585
1568037,0.24,-1.13,-0.49,,,12.75902778,18.085975
1568047,0.22,-1.1,-0.32,45.94,18.0861,12.78472222,18.0861
1568057,0.15,-1.13,-0.18,,,12.775,18.086225
1568067,0.13,-1.18,-0.17,,,12.78888889,18.08635
1568077,0.14,-1.22,-0.27,,,12.80277778,18.086475
1568087,0.23,-1.23,-0.43,46.14,18.0866,12.79166667,18.0866
1568097,0.3,-1.26,-0.52,,,12.81805556,18.086725
1568107,0.33,-1.21,-0.47,,,12.81944444,18.08685
1568117,0.35,-1.17,-0.34,,,12.82083333,18.086975
1568127,0.28,-1.18,-0.22,46.16,18.0871,12.87916667,18.0871
1568137,0.28,-1.16,-0.26,,,12.85208333,18.087225
1568147,0.35,-1.16,-0.39,,,12.88194444,18.08735
1568157,0.39,-1.18,-0.44,,,12.91180556,18.087475
1568167,0.44,-1.16,-0.4,46.59,18.0876,12.90277778,18.0876
1568177,0.43,-1.17,-0.31,,,12.95208333,18.087725
1568187,0.36,-1.24,-0.26,,,12.9625,18.08785
1568197,0.26,-1.23,-0.14,,,12.97291667,18.087975
1568207,0.2,-1.29,-0.03,46.74,18.0881,12.98472222,18.0881
1568217,0.22,-1.3,-0.08,,,12.99444444,18.088225
1568227,0.27,-1.25,-0.25,,,13.00555556,18.08835
1568237,0.36,-1.21,-0.41,,,13.01666667,18.088475
1568247,0.4,-1.21,-0.46,46.9,18.0886,13.11388889,18.08865
1568257,0.48,-1.15,-0.42,,,13.08194444,18.08875
1568267,0.5,-1.12,-0.35,,,13.13611111,18.0889
1568277,0.44,-1.08,-0.21,,,13.19027778,18.08905
1568287,0.4,-1.03,-0.16,47.68,18.0892,13.15555556,18.08915
1568297,0.43,-1.02,-0.23,,,13.25416667,18.089325
1568307,0.47,-1,-0.32,,,13.26388889,18.08945
1568317,0.5,-0.94,-0.26,,,13.27361111,18.089575
1568327,0.47,-0.92,-0.11,47.82,18.0897,13.32222222,18.0897
1568337,0.46,-0.92,-0.03,,,13.3125,18.089825
1568347,0.49,-0.91,-0.11,,,13.34166667,18.08995
1568357,0.55,-0.93,-0.2,,,13.37083333,18.090075
1568367,0.5,-0.93,-0.21,48.24,18.0902,13.40694444,18.09025
1568377,0.46,-0.98,-0.16,,,13.43263889,18.09035
1568387,0.45,-0.96,-0.14,,,13.46527778,18.0905
1568397,0.49,-0.93,-0.1,,,13.49791667,18.09065
1568407,0.45,-0.96,-0.13,48.71,18.0908,13.37222222,18.09075
1568417,0.45,-0.96,-0.21,,,13.48402778,18.090925
1568427,0.41,-0.97,-0.25,,,13.4375,18.09105
1568437,0.31,-1.05,-0.18,,,13.39097222,18.091175
1568447,0.18,-1.09,-0.05,48.04,18.0913,13.60138889,18.0913
1568457,0.12,-1.09,-0.02,,,13.42638889,18.091425
1568467,0.12,-1.11,-0.12,,,13.50833333,18.09155
1568477,0.15,-1.11,-0.15,,,13.59027778,18.091675
1568487,0.05,-1.09,-0.16,49.22,18.0918,13.57777778,18.09185
1568497,0.15,-1.08,-0.19,,,13.70694444,18.09195
1568507,0.21,-1.04,-0.25,,,13.74166667,18.0921
1568517,0.18,-1.01,-0.22,,,13.77638889,18.09225
1568527,0.16,-1,-0.1,49.72,18.0924,13.71388889,18.09235
1568537,0.25,-1,-0.13,,,13.79722222,18.092525
1568547,0.29,-0.97,-0.22,,,13.78333333,18.09265
1568557,0.27,-0.97,-0.23,,,13.76944444,18.092775
1568567,0.29,-0.94,-0.25,49.52,18.0929,13.83055556,18.09295
1568577,0.31,-0.91,-0.19,,,13.77916667,18.09305
1568587,0.31,-0.87,-0.17,,,13.80277778,18.0932
1568597,0.35,-0.81,-0.19,,,13.82638889,18.09335
1568607,0.36,-0.85,-0.16,49.86,18.0935,13.88333333,18.09345
1568617,0.36,-0.9,-0.21,,,13.89027778,18.093625
1568627,0.37,-0.91,-0.33,,,13.93055556,18.09375
1568637,0.33,-0.91,-0.34,,,13.97083333,18.093875
1568647,0.36,-0.89,-0.34,50.44,18.094,13.97638889,18.09405
1568657,0.4,-0.89,-0.32,,,14.03402778,18.09415
1568667,0.4,-0.91,-0.31,,,14.05694444,18.0943
1568677,0.38,-0.9,-0.3,,,14.07986111,18.09445
1568687,0.32,-0.89,-0.27,50.77,18.0946,14.09166667,18.0946
1568697,0.33,-0.89,-0.28,,,14.12013889,18.09475
1568707,0.34,-0.84,-0.26,,,14.1375,18.0949
1568717,0.35,-0.87,-0.16,,,14.15486111,18.09505
1568727,0.32,-0.9,-0.16,51.02,18.0952,14.18333333,18.09515
1568737,0.28,-0.89,-0.16,,,14.19513889,18.095325
1568747,0.31,-0.89,-0.18,,,14.21805556,18.09545
1568757,0.31,-0.84,-0.13,,,14.24097222,18.095575
1568767,0.29,-0.8,-0.13,51.35,18.0957,14.2625,18.09575
1568777,0.25,-0.78,-0.11,,,14.28611111,18.09585
1568787,0.21,-0.76,-0.05,,,14.30833333,18.096
1568797,0.25,-0.79,-0.07,,,14.33055556,18.09615
1568807,0.23,-0.78,-0.08,51.67,18.0963,14.34444444,18.0963
1568817,0.24,-0.76,-0.14,,,14.37083333,18.09645
1568827,0.27,-0.75,-0.18,,,14.38888889,18.0966
1568837,0.28,-0.7,-0.21,,,14.40694444,18.09675
1568847,0.38,-0.7,-0.23,51.93,18.0969,14.48472222,18.0969
1568857,0.36,-0.69,-0.25,,,14.47291667,18.09705
1568867,0.33,-0.65,-0.28,,,14.52083333,18.0972
1568877,0.32,-0.66,-0.24,,,14.56875,18.09735
1568887,0.31,-0.66,-0.23,52.62,18.0975,14.40277778,18.09745
1568897,0.29,-0.66,-0.23,,,14.55763889,18.097625
1568907,0.33,-0.68,-0.23,,,14.49861111,18.09775
1568917,0.27,-0.67,-0.22,,,14.43958333,18.097875
1568927,0.32,-0.69,-0.27,51.77,18.098,14.65277778,18.09805
1568937,0.37,-0.65,-0.35,,,14.45763889,18.09815
1568947,0.32,-0.61,-0.37,,,14.53472222,18.0983
1568957,0.3,-0.63,-0.33,,,14.61180556,18.09845
1568967,0.31,-0.66,-0.32,52.88,18.0986,14.57777778,18.0986
1568977,0.29,-0.65,-0.29,,,14.71041667,18.09875
1568987,0.33,-0.68,-0.27,,,14.73194444,18.0989
1568997,0.34,-0.66,-0.27,,,14.75347222,18.09905
1569007,0.31,-0.65,-0.3,53.19,18.0992,14.80138889,18.0992
1569017,0.29,-0.6,-0.32,,,14.80972222,18.09935
1569027,0.22,-0.56,-0.28,,,14.84444444,18.0995
1569037,0.23,-0.59,-0.23,,,14.87916667,18.09965
1569047,0.23,-0.59,-0.15,53.69,18.0998,14.77916667,18.0998
1569057,0.19,-0.6,-0.16,,,14.88125,18.09995
1569067,0.17,-0.64,-0.16,,,14.84861111,18.1001
1569077,0.19,-0.6,-0.18,,,14.81597222,18.10025
1569087,0.21,-0.58,-0.22,53.22,18.1004,15.00138889,18.1004
1569097,0.2,-0.57,-0.2,,,14.85972222,18.10055
1569107,0.21,-0.56,-0.19,,,14.93611111,18.1007
1569117,0.22,-0.56,-0.16,,,15.0125,18.10085
1569127,0.24,-0.55,-0.17,54.32,18.101,14.95416667,18.101
1569137,0.23,-0.57,-0.14,,,15.09791667,18.10115
1569147,0.22,-0.61,-0.13,,,15.10694444,18.1013
1569157,0.24,-0.6,-0.14,,,15.11597222,18.10145
1569167,0.24,-0.6,-0.12,54.45,18.1016,15.12638889,18.1016
1569177,0.25,-0.57,-0.1,,,15.13472222,18.10175
1569187,0.26,-0.5,-0.12,,,15.14444444,18.1019
1569197,0.21,-0.48,-0.12,,,15.15416667,18.10205
1569207,0.19,-0.46,-0.11,54.59,18.1022,15.19583333,18.1022
1569217,0.18,-0.49,-0.12,,,15.18958333,18.10235
1569227,0.19,-0.54,-0.12,,,15.21527778,18.1025
1569237,0.19,-0.56,-0.12,,,15.24097222,18.10265
1569247,0.21,-0.59,-0.12,54.96,18.1028,15.27222222,18.10285
1569257,0.23,-0.52,-0.16,,,15.29513889,18.102975
1569267,0.25,-0.43,-0.16,,,15.32361111,18.10315
1569277,0.21,-0.39,-0.15,,,15.35208333,18.103325
1569287,0.18,-0.36,-0.15,55.37,18.1035,15.31944444,18.10345
1569297,0.16,-0.39,-0.16,,,15.37847222,18.10365
1569307,0.17,-0.4,-0.16,,,15.37638889,18.1038
1569317,0.18,-0.42,-0.17,,,15.37430556,18.10395
1569327,0.21,-0.47,-0.19,55.34,18.1041,15.44305556,18.1041
1569337,0.19,-0.43,-0.19,,,15.40555556,18.10425
1569347,0.19,-0.41,-0.22,,,15.43888889,18.1044
1569357,0.19,-0.33,-0.2,,,15.47222222,18.10455
1569367,0.26,-0.26,-0.23,55.82,18.1047,15.48888889,18.1047
1569377,0.26,-0.31,-0.22,,,15.53055556,18.10485
1569387,0.22,-0.29,-0.21,,,15.55555556,18.105
1569397,0.22,-0.32,-0.23,,,15.58055556,18.10515
1569407,0.25,-0.33,-0.24,56.18,18.1053,15.58333333,18.1053
1569417,0.27,-0.29,-0.24,,,15.61944444,18.10545
1569427,0.26,-0.25,-0.21,,,15.63333333,18.1056
1569437,0.24,-0.17,-0.2,,,15.64722222,18.10575
1569447,0.26,-0.15,-0.23,56.38,18.1059,15.71527778,18.10595
1569457,0.23,-0.14,-0.24,,,15.70208333,18.106075
1569467,0.22,-0.16,-0.23,,,15.74305556,18.10625
1569477,0.24,-0.17,-0.24,,,15.78402778,18.106425
1569487,0.23,-0.16,-0.22,56.97,18.1066,15.77222222,18.10655
1569497,0.28,-0.16,-0.22,,,15.83958333,18.10675
1569507,0.33,-0.13,-0.21,,,15.85416667,18.1069
1569517,0.36,-0.03,-0.2,,,15.86875,18.10705
1569527,0.32,-0.04,-0.21,57.18,18.1072,15.84861111,18.1072
1569537,0.28,-0.02,-0.21,,,15.88055556,18.10735
1569547,0.25,-0.06,-0.23,,,15.87777778,18.1075
1569557,0.29,-0.07,-0.25,,,15.875,18.10765
1569567,0.3,-0.07,-0.26,57.14,18.1078,15.94027778,18.10785
1569577,0.29,-0.09,-0.27,,,15.90347222,18.107975
1569587,0.29,-0.03,-0.24,,,15.93472222,18.10815
1569597,0.26,0,-0.22,,,15.96597222,18.108325
1569607,0.24,0.02,-0.2,57.59,18.1085,15.98194444,18.10845
1569617,0.22,0.02,-0.21,,,16.02083333,18.10865
1569627,0.29,-0.02,-0.22,,,16.04444444,18.1088
1569637,0.3,0.01,-0.21,,,16.06805556,18.10895
1569647,0.25,-0.03,-0.21,57.93,18.1091,16.08055556,18.10915
1569657,0.28,0.01,-0.18,,,16.10972222,18.109275
1569667,0.27,0.04,-0.17,,,16.12777778,18.10945
1569677,0.23,0.03,-0.13,,,16.14583333,18.109625
1569687,0.19,0.05,-0.11,58.19,18.1098,16.16527778,18.10975
1569697,0.17,0,-0.1,,,16.18263889,18.10995
1569707,0.17,0,-0.11,,,16.20138889,18.1101
1569717,0.19,-0.03,-0.12,,,16.22013889,18.11025
1569727,0.18,-0.04,-0.13,58.46,18.1104,16.22222222,18.11045
1569737,0.16,0,-0.14,,,16.24930556,18.110575
1569747,0.25,0.03,-0.16,,,16.25972222,18.11075
1569757,0.22,0.07,-0.18,,,16.27013889,18.110925
1569767,0.2,0.03,-0.17,58.61,18.1111,16.30416667,18.11105
1569777,0.2,0.03,-0.2,,,16.30277778,18.11125
1569787,0.27,0.04,-0.23,,,16.325,18.1114
1569797,0.25,0,-0.25,,,16.34722222,18.11155
1569807,0.22,0.03,-0.26,58.93,18.1117,16.35833333,18.11175
1569817,0.21,0.04,-0.24,,,16.38611111,18.111875
1569827,0.19,0.1,-0.22,,,16.40277778,18.11205
1569837,0.21,0.13,-0.2,,,16.41944444,18.112225
1569847,0.2,0.11,-0.18,59.17,18.1124,16.45694444,18.11235
1569857,0.19,0.09,-0.2,,,16.46319444,18.11255
1569867,0.25,0.03,-0.2,,,16.49027778,18.1127
1569877,0.28,0.08,-0.17,,,16.51736111,18.11285
1569887,0.26,0.09,-0.15,59.56,18.113,16.4875,18.11305
1569897,0.24,0.12,-0.14,,,16.54305556,18.113175
1569907,0.22,0.17,-0.13,,,16.54166667,18.11335
1569917,0.22,0.18,-0.13,,,16.54027778,18.113525
1569927,0.21,0.21,-0.1,59.54,18.1137,16.63194444,18.11365
1569937,0.21,0.15,-0.1,,,16.58402778,18.11385
1569947,0.19,0.14,-0.11,,,16.62916667,18.114
1569957,0.19,0.12,-0.12,,,16.67430556,18.11415
1569967,0.18,0.16,-0.11,60.19,18.1143,16.63888889,18.11435
1569977,0.2,0.27,-0.1,,,16.72430556,18.114475
1569987,0.21,0.29,-0.11,,,16.72916667,18.11465
1569997,0.22,0.35,-0.1,,,16.73402778,18.114825
1570007,0.22,0.3,-0.11,60.26,18.115,16.79722222,18.115
1570017,0.2,0.29,-0.15,,,16.77291667,18.115175
1570027,0.22,0.26,-0.15,,,16.80694444,18.11535
1570037,0.23,0.29,-0.16,,,16.84097222,18.115525
1570047,0.21,0.37,-0.18,60.75,18.1157,16.80277778,18.1157
1570057,0.18,0.39,-0.18,,,16.87291667,18.115875
1570067,0.21,0.48,-0.19,,,16.87083333,18.11605
1570077,0.22,0.49,-0.21,,,16.86875,18.116225
1570087,0.22,0.52,-0.21,60.72,18.1164,16.90277778,18.11635
1570097,0.23,0.48,-0.21,,,16.88263889,18.11655
1570107,0.26,0.43,-0.21,,,16.89861111,18.1167
1570117,0.23,0.49,-0.19,,,16.91458333,18.11685
1570127,0.23,0.53,-0.2,60.95,18.117,16.95555556,18.11705
1570137,0.21,0.57,-0.18,,,16.95902778,18.117175
1570147,0.23,0.53,-0.22,,,16.9875,18.11735
1570157,0.23,0.52,-0.22,,,17.01597222,18.117525
1570167,0.25,0.52,-0.25,61.36,18.1177,16.99861111,18.1177
1570177,0.23,0.52,-0.22,,,17.05,18.117875
1570187,0.2,0.58,-0.21,,,17.05555556,18.11805
1570197,0.18,0.58,-0.19,,,17.06111111,18.118225
1570207,0.17,0.65,-0.18,61.44,18.1184,17.08472222,18.1184
1570217,0.24,0.63,-0.17,,,17.08125,18.118575
1570227,0.24,0.62,-0.16,,,17.09583333,18.11875
1570237,0.22,0.59,-0.16,,,17.11041667,18.118925
1570247,0.21,0.55,-0.14,61.65,18.1191,17.13333333,18.1191
1570257,0.21,0.57,-0.13,,,17.14375,18.119275
1570267,0.21,0.56,-0.12,,,17.1625,18.11945
1570277,0.23,0.65,-0.11,,,17.18125,18.119625
1570287,0.25,0.62,-0.12,61.92,18.1198,17.20694444,18.1198
1570297,0.25,0.65,-0.1,,,17.22222222,18.119975
1570307,0.31,0.6,-0.14,,,17.24444444,18.12015
1570317,0.27,0.61,-0.15,,,17.26666667,18.120325
1570327,0.27,0.61,-0.14,62.24,18.1205,17.24444444,18.12045
1570337,0.28,0.61,-0.15,,,17.28888889,18.12065
1570347,0.24,0.69,-0.14,,,17.28888889,18.1208
1570357,0.25,0.64,-0.13,,,17.28888889,18.12095
1570367,0.27,0.67,-0.13,62.24,18.1211,17.33472222,18.12115
1570377,0.27,0.6,-0.17,,,17.31180556,18.121275
1570387,0.33,0.62,-0.19,,,17.33472222,18.12145
1570397,0.36,0.61,-0.18,,,17.35763889,18.121625
1570407,0.32,0.61,-0.16,62.57,18.1218,17.33611111,18.1218
1570417,0.26,0.66,-0.15,,,17.38125,18.121975
1570427,0.23,0.65,-0.15,,,17.38194444,18.12215
1570437,0.26,0.7,-0.17,,,17.38263889,18.122325
1570447,0.28,0.6,-0.18,62.58,18.1225,17.43611111,18.1225
1570457,0.35,0.59,-0.18,,,17.41041667,18.122675
1570467,0.48,0.54,-0.17,,,17.4375,18.12285
1570477,0.48,0.58,-0.15,,,17.46458333,18.123025
1570487,0.42,0.61,-0.14,62.97,18.1232,17.47638889,18.1232
1570497,0.4,0.62,-0.12,,,17.51111111,18.123375
1570507,0.37,0.65,-0.1,,,17.53055556,18.12355
1570517,0.36,0.54,-0.11,,,17.55,18.123725
1570527,0.37,0.53,-0.12,63.25,18.1239,17.5125,18.1239
1570537,0.38,0.47,-0.14,,,17.56041667,18.124075
1570547,0.46,0.52,-0.14,,,17.55138889,18.12425
1570557,0.41,0.55,-0.11,,,17.54236111,18.124425
1570567,0.38,0.57,-0.1,63.12,18.1246,17.60694444,18.1246
1570577,0.35,0.59,-0.12,,,17.56111111,18.124775
1570587,0.33,0.57,-0.12,,,17.58888889,18.12495
1570597,0.34,0.56,-0.13,,,17.61666667,18.125125
1570607,0.29,0.48,-0.14,63.52,18.1253,17.61388889,18.1253
1570617,0.26,0.55,-0.13,,,17.65694444,18.125475
1570627,0.21,0.55,-0.12,,,17.66944444,18.12565
1570637,0.17,0.65,-0.12,,,17.68194444,18.125825
1570647,0.16,0.6,-0.11,63.7,18.126,17.70555556,18.12605
1570657,0.17,0.59,-0.12,,,17.7125,18.1262
1570667,0.18,0.54,-0.12,,,17.73055556,18.1264
1570677,0.2,0.5,-0.17,,,17.74861111,18.1266
1570687,0.22,0.56,-0.16,63.96,18.1268,17.75555556,18.12675
1570697,0.2,0.56,-0.15,,,17.77916667,18.126975
1570707,0.17,0.65,-0.11,,,17.79166667,18.12715
1570717,0.16,0.59,-0.11,,,17.80416667,18.127325
1570727,0.18,0.61,-0.16,64.14,18.1275,17.83194444,18.1275
1570737,0.22,0.52,-0.16,,,17.83680556,18.127675
1570747,0.3,0.53,-0.18,,,17.85694444,18.12785
1570757,0.31,0.5,-0.15,,,17.87708333,18.128025
1570767,0.27,0.54,-0.15,64.43,18.1282,17.88611111,18.1282
1570777,0.23,0.59,-0.15,,,17.91180556,18.128375
1570787,0.22,0.57,-0.09,,,17.92638889,18.12855
1570797,0.25,0.59,-0.13,,,17.94097222,18.128725
1570807,0.31,0.46,-0.13,64.64,18.1289,17.95416667,18.1289
1570817,0.29,0.48,-0.15,,,17.96944444,18.129075
1570827,0.35,0.41,-0.11,,,17.98333333,18.12925
1570837,0.3,0.52,-0.1,,,17.99722222,18.129425
1570847,0.28,0.51,-0.13,64.84,18.1296,18.00694444,18.1296
1570857,0.25,0.52,-0.1,,,18.02291667,18.129775
1570867,0.23,0.49,-0.12,,,18.03472222,18.12995
1570877,0.24,0.4,-0.14,,,18.04652778,18.130125
1570887,0.22,0.42,-0.16,65.01,18.1303,17.99583333,18.13035
1570897,0.2,0.35,-0.14,,,18.03888889,18.1305
1570907,0.16,0.44,-0.15,,,18.01944444,18.1307
1570917,0.14,0.42,-0.13,,,18,18.1309
1570927,0.12,0.48,-0.14,64.73,18.1311,18.13055556,18.13105
1570937,0.17,0.38,-0.15,,,18.03611111,18.131275
1570947,0.21,0.38,-0.19,,,18.09166667,18.13145
1570957,0.2,0.29,-0.17,,,18.14722222,18.131625
1570967,0.17,0.29,-0.15,65.53,18.1318,18.08472222,18.1318
1570977,0.15,0.34,-0.11,,,18.19930556,18.131975
1570987,0.13,0.36,-0.12,,,18.19583333,18.13215
1570997,0.13,0.43,-0.12,,,18.19236111,18.132325
1571007,0.14,0.33,-0.13,65.48,18.1325,18.21527778,18.1325
1571017,0.17,0.34,-0.1,,,18.19861111,18.132675
1571027,0.2,0.24,-0.12,,,18.20833333,18.13285
1571037,0.2,0.3,-0.11,,,18.21805556,18.133025
1571047,0.17,0.25,-0.09,65.62,18.1332,18.28055556,18.13325
1571057,0.17,0.31,-0.05,,,18.26388889,18.1334
1571067,0.18,0.27,-0.06,,,18.3,18.1336
1571077,0.19,0.26,-0.08,,,18.33611111,18.1338
1571087,0.21,0.17,-0.1,66.14,18.134,18.25972222,18.13395
1571097,0.19,0.12,-0.12,,,18.35208333,18.134175
1571107,0.27,0.07,-0.1,,,18.33194444,18.13435
1571117,0.27,0.09,-0.11,,,18.31180556,18.134525
1571127,0.24,0.17,-0.07,65.85,18.1347,18.41388889,18.1347
1571137,0.22,0.12,-0.07,,,18.33263889,18.134875
1571147,0.24,0.14,-0.06,,,18.37361111,18.13505
1571157,0.24,0,-0.12,,,18.41458333,18.135225
1571167,0.25,0.01,-0.12,66.44,18.1354,18.33333333,18.13545
1571177,0.27,-0.12,-0.11,,,18.43541667,18.1356
1571187,0.22,-0.05,-0.12,,,18.41527778,18.1358
1571197,0.2,-0.1,-0.09,,,18.39513889,18.136
1571207,0.17,-0.03,-0.09,66.15,18.1362,18.49722222,18.13615
1571217,0.15,-0.1,-0.11,,,18.41597222,18.136375
1571227,0.18,-0.11,-0.11,,,18.45694444,18.13655
1571237,0.22,-0.16,-0.14,,,18.49791667,18.136725
1571247,0.21,-0.21,-0.09,66.74,18.1369,18.43888889,18.13695
1571257,0.24,-0.17,-0.1,,,18.52986111,18.1371
1571267,0.23,-0.2,-0.08,,,18.52083333,18.1373
1571277,0.21,-0.13,-0.07,,,18.51180556,18.1375
1571287,0.25,-0.26,-0.08,66.61,18.1377,18.57916667,18.13765
1571297,0.24,-0.26,-0.04,,,18.53194444,18.137875
1571307,0.25,-0.36,-0.07,,,18.56111111,18.13805
1571317,0.25,-0.3,-0.05,,,18.59027778,18.138225
1571327,0.25,-0.38,0.01,67.03,18.1384,18.59583333,18.13845
1571337,0.23,-0.31,0.02,,,18.63680556,18.1386
1571347,0.21,-0.39,0.02,,,18.65416667,18.1388
1571357,0.19,-0.39,0.03,,,18.67152778,18.139
1571367,0.26,-0.47,-0.04,67.28,18.1392,18.65138889,18.13915
1571377,0.21,-0.49,-0.05,,,18.6875,18.139375
1571387,0.21,-0.52,-0.02,,,18.68611111,18.13955
1571397,0.17,-0.5,-0.03,,,18.68472222,18.139725
1571407,0.13,-0.48,-0.03,67.26,18.1399,18.65277778,18.13995
1571417,0.1,-0.55,-0.02,,,18.66666667,18.1401
1571427,0.12,-0.56,-0.11,,,18.65,18.1403
1571437,0.16,-0.65,-0.13,,,18.63333333,18.1405
1571447,0.16,-0.63,-0.11,67.02,18.1407,18.73333333,18.14065
1571457,0.15,-0.65,-0.1,,,18.65833333,18.140875
1571467,0.1,-0.57,-0.09,,,18.7,18.14105
1571477,0.09,-0.66,-0.09,,,18.74166667,18.141225
1571487,0.11,-0.61,-0.09,67.62,18.1414,18.7375,18.1414
1571497,0.11,-0.71,-0.12,,,18.80208333,18.141575
1571507,0.15,-0.66,-0.16,,,18.82083333,18.14175
1571517,0.19,-0.76,-0.1,,,18.83958333,18.141925
1571527,0.18,-0.65,-0.12,67.89,18.1421,18.84166667,18.14215
1571537,0.21,-0.66,-0.09,,,18.86875,18.1423
1571547,0.18,-0.6,-0.1,,,18.87916667,18.1425
1571557,0.22,-0.67,-0.05,,,18.88958333,18.1427
1571567,0.3,-0.65,-0.09,68.04,18.1429,18.86111111,18.1429
1571577,0.32,-0.72,-0.08,,,18.89097222,18.1431
1571587,0.34,-0.76,-0.06,,,18.88194444,18.1433
1571597,0.29,-0.75,-0.02,,,18.87291667,18.1435
1571607,0.3,-0.7,-0.05,67.91,18.1437,18.93055556,18.14365
1571617,0.27,-0.68,-0.1,,,18.88819444,18.143875
1571627,0.22,-0.74,-0.11,,,18.9125,18.14405
1571637,0.25,-0.75,-0.08,,,18.93680556,18.144225
1571647,0.25,-0.8,-0.09,68.26,18.1444,18.94444444,18.14445
1571657,0.22,-0.76,-0.07,,,18.97708333,18.1446
1571667,0.22,-0.82,-0.09,,,18.99305556,18.1448
1571677,0.25,-0.75,-0.06,,,19.00902778,18.145
1571687,0.33,-0.78,-0.03,68.49,18.1452,18.98194444,18.14515
1571697,0.32,-0.73,-0.1,,,19.01944444,18.145375
1571707,0.34,-0.81,-0.09,,,19.01388889,18.14555
1571717,0.3,-0.74,-0.09,,,19.00833333,18.145725
1571727,0.3,-0.79,-0.02,68.41,18.1459,19.06111111,18.14595
1571737,0.32,-0.69,0,,,19.02638889,18.1461
1571747,0.35,-0.75,-0.06,,,19.05,18.1463
1571757,0.41,-0.71,-0.11,,,19.07361111,18.1465
1571767,0.39,-0.83,-0.11,68.75,18.1467,19.04305556,18.1467
1571777,0.41,-0.78,-0.09,,,19.09375,18.1469
1571787,0.37,-0.8,-0.06,,,19.09027778,18.1471
1571797,0.34,-0.7,-0.06,,,19.08680556,18.1473
1571807,0.36,-0.72,-0.07,68.7,18.1475,19.13194444,18.14745
1571817,0.34,-0.7,-0.1,,,19.10416667,18.147675
1571827,0.37,-0.79,-0.13,,,19.125,18.14785
1571837,0.36,-0.8,-0.06,,,19.14583333,18.148025
1571847,0.39,-0.83,0,69,18.1482,19.15416667,18.14825
1571857,0.4,-0.77,0,,,19.18125,18.1484
1571867,0.4,-0.72,-0.04,,,19.19583333,18.1486
1571877,0.39,-0.71,-0.11,,,19.21041667,18.1488
1571887,0.38,-0.71,-0.14,69.21,18.149,19.15694444,18.149
1571897,0.31,-0.75,-0.1,,,19.20555556,18.1492
1571907,0.33,-0.74,-0.05,,,19.18611111,18.1494
1571917,0.37,-0.73,-0.06,,,19.16666667,18.1496
1571927,0.38,-0.64,-0.08,68.93,18.1498,19.29027778,18.14975
1571937,0.35,-0.66,-0.09,,,19.19930556,18.149975
1571947,0.33,-0.62,-0.14,,,19.25138889,18.15015
1571957,0.32,-0.68,-0.14,,,19.30347222,18.150325
1571967,0.31,-0.65,-0.08,69.68,18.1505,19.22361111,18.15055
1571977,0.29,-0.7,-0.03,,,19.34166667,18.1507
1571987,0.25,-0.6,-0.05,,,19.32777778,18.1509
1571997,0.21,-0.61,-0.07,,,19.31388889,18.1511
1572007,0.23,-0.54,-0.12,69.48,18.1513,19.36805556,18.1513
1572017,0.21,-0.6,-0.15,,,19.32013889,18.1515
1572027,0.24,-0.55,-0.17,,,19.34027778,18.1517
1572037,0.25,-0.63,-0.14,,,19.36041667,18.1519
1572047,0.22,-0.55,-0.04,69.77,18.1521,19.38888889,18.1521
1572057,0.21,-0.57,-0.03,,,19.40486111,18.1523
1572067,0.19,-0.44,-0.07,,,19.42916667,18.1525
1572077,0.18,-0.46,-0.1,,,19.45347222,18.1527
1572087,0.19,-0.38,-0.15,70.12,18.1529,19.42083333,18.15285
1572097,0.27,-0.49,-0.16,,,19.47361111,18.153075
1572107,0.27,-0.41,-0.12,,,19.46944444,18.15325
1572117,0.33,-0.49,-0.06,,,19.46527778,18.153425
1572127,0.29,-0.39,-0.01,70.06,18.1536,19.50694444,18.15365
1572137,0.27,-0.39,0,,,19.47986111,18.1538
1572147,0.25,-0.25,-0.05,,,19.49861111,18.154
1572157,0.34,-0.3,-0.07,,,19.51736111,18.1542
1572167,0.43,-0.25,-0.08,70.33,18.1544,19.54166667,18.1544
1572177,0.43,-0.32,-0.01,,,19.55763889,18.1546
1572187,0.37,-0.25,-0.04,,,19.57916667,18.1548
1572197,0.37,-0.27,-0.06,,,19.60069444,18.155
1572207,0.4,-0.2,-0.06,70.64,18.1552,19.56527778,18.1552
1572217,0.41,-0.19,-0.08,,,19.61527778,18.1554
1572227,0.4,-0.1,-0.1,,,19.60833333,18.1556
1572237,0.41,-0.15,-0.1,,,19.60138889,18.1558
1572247,0.36,-0.12,-0.09,70.54,18.156,19.61944444,18.15595
1572257,0.29,-0.15,-0.11,,,19.6,18.156175
1572267,0.21,-0.09,-0.14,,,19.60555556,18.15635
1572277,0.28,-0.06,-0.18,,,19.61111111,18.156525
1572287,0.37,0,-0.2,70.62,18.1567,19.63611111,18.15675
1572297,0.32,0.01,-0.16,,,19.63194444,18.1569
1572307,0.3,0.03,-0.11,,,19.64722222,18.1571
1572317,0.25,0.04,-0.08,,,19.6625,18.1573
1572327,0.17,0.04,-0.05,70.84,18.1575,19.71388889,18.1575
1572337,0.19,0.09,-0.05,,,19.71111111,18.1577
1572347,0.17,0.1,-0.05,,,19.74444444,18.1579
1572357,0.2,0.14,-0.04,,,19.77777778,18.1581
1572367,0.22,0.13,-0.04,71.32,18.1583,19.7625,18.1583
1572377,0.21,0.15,-0.03,,,19.82013889,18.1585
1572387,0.23,0.11,-0.05,,,19.82916667,18.1587
1572397,0.26,0.08,-0.08,,,19.83819444,18.1589
1572407,0.28,0.05,-0.07,71.45,18.1591,19.73472222,18.1591
1572417,0.37,0.07,-0.09,,,19.8,18.1593
1572427,0.4,0.04,-0.1,,,19.75277778,18.1595
1572437,0.4,0.04,-0.09,,,19.70555556,18.1597
1572447,0.35,0.04,-0.14,70.77,18.1599,19.82916667,18.1599
1572457,0.31,0.05,-0.17,,,19.69652778,18.1601
1572467,0.31,-0.02,-0.18,,,19.73472222,18.1603
1572477,0.33,-0.04,-0.19,,,19.77291667,18.1605
1572487,0.38,-0.09,-0.16,71.32,18.1607,19.80694444,18.1607
1572497,0.36,-0.08,-0.14,,,19.84722222,18.1609
1572507,0.39,-0.06,-0.12,,,19.88333333,18.1611
1572517,0.4,-0.03,-0.12,,,19.91944444,18.1613
1572527,0.39,-0.06,-0.15,71.84,18.1615,19.84305556,18.1615
1572537,0.38,-0.1,-0.19,,,19.93541667,18.1617
1572547,0.35,-0.12,-0.2,,,19.91527778,18.1619
1572557,0.33,-0.09,-0.19,,,19.89513889,18.1621
1572567,0.29,-0.06,-0.18,71.55,18.1623,20.00555556,18.1623
1572577,0.23,0,-0.17,,,19.92013889,18.1625
1572587,0.18,0.06,-0.15,,,19.96527778,18.1627
1572597,0.23,0.03,-0.16,,,20.01041667,18.1629
1572607,0.3,-0.04,-0.15,72.2,18.1631,19.96805556,18.1631
1572617,0.32,-0.1,-0.09,,,20.05694444,18.1633
1572627,0.27,-0.13,-0.04,,,20.05833333,18.1635
1572637,0.23,-0.12,-0.02,,,20.05972222,18.1637
1572647,0.18,-0.09,-0.05,72.22,18.1639,20.06944444,18.1639
1572657,0.17,-0.09,-0.07,,,20.06666667,18.1641
1572667,0.16,-0.08,-0.1,,,20.07222222,18.1643
1572677,0.21,-0.11,-0.11,,,20.07777778,18.1645
1572687,0.18,-0.11,-0.08,72.3,18.1647,20.05972222,18.1647
1572697,0.16,-0.1,-0.04,,,20.07708333,18.1649
1572707,0.16,-0.08,-0.04,,,20.07083333,18.1651
1572717,0.21,-0.07,-0.09,,,20.06458333,18.1653
1572727,0.23,-0.06,-0.13,72.21,18.1655,20.10694444,18.1655
1572737,0.21,-0.09,-0.13,,,20.07638889,18.1657
1572747,0.18,-0.06,-0.15,,,20.09444444,18.1659
1572757,0.15,-0.05,-0.14,,,20.1125,18.1661
1572767,0.1,-0.01,-0.09,72.47,18.1663,20.14166667,18.1663
1572777,0.1,-0.03,-0.09,,,20.15416667,18.1665
1572787,0.07,-0.01,-0.13,,,20.17777778,18.1667
1572797,0.1,-0.01,-0.14,,,20.20138889,18.1669
1572807,0.1,-0.01,-0.12,72.81,18.1671,20.16944444,18.1671
1572817,0.11,-0.05,-0.07,,,20.22083333,18.1673
1572827,0.12,0.01,-0.07,,,20.21666667,18.1675
1572837,0.13,0.06,-0.18,,,20.2125,18.1677
1572847,0.14,0.13,-0.18,72.75,18.1679,20.27083333,18.16795
1572857,0.13,0.07,-0.17,,,20.23541667,18.168125
1572867,0.11,0.08,-0.13,,,20.2625,18.16835
1572877,0.11,0.01,-0.06,,,20.28958333,18.168575
1572887,0.1,0.03,-0.05,73.14,18.1688,20.26111111,18.16875
1572897,0.1,0.01,-0.06,,,20.31597222,18.169
1572907,0.11,0.13,-0.09,,,20.31527778,18.1692
1572917,0.2,0.09,-0.11,,,20.31458333,18.1694
1572927,0.26,0.11,-0.09,73.13,18.1696,20.33333333,18.1696
1572937,0.24,0.03,-0.06,,,20.32291667,18.1698
1572947,0.23,0.11,-0.04,,,20.33194444,18.17
1572957,0.17,0.06,-0.05,,,20.34097222,18.1702
1572967,0.19,0.16,-0.06,73.26,18.1704,20.34722222,18.1704
1572977,0.18,0.12,-0.09,,,20.35763889,18.1706
1572987,0.2,0.14,-0.08,,,20.36527778,18.1708
1572997,0.23,0.05,-0.09,,,20.37291667,18.171
1573007,0.22,0.11,-0.08,73.37,18.1712,20.41388889,18.1712
1573017,0.17,0.1,-0.03,,,20.40486111,18.1714
1573027,0.15,0.18,-0.06,,,20.42916667,18.1716
1573037,0.13,0.14,-0.11,,,20.45347222,18.1718
1573047,0.17,0.15,-0.13,73.72,18.172,20.40833333,18.172
1573057,0.21,0.07,-0.14,,,20.46736111,18.1722
1573067,0.19,0.11,-0.09,,,20.45694444,18.1724
1573077,0.13,0.07,-0.01,,,20.44652778,18.1726
1573087,0.14,0.1,-0.05,73.57,18.1728,20.47638889,18.1728
1573097,0.17,0.1,-0.08,,,20.44583333,18.173
1573107,0.22,0.1,-0.07,,,20.45555556,18.1732
1573117,0.2,0.09,-0.04,,,20.46527778,18.1734
1573127,0.17,0.14,0,73.71,18.1736,20.52638889,18.17365
1573137,0.2,0.12,0.01,,,20.51041667,18.173825
1573147,0.21,0.11,-0.06,,,20.54583333,18.17405
1573157,0.22,0.09,-0.12,,,20.58125,18.174275
1573167,0.22,0.1,-0.11,74.22,18.1745,20.50694444,18.17445
1573177,0.19,0.1,-0.06,,,20.59722222,18.1747
1573187,0.16,0.13,-0.03,,,20.57777778,18.1749
1573197,0.15,0.18,-0.08,,,20.55833333,18.1751
1573207,0.15,0.18,-0.09,73.94,18.1753,20.63611111,18.1753
1573217,0.18,0.18,-0.06,,,20.56805556,18.1755
1573227,0.18,0.09,-0.03,,,20.59722222,18.1757
1573237,0.17,0.13,-0.05,,,20.62638889,18.1759
1573247,0.17,0.14,-0.04,74.36,18.1761,20.60416667,18.1761
1573257,0.25,0.22,-0.04,,,20.65902778,18.1763
1573267,0.27,0.23,-0.05,,,20.6625,18.1765
1573277,0.3,0.24,-0.04,,,20.66597222,18.1767
1573287,0.3,0.2,-0.05,74.41,18.1769,20.70833333,18.17695
1573297,0.3,0.17,-0.03,,,20.69236111,18.177125
1573307,0.24,0.16,-0.03,,,20.71527778,18.17735
1573317,0.18,0.22,0,,,20.73819444,18.177575
1573327,0.13,0.23,-0.04,74.74,18.1778,20.70972222,18.17775
1573337,0.14,0.29,-0.08,,,20.75833333,18.178
1573347,0.13,0.27,-0.09,,,20.75555556,18.1782
1573357,0.12,0.26,-0.09,,,20.75277778,18.1784
1573367,0.12,0.26,-0.09,74.7,18.1786,20.75,18.1786
1573377,0.16,0.28,-0.08,,,20.74722222,18.1788
1573387,0.11,0.3,-0.07,,,20.74444444,18.179
1573397,0.1,0.29,-0.11,,,20.74166667,18.1792
1573407,0.1,0.28,-0.13,74.66,18.1794,20.81805556,18.1794
1573417,0.15,0.28,-0.12,,,20.77569444,18.1796
1573427,0.13,0.25,-0.07,,,20.8125,18.1798
1573437,0.1,0.22,-0.08,,,20.84930556,18.18
1573447,0.09,0.26,-0.09,75.19,18.1802,20.80277778,18.18025
1573457,0.19,0.25,-0.06,,,20.88125,18.180425
1573467,0.19,0.25,-0.08,,,20.87638889,18.18065
1573477,0.18,0.21,-0.06,,,20.87152778,18.180875
1573487,0.22,0.22,-0.07,75.12,18.1811,20.89583333,18.18105
1573497,0.21,0.2,-0.04,,,20.87638889,18.1813
1573507,0.19,0.24,-0.06,,,20.88611111,18.1815
1573517,0.22,0.2,-0.09,,,20.89583333,18.1817
1573527,0.26,0.24,-0.08,75.26,18.1819,20.89583333,18.18195
1573537,0.23,0.17,-0.13,,,20.91041667,18.182125
1573547,0.21,0.18,-0.09,,,20.91527778,18.18235
1573557,0.22,0.18,-0.07,,,20.92013889,18.182575
1573567,0.18,0.22,-0.07,75.33,18.1828,20.99444444,18.18275
1573577,0.18,0.21,-0.1,,,20.96458333,18.183
1573587,0.24,0.23,-0.07,,,21.00416667,18.1832
1573597,0.22,0.17,-0.05,,,21.04375,18.1834
1573607,0.23,0.14,-0.07,75.9,18.1836,20.94861111,18.1836
1573617,0.2,0.16,-0.07,,,21.05555556,18.1838
1573627,0.17,0.17,-0.04,,,21.02777778,18.184
1573637,0.17,0.19,-0.12,,,21,18.1842
1573647,0.17,0.17,-0.11,75.5,18.1844,21.01666667,18.18445
1573657,0.12,0.14,-0.08,,,20.96666667,18.184625
1573667,0.14,0.1,-0.06,,,20.96111111,18.18485
1573677,0.15,0.11,-0.06,,,20.95555556,18.185075
1573687,0.16,0.06,-0.01,75.42,18.1853,21.01805556,18.18525
1573697,0.21,0.12,-0.04,,,20.97847222,18.1855
1573707,0.2,0.11,-0.01,,,21.00694444,18.1857
1573717,0.21,0.1,-0.04,,,21.03541667,18.1859
1573727,0.25,0.04,-0.05,75.83,18.1861,21.0625,18.18615
1573737,0.2,0.03,-0.05,,,21.09166667,18.186325
1573747,0.17,0.03,-0.11,,,21.11944444,18.18655
1573757,0.18,0.09,-0.12,,,21.14722222,18.186775
1573767,0.2,0.08,-0.13,76.23,18.187,21.09583333,18.18695
1573777,0.22,0.07,-0.07,,,21.16319444,18.1872
1573787,0.21,0.05,-0.06,,,21.15138889,18.1874
1573797,0.19,0.04,-0.04,,,21.13958333,18.1876
1573807,0.16,0.05,-0.07,76.06,18.1878,21.22083333,18.18785
1573817,0.13,0.05,0,,,21.1625,18.188025
1573827,0.18,0.1,0,,,21.19722222,18.18825
1573837,0.26,0.05,-0.03,,,21.23194444,18.188475
1573847,0.25,0.04,0.01,76.56,18.1887,21.17777778,18.18865
1573857,0.22,0.03,0.06,,,21.25694444,18.1889
1573867,0.2,0.11,0.03,,,21.24722222,18.1891
1573877,0.24,0.11,-0.01,,,21.2375,18.1893
1573887,0.3,0.16,0,76.42,18.1895,21.26666667,18.18955
1573897,0.33,0.1,-0.05,,,21.2375,18.189725
1573907,0.32,0.09,-0.02,,,21.24722222,18.18995
1573917,0.29,0.07,0.02,,,21.25694444,18.190175
1573927,0.27,0.14,0,76.56,18.1904,21.29027778,18.19035
1573937,0.26,0.17,0,,,21.28819444,18.1906
1573947,0.31,0.19,-0.04,,,21.30972222,18.1908
1573957,0.29,0.18,-0.05,,,21.33125,18.191
1573967,0.27,0.16,-0.05,76.87,18.1912,21.35833333,18.19125
1573977,0.2,0.2,0.02,,,21.37708333,18.191425
1573987,0.23,0.2,0.05,,,21.40138889,18.19165
1573997,0.31,0.26,-0.01,,,21.42569444,18.191875
1574007,0.35,0.24,0.01,77.22,18.1921,21.30694444,18.19205
1574017,0.36,0.27,-0.01,,,21.40277778,18.1923
1574027,0.31,0.2,0.04,,,21.35555556,18.1925
1574037,0.28,0.22,0,,,21.30833333,18.1927
1574047,0.24,0.24,-0.02,76.54,18.1929,21.47361111,18.19295
1574057,0.26,0.27,-0.04,,,21.32013889,18.193125
1574067,0.31,0.25,-0.02,,,21.37916667,18.19335
1574077,0.29,0.23,-0.04,,,21.43819444,18.193575
1574087,0.29,0.22,-0.02,77.39,18.1938,21.33611111,18.19375
1574097,0.29,0.2,-0.04,,,21.47569444,18.194
1574107,0.3,0.25,-0.04,,,21.45416667,18.1942
1574117,0.26,0.25,-0.04,,,21.43263889,18.1944
1574127,0.31,0.25,-0.09,77.08,18.1946,21.51527778,18.19465
1574137,0.3,0.18,-0.06,,,21.44166667,18.194825
1574147,0.31,0.19,-0.06,,,21.47222222,18.19505
1574157,0.29,0.17,-0.01,,,21.50277778,18.195275
1574167,0.26,0.23,-0.01,77.52,18.1955,21.475,18.1955
1574177,0.31,0.22,-0.03,,,21.53472222,18.195725
1574187,0.31,0.26,-0.04,,,21.53611111,18.19595
1574197,0.26,0.25,0,,,21.5375,18.196175
1574207,0.25,0.19,0.02,77.54,18.1964,21.54861111,18.19635
1574217,0.26,0.2,0.04,,,21.54513889,18.1966
1574227,0.25,0.21,-0.02,,,21.55138889,18.1968
1574237,0.24,0.24,-0.01,,,21.55763889,18.197
1574247,0.23,0.21,-0.02,77.63,18.1972,21.56805556,18.19725
1574257,0.2,0.22,-0.02,,,21.57222222,18.197425
1574267,0.17,0.2,-0.05,,,21.58055556,18.19765
1574277,0.17,0.25,0.04,,,21.58888889,18.197875
1574287,0.24,0.26,-0.01,77.75,18.1981,21.60833333,18.19805
1574297,0.27,0.28,-0.02,,,21.61111111,18.1983
1574307,0.26,0.25,-0.02,,,21.625,18.1985
1574317,0.25,0.22,0.04,,,21.63888889,18.1987
1574327,0.2,0.18,0.09,77.95,18.1989,21.61527778,18.19895
1574337,0.19,0.2,0.05,,,21.64791667,18.199125
1574347,0.2,0.25,0.03,,,21.64305556,18.19935
1574357,0.26,0.27,0.03,,,21.63819444,18.199575
1574367,0.32,0.25,-0.01,77.88,18.1998,21.6625,18.1998
1574377,0.29,0.18,0,,,21.64305556,18.200025
1574387,0.28,0.2,0.02,,,21.65277778,18.20025
1574397,0.27,0.22,0.06,,,21.6625,18.200475
1574407,0.32,0.28,-0.01,78.02,18.2007,21.70694444,18.2007
1574417,0.32,0.29,-0.02,,,21.69930556,18.200925
1574427,0.33,0.27,0.02,,,21.72638889,18.20115
1574437,0.37,0.21,-0.01,,,21.75347222,18.201375
1574447,0.32,0.2,-0.01,78.41,18.2016,21.72916667,18.20155
1574457,0.27,0.23,-0.03,,,21.78194444,18.2018
1574467,0.23,0.24,-0.01,,,21.78333333,18.202
1574477,0.26,0.28,-0.01,,,21.78472222,18.2022
1574487,0.24,0.25,-0.04,78.43,18.2024,21.79444444,18.20245
1574497,0.24,0.22,0.05,,,21.79166667,18.202625
1574507,0.18,0.19,0.07,,,21.79722222,18.20285
1574517,0.21,0.23,0.04,,,21.80277778,18.203075
1574527,0.23,0.22,0.01,78.51,18.2033,21.82222222,18.2033
1574537,0.26,0.25,0.02,,,21.82083333,18.203525
1574547,0.24,0.21,0.04,,,21.83333333,18.20375
1574557,0.18,0.17,0.01,,,21.84583333,18.203975
1574567,0.16,0.19,0.05,78.69,18.2042,21.82361111,18.20415
1574577,0.17,0.18,0.07,,,21.85347222,18.2044
1574587,0.23,0.18,0.01,,,21.84861111,18.2046
1574597,0.28,0.14,-0.02,,,21.84375,18.2048
1574607,0.24,0.18,0.02,78.62,18.205,21.86388889,18.20505
1574617,0.24,0.2,0.05,,,21.84652778,18.205225
1574627,0.24,0.22,0.01,,,21.85416667,18.20545
1574637,0.24,0.21,0.01,,,21.86180556,18.205675
1574647,0.3,0.2,-0.03,78.73,18.2059,21.89166667,18.2059
1574657,0.31,0.15,-0.06,,,21.88819444,18.206125
1574667,0.27,0.11,-0.02,,,21.90694444,18.20635
1574677,0.21,0.18,0.01,,,21.92569444,18.206575
1574687,0.2,0.2,0.03,79,18.2068,21.90138889,18.2068
1574697,0.21,0.27,-0.01,,,21.94166667,18.207025
1574707,0.2,0.22,-0.01,,,21.93888889,18.20725
1574717,0.26,0.22,-0.04,,,21.93611111,18.207475
1574727,0.22,0.18,-0.01,78.96,18.2077,21.98194444,18.20765
1574737,0.19,0.19,0,,,21.95486111,18.2079
1574747,0.13,0.21,0.01,,,21.97638889,18.2081
1574757,0.16,0.24,-0.05,,,21.99791667,18.2083
1574767,0.19,0.27,-0.04,79.27,18.2085,21.99722222,18.20855
1574777,0.19,0.24,-0.03,,,22.02986111,18.208725
1574787,0.2,0.23,-0.01,,,22.04027778,18.20895
1574797,0.19,0.22,0.01,,,22.05069444,18.209175
1574807,0.22,0.28,0,79.42,18.2094,22.05416667,18.2094
1574817,0.22,0.28,-0.03,,,22.06805556,18.209625
1574827,0.25,0.28,-0.03,,,22.075,18.20985
1574837,0.23,0.27,0.02,,,22.08194444,18.210075
1574847,0.22,0.25,0.02,79.52,18.2103,22.09861111,18.2103
1574857,0.22,0.27,0.02,,,22.10069444,18.210525
1574867,0.23,0.27,0.03,,,22.1125,18.21075
1574877,0.32,0.32,-0.03,,,22.12430556,18.210975
1574887,0.39,0.29,-0.03,79.69,18.2112,22.08055556,18.2112
1574897,0.33,0.28,0.02,,,22.12013889,18.211425
1574907,0.29,0.23,0.01,,,22.10416667,18.21165
1574917,0.27,0.23,0.02,,,22.08819444,18.211875
1574927,0.26,0.28,0.03,79.46,18.2121,22.14861111,18.2121
1574937,0.28,0.29,-0.01,,,22.09444444,18.212325
1574947,0.26,0.29,0,,,22.11666667,18.21255
1574957,0.2,0.24,0.08,,,22.13888889,18.212775
1574967,0.27,0.24,0.06,79.78,18.213,22.13055556,18.213
1574977,0.27,0.23,0.03,,,22.16805556,18.213225
1574987,0.27,0.29,0.05,,,22.175,18.21345
1574997,0.29,0.3,0.02,,,22.18194444,18.213675
1575007,0.27,0.3,0.02,79.88,18.2139,22.20555556,18.21385
1575017,0.2,0.25,0.15,,,22.20416667,18.2141
1575027,0.22,0.21,0.13,,,22.21944444,18.2143
1575037,0.22,0.25,0.04,,,22.23472222,18.2145
1575047,0.2,0.27,0.07,80.1,18.2147,22.23333333,18.21475
1575057,0.2,0.31,0.06,,,22.25694444,18.214925
1575067,0.18,0.29,0.04,,,22.26388889,18.21515
1575077,0.21,0.28,0.06,,,22.27083333,18.215375
1575087,0.16,0.29,0.06,80.2,18.2156,22.30555556,18.2156
1575097,0.19,0.31,0.07,,,22.29861111,18.215825
1575107,0.18,0.31,0.12,,,22.31944444,18.21605
1575117,0.17,0.34,0.17,,,22.34027778,18.216275
1575127,0.16,0.38,0.24,80.5,18.2165,22.27777778,18.2165
1575137,0.12,0.35,0.17,,,22.34027778,18.216725
1575147,0.14,0.37,0.09,,,22.31944444,18.21695
1575157,0.19,0.38,0.07,,,22.29861111,18.217175
1575167,0.23,0.4,0.05,80.2,18.2174,22.37222222,18.2174
1575177,0.2,0.4,0.06,,,22.30416667,18.217625
1575187,0.18,0.41,0.13,,,22.33055556,18.21785
1575197,0.12,0.42,0.1,,,22.35694444,18.218075
1575207,0.14,0.47,0.08,80.58,18.2183,22.29166667,18.2183
1575217,0.18,0.49,0.08,,,22.36388889,18.218525
1575227,0.21,0.48,0.08,,,22.34444444,18.21875
1575237,0.19,0.51,0.12,,,22.325,18.218975
1575247,0.12,0.49,0.17,80.3,18.2192,22.40138889,18.2192
1575257,0.09,0.51,0.18,,,22.33402778,18.219425
1575267,0.07,0.55,0.1,,,22.3625,18.21965
1575277,0.1,0.56,0.08,,,22.39097222,18.219875
1575287,0.17,0.58,0.04,80.71,18.2201,22.37361111,18.2201
1575297,0.15,0.57,0.07,,,22.425,18.220325
1575307,0.09,0.6,0.07,,,22.43055556,18.22055
1575317,0.07,0.56,0.07,,,22.43611111,18.220775
1575327,0.08,0.57,0.07,80.79,18.221,22.44027778,18.221
1575337,0.08,0.55,0.09,,,22.44652778,18.221225
1575347,0.1,0.58,0.08,,,22.45138889,18.22145
1575357,0.09,0.56,0.13,,,22.45625,18.221675
1575367,0.09,0.56,0.07,80.86,18.2219,22.46944444,18.2219
1575377,0.1,0.57,0.07,,,22.47013889,18.222125
1575387,0.09,0.53,0.11,,,22.47916667,18.22235
1575397,0.12,0.54,0.06,,,22.48819444,18.222575
1575407,0.12,0.51,0.14,80.99,18.2228,22.48055556,18.2228
1575417,0.08,0.52,0.08,,,22.49791667,18.223025
1575427,0.09,0.51,0.1,,,22.49861111,18.22325
1575437,0.22,0.54,0.03,,,22.49930556,18.223475
1575447,0.25,0.55,0.03,81,18.2237,22.51388889,18.2237
1575457,0.29,0.54,0.07,,,22.50763889,18.223925
1575467,0.23,0.56,0.09,,,22.51527778,18.22415
1575477,0.21,0.54,0.04,,,22.52291667,18.224375
1575487,0.19,0.58,0.02,81.11,18.2246,22.51111111,18.2246
1575497,0.2,0.58,-0.04,,,22.52847222,18.224825
1575507,0.24,0.58,-0.05,,,22.52638889,18.22505
1575517,0.23,0.58,0.02,,,22.52430556,18.225275
1575527,0.2,0.54,0.03,81.08,18.2255,22.56944444,18.2255
1575537,0.17,0.52,0.07,,,22.54375,18.225725
1575547,0.19,0.47,0.07,,,22.56527778,18.22595
1575557,0.24,0.52,0.06,,,22.58680556,18.226175
1575567,0.24,0.47,0.07,81.39,18.2264,22.54583333,18.2264
1575577,0.25,0.48,0.1,,,22.59861111,18.226625
1575587,0.18,0.46,0.17,,,22.58888889,18.22685
1575597,0.19,0.43,0.2,,,22.57916667,18.227075
1575607,0.2,0.42,0.17,81.25,18.2273,22.62916667,18.2273
1575617,0.21,0.4,0.13,,,22.58958333,18.227525
1575627,0.21,0.43,0.1,,,22.60972222,18.22775
1575637,0.17,0.38,0.11,,,22.62986111,18.227975
1575647,0.18,0.37,0.11,81.54,18.2282,22.60972222,18.2282
1575657,0.18,0.36,0.06,,,22.65,18.228425
1575667,0.19,0.35,0.04,,,22.65,18.22865
1575677,0.22,0.33,0.01,,,22.65,18.228875
1575687,0.24,0.29,0.07,81.54,18.2291,22.63888889,18.2291
1575697,0.23,0.29,0.02,,,22.64444444,18.229325
1575707,0.15,0.26,0,,,22.63888889,18.22955
1575717,0.15,0.26,-0.08,,,22.63333333,18.229775
1575727,0.15,0.25,-0.09,81.46,18.23,22.67361111,18.23
1575737,0.12,0.22,-0.03,,,22.64513889,18.230225
1575747,0.13,0.17,-0.03,,,22.6625,18.23045
1575757,0.1,0.11,-0.01,,,22.67986111,18.230675
1575767,0.09,0.11,-0.04,81.71,18.2309,22.65277778,18.2309
1575777,0.1,0.1,-0.01,,,22.69236111,18.231125
1575787,0.19,0.08,0.01,,,22.6875,18.23135
1575797,0.18,0.08,0.06,,,22.68263889,18.231575
1575807,0.18,0.04,0.17,81.64,18.2318,22.71805556,18.2318
1575817,0.14,0.01,0.11,,,22.69305556,18.232025
1575827,0.18,-0.01,0.07,,,22.70833333,18.23225
1575837,0.19,-0.02,0.05,,,22.72361111,18.232475
1575847,0.25,-0.05,0.08,81.86,18.2327,22.72361111,18.2327
1575857,0.23,-0.07,0.19,,,22.74652778,18.232925
1575867,0.19,-0.09,0.19,,,22.75416667,18.23315
1575877,0.2,-0.12,0.21,,,22.76180556,18.233375
1575887,0.25,-0.1,0.15,81.97,18.2336,22.7625,18.2336
1575897,0.25,-0.1,0.13,,,22.77361111,18.233825
1575907,0.19,-0.14,0.14,,,22.77777778,18.23405
1575917,0.16,-0.2,0.14,,,22.78194444,18.234275
1575927,0.15,-0.21,0.15,82.03,18.2345,22.77083333,18.23455
1575937,0.16,-0.23,0.13,,,22.78263889,18.23475
1575947,0.17,-0.26,0.13,,,22.77916667,18.235
1575957,0.18,-0.27,0.11,,,22.77569444,18.23525
1575967,0.16,-0.33,0.11,81.98,18.2355,22.8375,18.23545
1575977,0.08,-0.37,0.11,,,22.80138889,18.235725
1575987,0.11,-0.39,0.09,,,22.83055556,18.23595
1575997,0.15,-0.37,0.03,,,22.85972222,18.236175
1576007,0.14,-0.37,0.01,82.4,18.2364,22.79305556,18.2364
1576017,0.16,-0.43,0.04,,,22.87013889,18.236625
1576027,0.13,-0.48,0.06,,,22.85138889,18.23685
1576037,0.11,-0.52,0.02,,,22.83263889,18.237075
1576047,0.14,-0.49,-0.03,82.13,18.2373,22.85694444,18.2373
1576057,0.19,-0.47,-0.01,,,22.81666667,18.237525
1576067,0.31,-0.5,0.03,,,22.81944444,18.23775
1576077,0.24,-0.53,0.06,,,22.82222222,18.237975
1576087,0.21,-0.58,0.13,82.17,18.2382,22.85694444,18.2382
1576097,0.2,-0.59,0.1,,,22.84375,18.238425
1576107,0.23,-0.59,0.11,,,22.8625,18.23865
1576117,0.25,-0.61,0.11,,,22.88125,18.238875
1576127,0.25,-0.64,0.12,82.44,18.2391,22.84722222,18.2391
1576137,0.32,-0.66,0.1,,,22.89236111,18.239325
1576147,0.28,-0.67,0.13,,,22.88472222,18.23955
1576157,0.28,-0.69,0.1,,,22.87708333,18.239775
1576167,0.3,-0.65,0.08,82.33,18.24,22.91111111,18.24005
1576177,0.3,-0.67,0.16,,,22.88263889,18.24025
1576187,0.27,-0.67,0.15,,,22.89583333,18.2405
1576197,0.26,-0.75,0.13,,,22.90902778,18.24075
1576207,0.31,-0.73,0.11,82.52,18.241,22.87916667,18.24095
1576217,0.27,-0.7,0.07,,,22.91388889,18.241225
1576227,0.26,-0.71,0.08,,,22.90555556,18.24145
1576237,0.28,-0.74,0.07,,,22.89722222,18.241675
1576247,0.22,-0.8,0.09,82.4,18.2419,22.91944444,18.2419
1576257,0.23,-0.81,0.07,,,22.89583333,18.242125
1576267,0.26,-0.82,0.02,,,22.90277778,18.24235
1576277,0.33,-0.8,0.01,,,22.90972222,18.242575
1576287,0.31,-0.82,0.01,82.5,18.2428,22.92916667,18.2428
1576297,0.27,-0.9,0.04,,,22.92986111,18.243025
1576307,0.25,-0.92,0.03,,,22.94305556,18.24325
1576317,0.25,-0.9,0.01,,,22.95625,18.243475
1576327,0.25,-0.84,-0.02,82.69,18.2437,22.92916667,18.2437
1576337,0.32,-0.85,0.01,,,22.9625,18.243925
1576347,0.26,-0.91,0,,,22.95555556,18.24415
1576357,0.22,-0.95,-0.01,,,22.94861111,18.244375
1576367,0.26,-0.98,-0.01,82.59,18.2446,22.96527778,18.2446
1576377,0.28,-0.9,-0.05,,,22.94652778,18.244825
1576387,0.26,-0.85,-0.02,,,22.95138889,18.24505
1576397,0.22,-0.84,0.01,,,22.95625,18.245275
1576407,0.19,-0.9,0,82.66,18.2455,22.97638889,18.2455
1576417,0.17,-0.96,-0.03,,,22.97361111,18.245725
1576427,0.22,-0.91,-0.05,,,22.98611111,18.24595
1576437,0.23,-0.85,-0.03,,,22.99861111,18.246175
1576447,0.27,-0.79,-0.03,82.84,18.2464,22.9625,18.24645
1576457,0.26,-0.83,0.05,,,22.99930556,18.24665
1576467,0.22,-0.88,0.02,,,22.9875,18.2469
1576477,0.17,-0.88,-0.02,,,22.97569444,18.24715
1576487,0.19,-0.84,-0.02,82.67,18.2474,23.02083333,18.24735
1576497,0.18,-0.76,0,,,22.98055556,18.247625
1576507,0.19,-0.78,0.04,,,22.99722222,18.24785
1576517,0.17,-0.86,0.06,,,23.01388889,18.248075
1576527,0.14,-0.94,0.02,82.91,18.2483,22.98611111,18.2483
1576537,0.17,-0.92,0.04,,,23.025,18.248525
1576547,0.26,-0.84,0,,,23.01944444,18.24875
1576557,0.33,-0.85,0.01,,,23.01388889,18.248975
1576567,0.36,-0.86,0,82.83,18.2492,23.02222222,18.2492
1576577,0.35,-0.95,0.01,,,23.00972222,18.249425
1576587,0.29,-0.95,0.02,,,23.01111111,18.24965
1576597,0.32,-0.92,0,,,23.0125,18.249875
1576607,0.32,-0.89,0,82.85,18.2501,23.0125,18.2501
1576617,0.32,-0.84,0.05,,,23.01458333,18.250325
1576627,0.27,-0.92,0.07,,,23.01527778,18.25055
1576637,0.26,-0.93,0.04,,,23.01597222,18.250775
1576647,0.27,-0.93,0.03,82.86,18.251,23.04722222,18.251
1576657,0.25,-0.88,0.02,,,23.03263889,18.251225
1576667,0.22,-0.89,0.03,,,23.04861111,18.25145
1576677,0.21,-0.92,0.09,,,23.06458333,18.251675
1576687,0.22,-1.02,0.07,83.09,18.2519,23.00555556,18.25195
1576697,0.23,-1.06,0.03,,,23.05902778,18.25215
1576707,0.24,-1.02,-0.02,,,23.0375,18.2524
1576717,0.23,-0.97,-0.02,,,23.01597222,18.25265
1576727,0.21,-0.96,-0.02,82.78,18.2529,23.04305556,18.25285
1576737,0.17,-1.01,0,,,22.99722222,18.253125
1576747,0.22,-1.06,0.01,,,23,18.25335
1576757,0.27,-1.04,-0.05,,,23.00277778,18.253575
1576767,0.25,-0.97,-0.04,82.82,18.2538,23.05138889,18.2538
1576777,0.23,-0.92,-0.03,,,23.03125,18.254025
1576787,0.18,-0.95,-0.03,,,23.05694444,18.25425
1576797,0.19,-1.01,-0.03,,,23.08263889,18.254475
1576807,0.29,-0.99,-0.03,83.19,18.2547,23.00277778,18.2547
1576817,0.3,-0.93,0,,,23.08125,18.254925
1576827,0.31,-0.85,0.01,,,23.05416667,18.25515
1576837,0.32,-0.84,0.01,,,23.02708333,18.255375
1576847,0.3,-0.91,-0.03,82.8,18.2556,23.09444444,18.2556
1576857,0.3,-0.96,-0.01,,,23.02013889,18.255825
1576867,0.37,-0.95,0,,,23.04027778,18.25605
1576877,0.38,-0.88,-0.02,,,23.06041667,18.256275
1576887,0.33,-0.86,0.06,83.09,18.2565,23.05972222,18.25655
1576897,0.34,-0.82,0.01,,,23.09027778,18.25675
1576907,0.28,-0.88,-0.01,,,23.1,18.257
1576917,0.26,-0.9,0.01,,,23.10972222,18.25725
1576927,0.33,-0.89,-0.01,83.23,18.2575,23.10833333,18.25745
1576937,0.35,-0.81,0.04,,,23.12361111,18.257725
1576947,0.31,-0.85,0.05,,,23.12777778,18.25795
1576957,0.35,-0.95,0.05,,,23.13194444,18.258175
1576967,0.27,-1,0.08,83.29,18.2584,23.08472222,18.2584
1576977,0.27,-0.99,0.06,,,23.11458333,18.258625
1576987,0.27,-0.96,0.06,,,23.09305556,18.25885
1576997,0.3,-0.94,0.05,,,23.07152778,18.259075
1577007,0.3,-1.02,0.03,82.98,18.2593,23.10277778,18.25935
1577017,0.29,-1.12,-0.02,,,23.05486111,18.25955
1577027,0.32,-1.18,-0.02,,,23.05972222,18.2598
1577037,0.35,-1.21,-0.04,,,23.06458333,18.26005
1577047,0.38,-1.12,-0.04,83.05,18.2603,23.01944444,18.26025
1577057,0.38,-1.15,0.01,,,23.04930556,18.260525
1577067,0.46,-1.17,0.04,,,23.02916667,18.26075
1577077,0.48,-1.22,0.01,,,23.00902778,18.260975
1577087,0.52,-1.14,0.03,82.76,18.2612,23.06805556,18.2612
1577097,0.53,-1.09,0.04,,,23.00833333,18.261425
1577107,0.49,-1.08,0.01,,,23.02777778,18.26165
1577117,0.44,-1.13,0,,,23.04722222,18.261875
1577127,0.42,-1.18,-0.01,83.04,18.2621,23.03472222,18.2621
1577137,0.5,-1.17,-0.03,,,23.07013889,18.262325
1577147,0.4,-1.11,-0.06,,,23.07361111,18.26255
1577157,0.35,-1.08,-0.01,,,23.07708333,18.262775
1577167,0.32,-1.05,0.01,83.09,18.263,23.10277778,18.263
1577177,0.26,-1.15,0,,,23.09513889,18.263225
1577187,0.23,-1.17,-0.03,,,23.10972222,18.26345
1577197,0.26,-1.2,-0.03,,,23.12430556,18.263675
1577207,0.29,-1.14,-0.01,83.3,18.2639,23.09027778,18.26395
1577217,0.3,-1.1,0.01,,,23.12916667,18.26415
1577227,0.27,-1.11,0.01,,,23.11944444,18.2644
1577237,0.31,-1.18,0.02,,,23.10972222,18.26465
1577247,0.32,-1.17,-0.06,83.16,18.2649,23.09166667,18.26485
1577257,0.3,-1.13,-0.03,,,23.08611111,18.265125
1577267,0.3,-1.09,0.01,,,23.07222222,18.26535
1577277,0.27,-1.09,0.05,,,23.05833333,18.265575
1577287,0.28,-1.09,0.01,82.96,18.2658,23.10277778,18.2658
1577297,0.26,-1.08,0.02,,,23.05972222,18.266025
1577307,0.31,-1.05,0.01,,,23.075,18.26625
1577317,0.27,-1,0.03,,,23.09027778,18.266475
1577327,0.27,-1.03,0.08,83.18,18.2667,23.07916667,18.2667
1577337,0.24,-1.06,0.07,,,23.10763889,18.266925
1577347,0.24,-1.11,0.03,,,23.10972222,18.26715
1577357,0.27,-1.02,0.01,,,23.11180556,18.267375
1577367,0.32,-1,0.01,83.21,18.2676,23.10277778,18.26765
1577377,0.37,-0.96,0.02,,,23.11041667,18.26785
1577387,0.35,-1.02,-0.01,,,23.10694444,18.2681
1577397,0.29,-1.07,-0.03,,,23.10347222,18.26835
1577407,0.3,-1.13,-0.05,83.16,18.2686,23.08194444,18.26855
1577417,0.27,-1.16,-0.06,,,23.0875,18.268825
1577427,0.32,-1.15,-0.08,,,23.075,18.26905
1577437,0.36,-1.17,-0.05,,,23.0625,18.269275
1577447,0.33,-1.17,-0.07,82.98,18.2695,23.09166667,18.2695
1577457,0.3,-1.17,-0.1,,,23.05833333,18.269725
1577467,0.31,-1.18,-0.07,,,23.06666667,18.26995
1577477,0.36,-1.15,-0.03,,,23.075,18.270175
1577487,0.34,-1.16,0.01,83.1,18.2704,23.08333333,18.2704
1577497,0.3,-1.12,0.01,,,23.09166667,18.270625
1577507,0.31,-1.05,-0.03,,,23.1,18.27085
1577517,0.33,-1.04,-0.03,,,23.10833333,18.271075
1577527,0.34,-1.01,-0.04,83.22,18.2713,23.0875,18.27135
1577537,0.31,-1.02,-0.02,,,23.11041667,18.27155
1577547,0.29,-1.04,-0.01,,,23.10416667,18.2718
1577557,0.28,-1.06,0.01,,,23.09791667,18.27205
1577567,0.34,-1.01,-0.02,83.13,18.2723,23.10833333,18.27225
1577577,0.41,-0.97,-0.04,,,23.09375,18.272525
1577587,0.42,-0.97,0.01,,,23.09583333,18.27275
1577597,0.38,-0.99,0.04,,,23.09791667,18.272975
1577607,0.35,-1.02,0.04,83.16,18.2732,23.15277778,18.2732
1577617,0.32,-1.01,0.05,,,23.12847222,18.273425
1577627,0.37,-0.96,0.02,,,23.15694444,18.27365
1577637,0.38,-0.91,0.04,,,23.18541667,18.273875
1577647,0.4,-0.88,0.05,83.57,18.2741,23.14722222,18.27415
1577657,0.36,-0.84,0.06,,,23.20902778,18.27435
1577667,0.37,-0.79,0.02,,,23.20416667,18.2746
1577677,0.43,-0.76,-0.01,,,23.19930556,18.27485
1577687,0.46,-0.76,-0.02,83.5,18.2751,23.20138889,18.27505
1577697,0.42,-0.7,-0.01,,,23.19305556,18.275325
1577707,0.35,-0.72,-0.02,,,23.19166667,18.27555
1577717,0.29,-0.6,-0.02,,,23.19027778,18.275775
1577727,0.28,-0.52,-0.05,83.48,18.276,23.22361111,18.276
1577737,0.3,-0.43,-0.04,,,23.20486111,18.276225
1577747,0.3,-0.38,-0.01,,,23.22083333,18.27645
1577757,0.27,-0.37,0.02,,,23.23680556,18.276675
1577767,0.22,-0.3,0.03,83.71,18.2769,23.26527778,18.27695
1577777,0.18,-0.22,0,,,23.275,18.27715
1577787,0.23,-0.1,0,,,23.29722222,18.2774
1577797,0.21,0.03,-0.03,,,23.31944444,18.27765
1577807,0.18,0.1,0,84.03,18.2779,23.3,18.27785
1577817,0.11,0.11,0,,,23.34305556,18.278125
1577827,0,0.1,0,,,23.34444444,18.27835
1577837,-0.06,0.22,-0.01,,,23.34583333,18.278575
1577847,-0.08,0.26,0,84.05,18.2788,23.32777778,18.2788
1577857,-0.11,0.38,0,,,23.33888889,18.279025
1577867,-0.17,0.4,0.09,,,23.33055556,18.27925
1577877,-0.19,0.46,0.09,,,23.32222222,18.279475
1577887,-0.19,0.43,0.03,83.93,18.2797,23.27361111,18.27975
1577897,-0.16,0.45,0.06,,,23.28541667,18.27995
1577907,-0.11,0.53,0,,,23.25694444,18.2802
1577917,-0.1,0.58,0.01,,,23.22847222,18.28045
1577927,-0.13,0.62,0.04,83.52,18.2807,23.21805556,18.28065
1577937,-0.18,0.61,0.07,,,23.18055556,18.280925
1577947,-0.18,0.6,0.06,,,23.16111111,18.28115
1577957,-0.15,0.63,0.06,,,23.14166667,18.281375
1577967,-0.13,0.66,0.09,83.24,18.2816,23.11666667,18.2816
1577977,-0.1,0.7,0.11,,,23.1,18.281825
1577987,-0.12,0.67,0.18,,,23.07777778,18.28205
1577997,-0.13,0.63,0.17,,,23.05555556,18.282275
1578007,-0.11,0.6,0.15,82.92,18.2825,23.04305556,18.2825
1578017,-0.08,0.65,0.15,,,23.01597222,18.282725
1578027,-0.08,0.72,0.14,,,22.99861111,18.28295
1578037,-0.09,0.76,0.19,,,22.98125,18.283175
1578047,-0.12,0.74,0.24,82.67,18.2834,22.92083333,18.2834
1578057,-0.1,0.68,0.22,,,22.925,18.283625
1578067,-0.07,0.68,0.17,,,22.88611111,18.28385
1578077,-0.07,0.68,0.19,,,22.84722222,18.284075
1578087,-0.06,0.72,0.24,82.11,18.2843,22.81666667,18.2843
1578097,-0.08,0.75,0.2,,,22.77361111,18.284525
1578107,-0.09,0.73,0.17,,,22.73888889,18.28475
1578117,-0.09,0.69,0.16,,,22.70416667,18.284975
1578127,-0.06,0.66,0.15,81.61,18.2852,22.69444444,18.2852
1578137,-0.03,0.71,0.15,,,22.64722222,18.285425
1578147,-0.05,0.73,0.17,,,22.625,18.28565
1578157,-0.07,0.75,0.18,,,22.60277778,18.285875
1578167,-0.08,0.73,0.14,81.29,18.2861,22.6375,18.2861
1578177,-0.06,0.71,0.15,,,22.58680556,18.286325
1578187,-0.09,0.72,0.19,,,22.59305556,18.28655
1578197,-0.09,0.74,0.21,,,22.59930556,18.286775
1578207,-0.09,0.78,0.24,81.38,18.287,22.50972222,18.287
1578217,-0.11,0.75,0.26,,,22.56388889,18.287225
1578227,-0.1,0.72,0.26,,,22.52222222,18.28745
1578237,-0.11,0.71,0.26,,,22.48055556,18.287675
1578247,-0.08,0.79,0.24,80.78,18.2879,22.44166667,18.2879
1578257,-0.1,0.81,0.26,,,22.39861111,18.288125
1578267,-0.09,0.87,0.32,,,22.35833333,18.28835
1578277,-0.11,0.84,0.31,,,22.31805556,18.288575
1578287,-0.09,0.82,0.29,80.2,18.2888,22.2875,18.2888
1578297,-0.09,0.8,0.27,,,22.24236111,18.289025
1578307,-0.07,0.84,0.28,,,22.20694444,18.28925
1578317,-0.04,0.93,0.31,,,22.17152778,18.289475
1578327,-0.06,0.97,0.35,79.69,18.2897,22.14722222,18.2897
1578337,-0.07,0.98,0.35,,,22.10625,18.289925
1578347,-0.06,0.86,0.34,,,22.07638889,18.29015
1578357,-0.04,0.87,0.31,,,22.04652778,18.290375
1578367,-0.05,0.86,0.34,79.26,18.2906,22.04722222,18.2906
1578377,-0.04,0.97,0.35,,,22.00208333,18.290825
1578387,-0.08,1,0.38,,,21.9875,18.29105
1578397,-0.11,1.07,0.35,,,21.97291667,18.291275
1578407,-0.15,1,0.3,79.05,18.2915,21.88472222,18.2915
1578417,-0.13,1.05,0.24,,,21.90694444,18.291725
1578427,-0.13,1.06,0.21,,,21.85555556,18.29195
1578437,-0.14,1.15,0.24,,,21.80416667,18.292175
1578447,-0.15,1.17,0.23,78.31,18.2924,21.775,18.29235
1578457,-0.15,1.2,0.2,,,21.7125,18.2926
1578467,-0.15,1.19,0.15,,,21.67222222,18.2928
1578477,-0.13,1.22,0.12,,,21.63194444,18.293
1578487,-0.13,1.27,0.11,77.73,18.2932,21.61805556,18.29325
1578497,-0.11,1.29,0.1,,,21.56458333,18.293425
1578507,-0.09,1.31,0.13,,,21.5375,18.29365
1578517,-0.09,1.25,0.14,,,21.51041667,18.293875
1578527,-0.08,1.18,0.12,77.34,18.2941,21.51944444,18.2941
1578537,-0.06,1.12,0.14,,,21.47430556,18.294325
1578547,-0.05,1.18,0.16,,,21.46527778,18.29455
1578557,-0.03,1.18,0.16,,,21.45625,18.294775
1578567,-0.03,1.22,0.18,77.21,18.295,21.49166667,18.29495
1578577,-0.03,1.16,0.17,,,21.46041667,18.2952
1578587,-0.04,1.1,0.16,,,21.47361111,18.2954
1578597,-0.05,1.07,0.14,,,21.48680556,18.2956
1578607,-0.06,1.1,0.15,77.4,18.2958,21.35833333,18.29585
1578617,-0.05,1.17,0.16,,,21.44236111,18.296025
1578627,-0.05,1.16,0.16,,,21.38472222,18.29625
1578637,-0.04,1.17,0.17,,,21.32708333,18.296475
1578647,-0.06,1.09,0.17,76.57,18.2967,21.49861111,18.29665
1578657,-0.06,1.12,0.14,,,21.32638889,18.2969
1578667,-0.07,1.09,0.13,,,21.38333333,18.2971
1578677,-0.06,1.16,0.12,,,21.44027778,18.2973
1578687,-0.06,1.15,0.12,77.39,18.2975,21.32361111,18.29755
1578697,-0.05,1.18,0.12,,,21.46736111,18.297725
1578707,-0.05,1.12,0.13,,,21.4375,18.29795
1578717,-0.03,1.11,0.1,,,21.40763889,18.298175
1578727,0.02,1.08,0.09,76.96,18.2984,21.29444444,18.29835
1578737,0.1,1.09,0.09,,,21.30625,18.2986
1578747,0.18,1.07,0.04,,,21.23472222,18.2988
1578757,0.2,0.98,0.03,,,21.16319444,18.299
1578767,0.21,0.96,0.02,75.93,18.2992,21.28888889,18.29925
1578777,0.19,0.99,0.01,,,21.11875,18.299425
1578787,0.19,1.08,0.05,,,21.14583333,18.29965
1578797,0.19,1.09,0.08,,,21.17291667,18.299875
1578807,0.19,1.12,0.04,76.32,18.3001,21.08611111,18.30005
1578817,0.26,1.1,0.04,,,21.17013889,18.3003
1578827,0.24,1.06,0.04,,,21.14027778,18.3005
1578837,0.21,1.05,-0.02,,,21.11041667,18.3007
1578847,0.22,1.15,-0.01,75.89,18.3009,21.24027778,18.30095
1578857,0.21,1.21,-0.05,,,21.13055556,18.301125
1578867,0.25,1.28,0.02,,,21.18055556,18.30135
1578877,0.32,1.25,-0.04,,,21.23055556,18.301575
1578887,0.33,1.21,-0.06,76.61,18.3018,21.15,18.30175
1578897,0.35,1.17,-0.07,,,21.26527778,18.302
1578907,0.38,1.18,-0.02,,,21.25,18.3022
1578917,0.38,1.25,-0.02,,,21.23472222,18.3024
1578927,0.43,1.26,-0.04,76.39,18.3026,21.19861111,18.30265
1578937,0.38,1.26,-0.07,,,21.19375,18.302825
1578947,0.29,1.23,-0.06,,,21.16805556,18.30305
1578957,0.27,1.25,-0.15,,,21.14236111,18.303275
1578967,0.27,1.29,-0.1,76.02,18.3035,21.19027778,18.30345
1578977,0.27,1.33,-0.06,,,21.12777778,18.3037
1578987,0.26,1.35,-0.02,,,21.13888889,18.3039
1578997,0.31,1.3,0.05,,,21.15,18.3041
1579007,0.36,1.25,-0.01,76.18,18.3043,21.175,18.30435
1579017,0.32,1.23,-0.02,,,21.17916667,18.304525
1579027,0.25,1.27,0.02,,,21.19722222,18.30475
1579037,0.2,1.24,0.06,,,21.21527778,18.304975
1579047,0.2,1.28,0.03,76.44,18.3052,21.17638889,18.30515
1579057,0.18,1.19,0.07,,,21.22291667,18.3054
1579067,0.14,1.2,0.09,,,21.2125,18.3056
1579077,0.1,1.19,0.05,,,21.20208333,18.3058
1579087,0.09,1.25,0.06,76.29,18.306,21.2,18.30605
1579097,0.08,1.25,0.1,,,21.18541667,18.306225
1579107,0.11,1.27,0.1,,,21.17916667,18.30645
1579117,0.1,1.19,0.11,,,21.17291667,18.306675
1579127,0.09,1.19,0.12,76.2,18.3069,21.19722222,18.30685
1579137,0.06,1.15,0.14,,,21.17569444,18.3071
1579147,0.05,1.2,0.13,,,21.18472222,18.3073
1579157,0.07,1.18,0.13,,,21.19375,18.3075
1579167,0.1,1.19,0.13,76.33,18.3077,21.12083333,18.3077
1579177,0.1,1.14,0.15,,,21.17083333,18.3079
1579187,0.15,1.12,0.13,,,21.13888889,18.3081
1579197,0.17,1.12,0.12,,,21.10694444,18.3083
1579207,0.25,1.11,0.1,75.87,18.3085,21.03055556,18.30855
1579217,0.26,1.18,0.11,,,21.02083333,18.308725
1579227,0.27,1.16,0.09,,,20.96666667,18.30895
1579237,0.35,1.15,0.04,,,20.9125,18.309175
1579247,0.37,1.15,0.03,75.09,18.3094,21.0375,18.30935
1579257,0.35,1.17,0.03,,,20.89375,18.3096
1579267,0.32,1.15,-0.03,,,20.92916667,18.3098
1579277,0.27,1.22,-0.01,,,20.96458333,18.31
1579287,0.3,1.23,-0.07,75.6,18.3102,20.93333333,18.31025
1579297,0.32,1.21,-0.06,,,21.00208333,18.310425
1579307,0.34,1.23,-0.1,,,21.00416667,18.31065
1579317,0.31,1.23,-0.11,,,21.00625,18.310875
1579327,0.33,1.27,-0.13,75.63,18.3111,21.0375,18.31105
1579337,0.36,1.24,-0.06,,,21.025,18.3113
1579347,0.35,1.29,-0.1,,,21.04166667,18.3115
1579357,0.41,1.23,-0.12,,,21.05833333,18.3117
1579367,0.42,1.26,-0.11,75.87,18.3119,21.02916667,18.3119
1579377,0.37,1.21,-0.11,,,21.06875,18.3121
1579387,0.4,1.23,-0.09,,,21.0625,18.3123
1579397,0.35,1.13,-0.04,,,21.05625,18.3125
1579407,0.4,1.1,-0.12,75.78,18.3127,21.08888889,18.31275
1579417,0.4,1.01,-0.05,,,21.06319444,18.312925
1579427,0.36,1.03,-0.05,,,21.07638889,18.31315
1579437,0.32,1.01,-0.04,,,21.08958333,18.313375
1579447,0.3,1.03,0.03,75.97,18.3136,21.12361111,18.31355
1579457,0.27,0.98,0.02,,,21.12638889,18.3138
1579467,0.26,0.95,0,,,21.15,18.314
1579477,0.26,0.9,0,,,21.17361111,18.3142
1579487,0.29,0.9,0.02,76.31,18.3144,21.13888889,18.31445
1579497,0.26,0.93,0.01,,,21.19166667,18.314625
1579507,0.25,0.91,0.03,,,21.18611111,18.31485
1579517,0.23,0.96,0.04,,,21.18055556,18.315075
1579527,0.25,0.89,0,76.23,18.3153,21.16666667,18.31525
1579537,0.26,0.91,-0.01,,,21.16527778,18.3155
1579547,0.18,0.88,-0.06,,,21.15555556,18.3157
1579557,0.16,0.95,-0.14,,,21.14583333,18.3159
1579567,0.14,0.93,-0.1,76.09,18.3161,21.17916667,18.31615
1579577,0.12,0.96,-0.11,,,21.14791667,18.316325
1579587,0.15,0.95,-0.11,,,21.15972222,18.31655
1579597,0.18,0.94,-0.11,,,21.17152778,18.316775
1579607,0.26,0.92,-0.16,76.26,18.317,21.16666667,18.31695
1579617,0.24,0.93,-0.15,,,21.18680556,18.3172
1579627,0.19,0.94,-0.12,,,21.19027778,18.3174
1579637,0.2,0.89,-0.06,,,21.19375,18.3176
1579647,0.27,0.86,-0.08,76.31,18.3178,21.22638889,18.31785
1579657,0.28,0.79,-0.07,,,21.21527778,18.318025
1579667,0.27,0.8,-0.08,,,21.23333333,18.31825
1579677,0.25,0.73,-0.04,,,21.25138889,18.318475
1579687,0.24,0.73,-0.01,76.57,18.3187,21.23472222,18.31865
1579697,0.19,0.68,0.01,,,21.27013889,18.3189
1579707,0.17,0.69,0.04,,,21.27083333,18.3191
1579717,0.13,0.66,0.11,,,21.27152778,18.3193
1579727,0.09,0.67,0.14,76.58,18.3195,21.27361111,18.31955
1579737,0.03,0.6,0.25,,,21.27361111,18.319725
1579747,0.01,0.63,0.26,,,21.275,18.31995
1579757,-0.02,0.56,0.31,,,21.27638889,18.320175
1579767,-0.03,0.55,0.37,76.6,18.3204,21.17638889,18.32035
1579777,-0.03,0.5,0.42,,,21.22847222,18.3206
1579787,-0.05,0.47,0.45,,,21.17916667,18.3208
1579797,-0.07,0.44,0.49,,,21.12986111,18.321
1579807,-0.11,0.45,0.42,75.89,18.3212,21.05,18.32125
1579817,-0.15,0.44,0.44,,,21.01597222,18.321425
1579827,-0.18,0.44,0.41,,,20.95138889,18.32165
1579837,-0.24,0.46,0.39,,,20.88680556,18.321875
1579847,-0.28,0.53,0.38,74.96,18.3221,20.84305556,18.32205
1579857,-0.31,0.51,0.42,,,20.76805556,18.3223
1579867,-0.34,0.54,0.45,,,20.71388889,18.3225
1579877,-0.35,0.47,0.47,,,20.65972222,18.3227
1579887,-0.33,0.47,0.48,74.18,18.3229,20.54305556,18.3229
1579897,-0.34,0.42,0.47,,,20.52013889,18.3231
1579907,-0.36,0.46,0.5,,,20.43472222,18.3233
1579917,-0.39,0.46,0.49,,,20.34930556,18.3235
1579927,-0.4,0.51,0.47,72.95,18.3237,20.31388889,18.3237
1579937,-0.41,0.43,0.52,,,20.20347222,18.3239
1579947,-0.41,0.43,0.53,,,20.14305556,18.3241
1579957,-0.44,0.3,0.52,,,20.08263889,18.3243
1579967,-0.46,0.33,0.5,72.08,18.3245,19.96388889,18.3245
1579977,-0.5,0.26,0.5,,,19.93263889,18.3247
1579987,-0.51,0.36,0.57,,,19.84305556,18.3249
1579997,-0.52,0.28,0.59,,,19.75347222,18.3251
1580007,-0.52,0.33,0.6,70.79,18.3253,19.71666667,18.3253
1580017,-0.49,0.19,0.59,,,19.60069444,18.3255
1580027,-0.44,0.19,0.6,,,19.5375,18.3257
1580037,-0.43,0.03,0.61,,,19.47430556,18.3259
1580047,-0.42,0.12,0.61,69.88,18.3261,19.37361111,18.3261
1580057,-0.43,0.04,0.63,,,19.32916667,18.3263
1580067,-0.44,0.12,0.66,,,19.24722222,18.3265
1580077,-0.44,0.1,0.64,,,19.16527778,18.3267
1580087,-0.43,0.12,0.63,68.7,18.3269,19.07361111,18.32685
1580097,-0.42,0.08,0.62,,,18.99652778,18.327075
1580107,-0.43,0.02,0.63,,,18.90972222,18.32725
1580117,-0.42,-0.01,0.6,,,18.82291667,18.327425
1580127,-0.41,-0.04,0.65,67.45,18.3276,18.80694444,18.32765
1580137,-0.39,0.01,0.65,,,18.68472222,18.3278
1580147,-0.38,-0.03,0.69,,,18.63333333,18.328
1580157,-0.38,0.03,0.68,,,18.58194444,18.3282
1580167,-0.37,-0.06,0.69,66.71,18.3284,18.46527778,18.32835
1580177,-0.39,-0.03,0.68,,,18.44652778,18.328575
1580187,-0.4,-0.07,0.67,,,18.3625,18.32875
1580197,-0.41,-0.01,0.71,,,18.27847222,18.328925
1580207,-0.43,-0.02,0.7,65.5,18.3291,18.18472222,18.32915
1580217,-0.42,-0.03,0.7,,,18.10555556,18.3293
1580227,-0.4,0.02,0.68,,,18.01666667,18.3295
1580237,-0.39,0,0.68,,,17.92777778,18.3297
1580247,-0.4,0.03,0.67,64.22,18.3299,17.87222222,18.32985
1580257,-0.42,-0.02,0.62,,,17.76666667,18.330075
1580267,-0.43,0,0.6,,,17.69444444,18.33025
1580277,-0.45,0.03,0.61,,,17.62222222,18.330425
1580287,-0.45,0.03,0.63,63.18,18.3306,17.53194444,18.3306
1580297,-0.45,0.05,0.6,,,17.46875,18.330775
1580307,-0.43,-0.02,0.59,,,17.3875,18.33095
1580317,-0.43,-0.01,0.58,,,17.30625,18.331125
1580327,-0.43,-0.02,0.57,62.01,18.3313,17.25694444,18.33125
1580337,-0.44,-0.02,0.58,,,17.15972222,18.33145
1580347,-0.45,-0.01,0.59,,,17.09444444,18.3316
1580357,-0.43,-0.07,0.61,,,17.02916667,18.33175
1580367,-0.42,-0.03,0.63,61.07,18.3319,16.96527778,18.33195
1580377,-0.4,-0.05,0.64,,,16.89930556,18.332075
1580387,-0.4,-0.06,0.66,,,16.83472222,18.33225
1580397,-0.42,-0.1,0.66,,,16.77013889,18.332425
1580407,-0.43,-0.13,0.69,60.14,18.3326,16.66527778,18.3326
1580417,-0.45,-0.07,0.67,,,16.62083333,18.332775
1580427,-0.45,-0.05,0.68,,,16.53611111,18.33295
1580437,-0.46,-0.02,0.69,,,16.45138889,18.333125
1580447,-0.45,0,0.68,58.92,18.3333,16.39027778,18.33325
1580457,-0.42,-0.04,0.67,,,16.29375,18.33345
1580467,-0.43,-0.04,0.69,,,16.22083333,18.3336
1580477,-0.44,-0.06,0.69,,,16.14791667,18.33375
1580487,-0.43,-0.09,0.69,57.87,18.3339,16.03472222,18.33395
1580497,-0.45,-0.12,0.69,,,15.98194444,18.334075
1580507,-0.47,-0.11,0.68,,,15.88888889,18.33425
1580517,-0.47,-0.09,0.65,,,15.79583333,18.334425
1580527,-0.48,-0.08,0.64,56.53,18.3346,15.74722222,18.33455
1580537,-0.46,-0.1,0.63,,,15.63194444,18.33475
1580547,-0.44,-0.07,0.63,,,15.56111111,18.3349
1580557,-0.44,-0.1,0.63,,,15.49027778,18.33505
1580567,-0.45,-0.1,0.63,55.51,18.3352,15.40138889,18.3352
1580577,-0.46,-0.08,0.64,,,15.33958333,18.33535
1580587,-0.46,-0.1,0.67,,,15.25972222,18.3355
1580597,-0.45,-0.1,0.66,,,15.17986111,18.33565
1580607,-0.43,-0.12,0.66,54.36,18.3358,15.11527778,18.3358
1580617,-0.42,-0.17,0.68,,,15.02777778,18.33595
1580627,-0.41,-0.19,0.69,,,14.95555556,18.3361
1580637,-0.4,-0.24,0.69,,,14.88333333,18.33625
1580647,-0.4,-0.28,0.7,53.32,18.3364,14.7875,18.3364
1580657,-0.39,-0.26,0.69,,,14.72708333,18.33655
1580667,-0.39,-0.26,0.62,,,14.64305556,18.3367
1580677,-0.41,-0.24,0.64,,,14.55902778,18.33685
1580687,-0.44,-0.24,0.69,52.11,18.337,14.49305556,18.337
1580697,-0.45,-0.28,0.68,,,14.4,18.33715
1580707,-0.43,-0.33,0.66,,,14.325,18.3373
1580717,-0.41,-0.36,0.64,,,14.25,18.33745
1580727,-0.42,-0.44,0.63,51.03,18.3376,14.14166667,18.33755
1580737,-0.42,-0.46,0.63,,,14.08333333,18.337725
1580747,-0.42,-0.48,0.62,,,13.99166667,18.33785
1580757,-0.41,-0.49,0.57,,,13.9,18.337975
1580767,-0.4,-0.53,0.53,49.71,18.3381,13.88333333,18.33815
1580777,-0.39,-0.54,0.54,,,13.75416667,18.33825
1580787,-0.37,-0.55,0.52,,,13.7,18.3384
1580797,-0.35,-0.55,0.49,,,13.64583333,18.33855
1580807,-0.33,-0.56,0.47,48.93,18.3387,13.6,18.33865
1580817,-0.31,-0.58,0.48,,,13.54166667,18.338825
1580827,-0.29,-0.6,0.48,,,13.49166667,18.33895
1580837,-0.28,-0.59,0.46,,,13.44166667,18.339075
1580847,-0.26,-0.62,0.4,48.21,18.3392,13.36944444,18.3392
1580857,-0.24,-0.61,0.36,,,13.33055556,18.339325
1580867,-0.24,-0.64,0.34,,,13.26944444,18.33945
1580877,-0.23,-0.68,0.34,,,13.20833333,18.339575
1580887,-0.21,-0.68,0.36,47.33,18.3397,13.16944444,18.33975
1580897,-0.21,-0.67,0.38,,,13.09722222,18.33985
1580907,-0.2,-0.69,0.36,,,13.04722222,18.34
1580917,-0.19,-0.71,0.33,,,12.99722222,18.34015
1580927,-0.19,-0.74,0.32,46.61,18.3403,12.96944444,18.34025
1580937,-0.19,-0.76,0.3,,,12.90833333,18.340425
1580947,-0.2,-0.79,0.31,,,12.86944444,18.34055
1580957,-0.2,-0.82,0.32,,,12.83055556,18.340675
1580967,-0.22,-0.81,0.28,46.05,18.3408,12.80416667,18.3408
1580977,-0.23,-0.86,0.27,,,12.75902778,18.340925
1580987,-0.22,-0.87,0.28,,,12.72638889,18.34105
1580997,-0.24,-0.88,0.31,,,12.69375,18.341175
1581007,-0.25,-0.92,0.33,45.58,18.3413,12.65833333,18.3413
1581017,-0.26,-0.95,0.34,,,12.62708333,18.341425
1581027,-0.27,-0.97,0.35,,,12.59305556,18.34155
1581037,-0.27,-0.97,0.37,,,12.55902778,18.341675
1581047,-0.26,-0.99,0.4,45.09,18.3418,12.53194444,18.3418
1581057,-0.26,-1.01,0.4,,,12.49444444,18.341925
1581067,-0.25,-1.05,0.4,,,12.46388889,18.34205
1581077,-0.25,-1.06,0.41,,,12.43333333,18.342175
1581087,-0.23,-1.08,0.4,44.65,18.3423,12.3625,18.3423
1581097,-0.22,-1.07,0.41,,,12.35208333,18.342425
1581107,-0.22,-1.09,0.42,,,12.30138889,18.34255
1581117,-0.23,-1.07,0.43,,,12.25069444,18.342675
1581127,-0.23,-1.09,0.43,43.92,18.3428,12.18888889,18.3428
1581137,-0.23,-1.12,0.43,,,12.14375,18.342925
1581147,-0.23,-1.15,0.41,,,12.0875,18.34305
1581157,-0.24,-1.14,0.42,,,12.03125,18.343175
1581167,-0.24,-1.13,0.43,43.11,18.3433,11.925,18.3433
1581177,-0.24,-1.16,0.43,,,11.89375,18.343425
1581187,-0.23,-1.16,0.42,,,11.8125,18.34355
1581197,-0.23,-1.18,0.44,,,11.73125,18.343675
1581207,-0.2,-1.21,0.39,41.94,18.3438,11.75555556,18.34375
1581217,-0.2,-1.24,0.4,,,11.62152778,18.3439
1581227,-0.2,-1.27,0.42,,,11.59305556,18.344
1581237,-0.22,-1.28,0.42,,,11.56458333,18.3441
1581247,-0.23,-1.29,0.43,41.53,18.3442,11.45833333,18.34425
1581257,-0.23,-1.28,0.41,,,11.46875,18.344325
1581267,-0.23,-1.31,0.41,,,11.40138889,18.34445
1581277,-0.21,-1.31,0.38,,,11.33402778,18.344575
1581287,-0.2,-1.32,0.36,40.56,18.3447,11.36111111,18.34465
1581297,-0.17,-1.3,0.32,,,11.24652778,18.3448
1581307,-0.15,-1.32,0.19,,,11.22638889,18.3449
1581317,-0.15,-1.33,0.22,,,11.20625,18.345
1581327,-0.14,-1.37,0.15,40.27,18.3451,11.14305556,18.34515
1581337,-0.14,-1.34,0.15,,,11.14444444,18.345225
1581347,-0.12,-1.35,0.17,,,11.10277778,18.34535
1581357,-0.12,-1.34,0.15,,,11.06111111,18.345475
1581367,-0.12,-1.36,0.11,39.67,18.3456,11.01944444,18.34555
1581377,-0.1,-1.35,0.1,,,10.97777778,18.3457
1581387,-0.07,-1.36,0.12,,,10.93611111,18.3458
1581397,-0.07,-1.31,0.12,,,10.89444444,18.3459
1581407,-0.05,-1.27,0.13,39.07,18.346,10.94027778,18.346
1581417,-0.03,-1.17,0.11,,,10.85486111,18.3461
1581427,-0.03,-1.14,0.12,,,10.85694444,18.3462
1581437,-0.03,-1.12,0.12,,,10.85902778,18.3463
1581447,-0.02,-1.09,0.05,39.1,18.3464,10.79305556,18.34645
1581457,0,-1.05,0.05,,,10.82916667,18.346525
1581467,0.01,-1.03,0.08,,,10.79722222,18.34665
1581477,0.02,-0.97,0.07,,,10.76527778,18.346775
1581487,0.01,-0.92,0.07,38.64,18.3469,10.84861111,18.34685
1581497,0,-0.85,0.05,,,10.75902778,18.347
1581507,0,-0.81,0.09,,,10.78472222,18.3471
1581517,0,-0.73,0.11,,,10.81041667,18.3472
1581527,-0.01,-0.65,0.09,39.01,18.3473,10.75,18.3473
1581537,-0.01,-0.56,0.1,,,10.81875,18.3474
1581547,0,-0.49,0.11,,,10.80138889,18.3475
1581557,0,-0.4,0.09,,,10.78402778,18.3476
1581567,-0.01,-0.35,0.09,38.76,18.3477,10.775,18.3477
1581577,-0.02,-0.28,0.08,,,10.75347222,18.3478
1581587,-0.03,-0.21,0.07,,,10.74027778,18.3479
1581597,-0.03,-0.15,0.09,,,10.72708333,18.348
1581607,-0.03,-0.09,0.09,38.57,18.3481,10.74166667,18.34815
1581617,-0.03,-0.05,0.06,,,10.71458333,18.348225
1581627,-0.03,-0.01,0.07,,,10.71527778,18.34835
1581637,-0.02,0.04,0.08,,,10.71597222,18.348475
1581647,-0.01,0.1,0.08,38.58,18.3486,10.70694444,18.34855
1581657,-0.01,0.14,0.08,,,10.7125,18.3487
1581667,-0.04,0.19,0.07,,,10.70833333,18.3488
1581677,-0.06,0.24,0.07,,,10.70416667,18.3489
1581687,-0.07,0.3,0.01,38.52,18.349,10.69444444,18.349
1581697,-0.06,0.33,0.05,,,10.69305556,18.3491
1581707,-0.05,0.37,0.07,,,10.68611111,18.3492
1581717,-0.07,0.44,0.09,,,10.67916667,18.3493
1581727,-0.09,0.52,0.07,38.42,18.3494,10.70972222,18.3494
1581737,-0.09,0.55,0.07,,,10.68402778,18.3495
1581747,-0.05,0.61,0.04,,,10.69583333,18.3496
1581757,-0.08,0.61,0.16,,,10.70763889,18.3497
1581767,-0.04,0.65,0.05,38.59,18.3498,10.6875,18.34985
1581777,0.01,0.7,0.04,,,10.71527778,18.349925
1581787,-0.01,0.75,0.14,,,10.71111111,18.35005
1581797,-0.03,0.75,0.12,,,10.70694444,18.350175
1581807,-0.04,0.76,0.05,38.53,18.3503,10.74444444,18.35025
1581817,-0.03,0.8,0.01,,,10.71944444,18.3504
1581827,-0.01,0.87,-0.04,,,10.73611111,18.3505
1581837,0.03,0.92,0.03,,,10.75277778,18.3506
1581847,0,0.93,0.09,38.77,18.3507,10.76111111,18.3507
1581857,-0.02,0.95,0.06,,,10.78194444,18.3508
1581867,0,0.98,-0.02,,,10.79444444,18.3509
1581877,0.04,0.99,0.02,,,10.80694444,18.351
1581887,0.03,1.01,0.11,38.95,18.3511,10.77222222,18.35115
1581897,0.01,1.05,0.09,,,10.80833333,18.351225
1581907,0.03,1.08,-0.05,,,10.79722222,18.35135
1581917,0.08,1.08,0.02,,,10.78611111,18.351475
1581927,0.05,1.06,0.17,38.79,18.3516,10.77361111,18.35155
1581937,0.05,1.09,0.07,,,10.76319444,18.3517
1581947,0.05,1.09,-0.05,,,10.75138889,18.3518
1581957,0.08,1.1,0.04,,,10.73958333,18.3519
1581967,0.06,1.1,0.15,38.62,18.352,10.75694444,18.352
1581977,0.01,1.13,0.12,,,10.73055556,18.3521
1581987,-0.01,1.12,0.04,,,10.73333333,18.3522
1581997,0,1.16,-0.05,,,10.73611111,18.3523
1582007,0.03,1.17,0,38.66,18.3524,10.77361111,18.3524
1582017,0.02,1.17,0.14,,,10.75902778,18.3525
1582027,0,1.16,0.11,,,10.77916667,18.3526
1582037,0.02,1.18,-0.05,,,10.79930556,18.3527
1582047,0.06,1.18,0.01,38.95,18.3528,10.69861111,18.35285
1582057,0.01,1.18,0.11,,,10.77916667,18.352925
1582067,0.01,1.18,-0.07,,,10.73888889,18.35305
1582077,0.05,1.18,-0.1,,,10.69861111,18.353175
1582087,0.06,1.15,0.05,38.37,18.3533,10.82083333,18.35325
1582097,0.01,1.13,0.13,,,10.69930556,18.3534
1582107,0.02,1.13,-0.06,,,10.74027778,18.3535
1582117,0.05,1.16,0.01,,,10.78125,18.3536
1582127,0.03,1.14,0.1,38.96,18.3537,10.69861111,18.3537
1582137,0.05,1.11,0.11,,,10.80138889,18.3538
1582147,0.12,1.09,0.16,,,10.78055556,18.3539
1582157,0.08,1.09,0.11,,,10.75972222,18.354
1582167,0.11,1.12,0.02,38.66,18.3541,10.74027778,18.3541
1582177,0.07,1.1,0.1,,,10.71875,18.3542
1582187,0.07,1.12,-0.04,,,10.69861111,18.3543
1582197,0.1,1.14,-0.05,,,10.67847222,18.3544
1582207,0.09,1.14,0.08,38.37,18.3545,10.77222222,18.35455
1582217,0.07,1.14,-0.04,,,10.69513889,18.354625
1582227,0.1,1.15,-0.05,,,10.73194444,18.35475
1582237,0.1,1.15,-0.15,,,10.76875,18.354875
1582247,0.11,1.11,-0.29,38.9,18.355,10.69583333,18.35495
1582257,0.15,1.11,-0.23,,,10.7875,18.3551
1582267,0.12,1.06,-0.11,,,10.76944444,18.3552
1582277,0.13,1.05,-0.2,,,10.75138889,18.3553
1582287,0.13,1.06,-0.28,38.64,18.3554,10.8,18.3554
1582297,0.13,1.05,-0.2,,,10.74861111,18.3555
1582307,0.11,0.98,-0.11,,,10.76388889,18.3556
1582317,0.1,0.96,-0.2,,,10.77916667,18.3557
1582327,0.12,0.94,-0.25,38.86,18.3558,10.80277778,18.35585
1582337,0.12,0.92,-0.15,,,10.81388889,18.355925
1582347,0.09,0.88,-0.09,,,10.83333333,18.35605
1582357,0.07,0.83,-0.13,,,10.85277778,18.356175
1582367,0.1,0.77,-0.19,39.14,18.3563,10.79305556,18.35625
1582377,0.12,0.71,-0.1,,,10.85208333,18.3564
1582387,0.15,0.6,-0.03,,,10.83194444,18.3565
1582397,0.15,0.54,-0.13,,,10.81180556,18.3566
1582407,0.17,0.5,-0.19,38.85,18.3567,10.86944444,18.3567
1582417,0.17,0.45,-0.08,,,10.81041667,18.3568
1582427,0.13,0.35,-0.06,,,10.82916667,18.3569
1582437,0.11,0.3,-0.13,,,10.84791667,18.357
1582447,0.13,0.26,-0.16,39.12,18.3571,10.80416667,18.35715
1582457,0.11,0.23,-0.06,,,10.85416667,18.357225
1582467,0.08,0.17,-0.01,,,10.84166667,18.35735
1582477,0.08,0.12,-0.1,,,10.82916667,18.357475
1582487,0.11,0.07,-0.1,38.94,18.3576,10.88055556,18.35755
1582497,0.1,-0.01,-0.02,,,10.83611111,18.3577
1582507,0.12,-0.05,-0.07,,,10.85555556,18.3578
1582517,0.16,-0.07,-0.15,,,10.875,18.3579
1582527,0.14,-0.12,-0.07,39.22,18.358,10.84583333,18.358
1582537,0.11,-0.19,-0.08,,,10.88958333,18.3581
1582547,0.13,-0.21,-0.2,,,10.88472222,18.3582
1582557,0.14,-0.29,-0.13,,,10.87986111,18.3583
1582567,0.09,-0.33,-0.04,39.15,18.3584,10.91111111,18.35845
1582577,0.13,-0.36,-0.12,,,10.88819444,18.358525
1582587,0.13,-0.39,-0.11,,,10.90138889,18.35865
1582597,0.09,-0.42,0,,,10.91458333,18.358775
1582607,0.07,-0.47,-0.04,39.34,18.3589,10.93611111,18.35885
1582617,0.1,-0.49,-0.11,,,10.94513889,18.359
1582627,0.07,-0.55,-0.01,,,10.9625,18.3591
1582637,0.08,-0.56,-0.08,,,10.97986111,18.3592
1582647,0.08,-0.61,-0.13,39.59,18.3593,10.96944444,18.35935
1582657,0.07,-0.66,-0.03,,,11.00069444,18.359425
1582667,0.07,-0.67,-0.08,,,11.00416667,18.35955
1582677,0.09,-0.68,-0.12,,,11.00763889,18.359675
1582687,0.05,-0.74,-0.01,39.64,18.3598,10.99305556,18.35975
1582697,0.04,-0.79,0.03,,,11.00555556,18.3599
1582707,0.08,-0.78,-0.11,,,11,18.36
1582717,0.05,-0.84,-0.07,,,10.99444444,18.3601
1582727,0.04,-0.87,0,39.56,18.3602,10.99444444,18.3602
1582737,0.06,-0.87,-0.05,,,10.98611111,18.3603
1582747,0.03,-0.91,0,,,10.98333333,18.3604
1582757,0.07,-0.92,-0.09,,,10.98055556,18.3605
1582767,0.06,-0.99,-0.05,39.52,18.3606,10.98472222,18.36065
1582777,0.05,-1,-0.02,,,10.97847222,18.360725
1582787,0.03,-1.04,0.09,,,10.97916667,18.36085
1582797,0.02,-1.06,0.12,,,10.97986111,18.360975
1582807,0.04,-1.03,0.08,39.53,18.3611,10.99722222,18.36105
1582817,0.07,-1.04,0.09,,,10.98958333,18.3612
1582827,0.09,-1.04,0.03,,,10.99861111,18.3613
1582837,0.03,-1.1,0.1,,,11.00763889,18.3614
1582847,0.05,-1.07,-0.03,39.66,18.3615,11.01944444,18.36155
1582857,0.03,-1.11,0.04,,,11.02708333,18.361625
1582867,0.04,-1.1,0.09,,,11.0375,18.36175
1582877,0.08,-1.07,0.07,,,11.04791667,18.361875
1582887,0.06,-1.13,0.09,39.81,18.362,11.0375,18.36195
1582897,0.07,-1.14,0.03,,,11.05833333,18.3621
1582907,0.06,-1.14,0.05,,,11.05833333,18.3622
1582917,0.04,-1.15,0.11,,,11.05833333,18.3623
1582927,0.09,-1.1,0.04,39.81,18.3624,11.04444444,18.36245
1582937,0.06,-1.12,0.07,,,11.05138889,18.362525
1582947,0.09,-1.07,0.03,,,11.04444444,18.36265
1582957,0.06,-1.09,0.05,,,11.0375,18.362775
1582967,0.07,-1.12,0,39.71,18.3629,11.08055556,18.36285
1582977,0.04,-1.12,-0.04,,,11.04861111,18.363
1582987,0.05,-1.14,-0.02,,,11.06666667,18.3631
1582997,0.09,-1.12,-0.04,,,11.08472222,18.3632
1583007,0.11,-1.16,-0.06,39.97,18.3633,11.07777778,18.3633
1583017,0.11,-1.15,-0.07,,,11.10833333,18.3634
1583027,0.09,-1.16,-0.07,,,11.11388889,18.3635
1583037,0.08,-1.18,-0.06,,,11.11944444,18.3636
1583047,0.12,-1.18,-0.1,40.05,18.3637,11.09027778,18.36375
1583057,0.12,-1.2,-0.08,,,11.11319444,18.363825
1583067,0.13,-1.17,-0.12,,,11.10138889,18.36395
1583077,0.11,-1.2,-0.1,,,11.08958333,18.364075
1583087,0.13,-1.17,-0.11,39.88,18.3642,11.17083333,18.36415
1583097,0.09,-1.14,-0.09,,,11.1125,18.3643
1583107,0.08,-1.17,-0.1,,,11.14722222,18.3644
1583117,0.11,-1.14,-0.11,,,11.18194444,18.3645
1583127,0.07,-1.21,-0.04,40.38,18.3646,11.05,18.36465
1583137,0.1,-1.16,-0.08,,,11.16805556,18.364725
1583147,0.1,-1.14,-0.13,,,11.11944444,18.36485
1583157,0.11,-1.14,-0.08,,,11.07083333,18.364975
1583167,0.1,-1.09,-0.08,39.68,18.3651,11.18888889,18.36505
1583177,0.08,-1.11,-0.05,,,11.05694444,18.3652
1583187,0.12,-1.06,-0.07,,,11.09166667,18.3653
1583197,0.1,-1.1,-0.03,,,11.12638889,18.3654
1583207,0.14,-1.03,-0.08,40.18,18.3655,11.13333333,18.3655
1583217,0.1,-1.04,-0.05,,,11.18194444,18.3656
1583227,0.12,-1,-0.05,,,11.20277778,18.3657
1583237,0.13,-0.97,-0.05,,,11.22361111,18.3658
1583247,0.09,-1,-0.02,40.48,18.3659,11.20277778,18.36595
1583257,0.12,-0.98,-0.06,,,11.24444444,18.366025
1583267,0.09,-0.97,-0.03,,,11.24444444,18.36615
1583277,0.12,-0.93,-0.03,,,11.24444444,18.366275
1583287,0.14,-0.88,-0.07,40.48,18.3664,11.23888889,18.36635
1583297,0.15,-0.86,-0.09,,,11.24166667,18.3665
1583307,0.17,-0.8,-0.11,,,11.23888889,18.3666
1583317,0.12,-0.82,-0.05,,,11.23611111,18.3667
1583327,0.13,-0.78,-0.07,40.44,18.3668,11.26944444,18.36685
1583337,0.11,-0.73,-0.09,,,11.24861111,18.366925
1583347,0.1,-0.69,-0.1,,,11.26388889,18.36705
1583357,0.1,-0.64,-0.1,,,11.27916667,18.367175
1583367,0.08,-0.62,-0.05,40.66,18.3673,11.29444444,18.36725
1583377,0.1,-0.57,-0.09,,,11.30972222,18.3674
1583387,0.09,-0.54,-0.03,,,11.325,18.3675
1583397,0.11,-0.51,-0.07,,,11.34027778,18.3676
1583407,0.1,-0.4,-0.03,40.88,18.3677,11.33194444,18.36775
1583417,0.09,-0.4,-0.04,,,11.35902778,18.367825
1583427,0.07,-0.31,0.01,,,11.3625,18.36795
1583437,0.04,-0.27,0.01,,,11.36597222,18.368075
1583447,0.05,-0.19,-0.03,40.93,18.3682,11.35972222,18.3682
1583457,0.03,-0.13,0.02,,,11.36805556,18.368325
1583467,0.06,-0.04,0.01,,,11.36666667,18.36845
1583477,0.03,0.04,0.03,,,11.36527778,18.368575
1583487,0.03,0.12,-0.05,40.91,18.3687,11.41111111,18.36865
1583497,0,0.19,-0.02,,,11.38611111,18.3688
1583507,-0.01,0.25,-0.03,,,11.40833333,18.3689
1583517,-0.01,0.33,-0.05,,,11.43055556,18.369
1583527,-0.05,0.39,0.01,41.23,18.3691,11.41388889,18.36915
1583537,-0.01,0.47,-0.04,,,11.45555556,18.369225
1583547,-0.05,0.54,-0.01,,,11.45833333,18.36935
1583557,0.02,0.6,-0.05,,,11.46111111,18.369475
1583567,-0.01,0.63,-0.07,41.27,18.3696,11.44583333,18.36955
1583577,0.02,0.68,-0.07,,,11.45763889,18.3697
1583587,-0.01,0.73,0.02,,,11.45138889,18.3698
1583597,0.02,0.78,-0.04,,,11.44513889,18.3699
1583607,0.01,0.83,0,41.18,18.37,11.52638889,18.37005
1583617,0.04,0.86,-0.03,,,11.47638889,18.370125
1583627,0.01,0.91,0.09,,,11.51388889,18.37025
1583637,0.06,0.9,-0.02,,,11.55138889,18.370375
1583647,0.03,0.96,0.05,41.72,18.3705,11.55555556,18.3705
1583657,0.03,0.99,0.01,,,11.60972222,18.370625
1583667,0.04,1.03,0.1,,,11.63055556,18.37075
1583677,0.06,1.02,0,,,11.65138889,18.370875
1583687,0.06,1.05,0.08,42.02,18.371,11.61388889,18.37095
1583697,0.1,1.06,0,,,11.66388889,18.3711
1583707,0.08,1.04,0.03,,,11.65555556,18.3712
1583717,0.07,1.1,0.13,,,11.64722222,18.3713
1583727,0.1,1.11,0.01,41.9,18.3714,11.65416667,18.37145
1583737,0.03,1.14,0.12,,,11.63819444,18.371525
1583747,0.09,1.17,0.06,,,11.6375,18.37165
1583757,0.05,1.15,0.05,,,11.63680556,18.371775
1583767,0.03,1.2,0.09,41.89,18.3719,11.51388889,18.3719
1583777,0.07,1.19,0,,,11.57430556,18.372025
1583787,0.03,1.19,0.06,,,11.5125,18.37215
1583797,0.08,1.21,-0.03,,,11.45069444,18.372275
1583807,0.04,1.19,0.04,41,18.3724,11.54027778,18.37235
1583817,0.05,1.24,0.09,,,11.40277778,18.3725
1583827,0.07,1.22,-0.01,,,11.41666667,18.3726
1583837,0.04,1.23,0.02,,,11.43055556,18.3727
1583847,0.06,1.26,0.01,41.2,18.3728,11.52083333,18.37285
1583857,0.05,1.25,-0.04,,,11.49652778,18.372925
1583867,0.02,1.27,0.03,,,11.54861111,18.37305
1583877,0.06,1.28,-0.03,,,11.60069444,18.373175
1583887,0.02,1.26,0.03,41.95,18.3733,11.46388889,18.3733
1583897,0.05,1.27,0.03,,,11.61041667,18.373425
1583907,0.11,1.25,-0.03,,,11.56805556,18.37355
1583917,0.06,1.23,0.05,,,11.52569444,18.373675
1583927,0.11,1.23,0.03,41.34,18.3738,11.67083333,18.37375
1583937,0.14,1.18,-0.09,,,11.53472222,18.3739
1583947,0.06,1.24,0.03,,,11.58611111,18.374
1583957,0.11,1.23,-0.06,,,11.6375,18.3741
1583967,0.18,1.2,-0.14,42.08,18.3742,11.52083333,18.37425
1583977,0.14,1.22,-0.09,,,11.65625,18.374325
1583987,0.1,1.25,-0.02,,,11.62361111,18.37445
1583997,0.18,1.19,-0.08,,,11.59097222,18.374575
1584007,0.23,1.17,-0.16,41.61,18.3747,11.63055556,18.37465
1584017,0.17,1.17,-0.11,,,11.56180556,18.3748
1584027,0.18,1.18,-0.08,,,11.56527778,18.3749
1584037,0.24,1.16,-0.15,,,11.56875,18.375
1584047,0.19,1.18,-0.16,41.66,18.3751,11.61388889,18.37515
1584057,0.15,1.2,-0.1,,,11.59652778,18.375225
1584067,0.21,1.21,-0.16,,,11.62083333,18.37535
1584077,0.23,1.19,-0.26,,,11.64513889,18.375475
1584087,0.19,1.2,-0.15,42.01,18.3756,11.66111111,18.3756
1584097,0.2,1.17,-0.13,,,11.68958333,18.375725
1584107,0.26,1.11,-0.18,,,11.70972222,18.37585
1584117,0.25,1.06,-0.2,,,11.72986111,18.375975
1584127,0.23,1.06,-0.21,42.3,18.3761,11.78472222,18.3761
1584137,0.26,1.03,-0.26,,,11.7875,18.376225
1584147,0.19,1,-0.19,,,11.825,18.37635
1584157,0.18,1,-0.2,,,11.8625,18.376475
1584167,0.21,0.96,-0.25,42.84,18.3766,11.82083333,18.37655
1584177,0.16,0.93,-0.19,,,11.89791667,18.3767
1584187,0.2,0.92,-0.2,,,11.89583333,18.3768
1584197,0.23,0.82,-0.29,,,11.89375,18.3769
1584207,0.17,0.8,-0.25,42.81,18.377,11.93333333,18.37705
1584217,0.22,0.75,-0.31,,,11.91041667,18.377125
1584227,0.27,0.65,-0.32,,,11.92916667,18.37725
1584237,0.22,0.62,-0.29,,,11.94791667,18.377375
1584247,0.29,0.58,-0.29,43.08,18.3775,11.95277778,18.3775
1584257,0.31,0.5,-0.26,,,11.97847222,18.377625
1584267,0.23,0.47,-0.23,,,11.99027778,18.37775
1584277,0.24,0.45,-0.2,,,12.00208333,18.377875
1584287,0.27,0.38,-0.25,43.25,18.378,12.06944444,18.378
1584297,0.21,0.34,-0.23,,,12.05347222,18.378125
1584307,0.22,0.32,-0.19,,,12.09305556,18.37825
1584317,0.16,0.25,-0.18,,,12.13263889,18.378375
1584327,0.18,0.15,-0.18,43.82,18.3785,12.12777778,18.37845
1584337,0.16,0.13,-0.11,,,12.18958333,18.3786
1584347,0.27,0.05,-0.15,,,12.20694444,18.3787
1584357,0.27,0,-0.3,,,12.22430556,18.3788
1584367,0.26,-0.09,-0.35,44.07,18.3789,12.24861111,18.37895
1584377,0.26,-0.09,-0.28,,,12.2625,18.379025
1584387,0.22,-0.09,-0.29,,,12.28333333,18.37915
1584397,0.26,-0.1,-0.32,,,12.30416667,18.379275
1584407,0.16,-0.09,-0.27,44.37,18.3794,12.32638889,18.3794
1584417,0.12,-0.05,-0.18,,,12.34652778,18.379525
1584427,0.18,-0.06,-0.12,,,12.36805556,18.37965
1584437,0.25,-0.14,-0.23,,,12.38958333,18.379775
1584447,0.31,-0.24,-0.41,44.68,18.3799,12.43194444,18.3799
1584457,0.3,-0.34,-0.41,,,12.44305556,18.380025
1584467,0.16,-0.38,-0.33,,,12.475,18.38015
1584477,0.09,-0.35,-0.25,,,12.50694444,18.380275
1584487,0.03,-0.38,-0.08,45.14,18.3804,12.52777778,18.3804
1584497,0.06,-0.38,0.02,,,12.56527778,18.380525
1584507,0.15,-0.4,0.02,,,12.59166667,18.38065
1584517,0.25,-0.44,-0.11,,,12.61805556,18.380775
1584527,0.35,-0.48,-0.3,45.52,18.3809,12.65972222,18.3809
1584537,0.36,-0.43,-0.32,,,12.67847222,18.381025
1584547,0.38,-0.46,-0.52,,,12.7125,18.38115
1584557,0.41,-0.47,-0.64,,,12.74652778,18.381275
1584567,0.39,-0.53,-0.68,46.01,18.3814,12.77777778,18.38145
1584577,0.35,-0.59,-0.68,,,12.81319444,18.38155
1584587,0.35,-0.57,-0.65,,,12.84583333,18.3817
1584597,0.3,-0.59,-0.62,,,12.87847222,18.38185
1584607,0.26,-0.61,-0.62,46.48,18.382,12.8625,18.38195
1584617,0.13,-0.65,-0.6,,,12.91944444,18.382125
1584627,0.04,-0.68,-0.51,,,12.92777778,18.38225
1584637,0,-0.74,-0.44,,,12.93611111,18.382375
1584647,-0.01,-0.71,-0.43,46.6,18.3825,12.97916667,18.3825
1584657,0.02,-0.7,-0.48,,,12.97013889,18.382625
1584667,0.13,-0.7,-0.58,,,12.99583333,18.38275
1584677,0.21,-0.67,-0.58,,,13.02152778,18.382875
1584687,0.27,-0.66,-0.5,46.97,18.383,13.02777778,18.383
1584697,0.34,-0.68,-0.38,,,13.06319444,18.383125
1584707,0.38,-0.67,-0.31,,,13.07916667,18.38325
1584717,0.4,-0.65,-0.25,,,13.09513889,18.383375
1584727,0.32,-0.71,-0.19,47.2,18.3835,13.18472222,18.3835
1584737,0.25,-0.72,-0.17,,,13.16388889,18.383625
1584747,0.29,-0.74,-0.19,,,13.21666667,18.38375
1584757,0.35,-0.77,-0.24,,,13.26944444,18.383875
1584767,0.38,-0.74,-0.34,47.96,18.384,13.225,18.38405
1584777,0.44,-0.7,-0.44,,,13.32638889,18.38415
1584787,0.49,-0.66,-0.49,,,13.33055556,18.3843
1584797,0.48,-0.62,-0.4,,,13.33472222,18.38445
1584807,0.45,-0.63,-0.27,48.02,18.3846,13.38333333,18.38455
1584817,0.4,-0.62,-0.13,,,13.36527778,18.384725
1584827,0.36,-0.6,-0.05,,,13.39166667,18.38485
1584837,0.42,-0.64,-0.08,,,13.41805556,18.384975
1584847,0.42,-0.59,-0.1,48.4,18.3851,13.45694444,18.3851
1584857,0.34,-0.57,-0.07,,,13.47708333,18.385225
1584867,0.25,-0.59,0.04,,,13.50972222,18.38535
1584877,0.24,-0.63,0.02,,,13.54236111,18.385475
1584887,0.33,-0.67,-0.1,48.87,18.3856,13.55555556,18.38565
1584897,0.38,-0.7,-0.24,,,13.59791667,18.38575
1584907,0.33,-0.7,-0.27,,,13.62083333,18.3859
1584917,0.28,-0.73,-0.22,,,13.64375,18.38605
1584927,0.31,-0.76,-0.23,49.2,18.3862,13.625,18.38615
1584937,0.32,-0.71,-0.24,,,13.66875,18.386325
1584947,0.29,-0.69,-0.24,,,13.67083333,18.38645
1584957,0.26,-0.69,-0.26,,,13.67291667,18.386575
1584967,0.3,-0.67,-0.28,49.23,18.3867,13.76666667,18.38675
1584977,0.36,-0.7,-0.36,,,13.72291667,18.38685
1584987,0.38,-0.72,-0.38,,,13.77083333,18.387
1584997,0.29,-0.72,-0.33,,,13.81875,18.38715
1585007,0.28,-0.76,-0.32,49.92,18.3873,13.81111111,18.38725
1585017,0.28,-0.74,-0.31,,,13.88680556,18.387425
1585027,0.2,-0.68,-0.23,,,13.90694444,18.38755
1585037,0.2,-0.66,-0.2,,,13.92708333,18.387675
1585047,0.23,-0.62,-0.22,50.21,18.3878,13.94722222,18.38785
1585057,0.2,-0.61,-0.16,,,13.96736111,18.38795
1585067,0.22,-0.6,-0.11,,,13.9875,18.3881
1585077,0.27,-0.58,-0.13,,,14.00763889,18.38825
1585087,0.27,-0.56,-0.14,50.5,18.3884,14.05,18.3884
1585097,0.35,-0.62,-0.12,,,14.05902778,18.38855
1585107,0.41,-0.63,-0.17,,,14.09027778,18.3887
1585117,0.41,-0.64,-0.19,,,14.12152778,18.38885
1585127,0.39,-0.6,-0.2,50.95,18.389,14.09166667,18.38895
1585137,0.4,-0.53,-0.22,,,14.15347222,18.389125
1585147,0.34,-0.55,-0.16,,,14.15416667,18.38925
1585157,0.29,-0.56,-0.14,,,14.15486111,18.389375
1585167,0.3,-0.57,-0.16,50.96,18.3895,14.19444444,18.38955
1585177,0.33,-0.58,-0.15,,,14.17569444,18.38965
1585187,0.35,-0.53,-0.2,,,14.19583333,18.3898
1585197,0.35,-0.53,-0.17,,,14.21597222,18.38995
1585207,0.35,-0.52,-0.15,51.25,18.3901,14.28333333,18.3901
1585217,0.36,-0.48,-0.11,,,14.27986111,18.39025
1585227,0.34,-0.47,-0.09,,,14.32361111,18.3904
1585237,0.36,-0.46,-0.11,,,14.36736111,18.39055
1585247,0.35,-0.48,-0.12,51.88,18.3907,14.37777778,18.3907
1585257,0.35,-0.55,-0.12,,,14.43819444,18.39085
1585267,0.31,-0.56,-0.09,,,14.46527778,18.391
1585277,0.3,-0.59,-0.09,,,14.49236111,18.39115
1585287,0.34,-0.6,-0.11,52.27,18.3913,14.51111111,18.39125
1585297,0.36,-0.57,-0.1,,,14.54236111,18.391425
1585307,0.36,-0.52,-0.1,,,14.56527778,18.39155
1585317,0.34,-0.54,-0.12,,,14.58819444,18.391675
1585327,0.37,-0.53,-0.13,52.6,18.3918,14.59166667,18.39185
1585337,0.36,-0.58,-0.13,,,14.62430556,18.39195
1585347,0.31,-0.57,-0.14,,,14.6375,18.3921
1585357,0.29,-0.62,-0.17,,,14.65069444,18.39225
1585367,0.28,-0.63,-0.19,52.79,18.3924,14.68055556,18.3924
1585377,0.26,-0.59,-0.19,,,14.68541667,18.39255
1585387,0.26,-0.57,-0.2,,,14.70694444,18.3927
1585397,0.33,-0.55,-0.22,,,14.72847222,18.39285
1585407,0.35,-0.55,-0.2,53.1,18.393,14.77083333,18.393
1585417,0.31,-0.58,-0.19,,,14.78194444,18.39315
1585427,0.26,-0.57,-0.14,,,14.81388889,18.3933
1585437,0.25,-0.57,-0.15,,,14.84583333,18.39345
1585447,0.22,-0.58,-0.17,53.56,18.3936,14.86111111,18.3936
1585457,0.25,-0.57,-0.17,,,14.90138889,18.39375
1585467,0.23,-0.55,-0.18,,,14.925,18.3939
1585477,0.23,-0.53,-0.17,,,14.94861111,18.39405
1585487,0.29,-0.52,-0.18,53.9,18.3942,14.92916667,18.3942
1585497,0.3,-0.55,-0.18,,,14.97430556,18.39435
1585507,0.26,-0.56,-0.23,,,14.97638889,18.3945
1585517,0.24,-0.59,-0.22,,,14.97847222,18.39465
1585527,0.25,-0.65,-0.23,53.93,18.3948,15.06388889,18.3948
1585537,0.23,-0.64,-0.22,,,15.02430556,18.39495
1585547,0.23,-0.66,-0.2,,,15.06805556,18.3951
1585557,0.21,-0.63,-0.19,,,15.11180556,18.39525
1585567,0.23,-0.66,-0.2,54.56,18.3954,15.05277778,18.3954
1585577,0.24,-0.7,-0.2,,,15.14791667,18.39555
1585587,0.2,-0.71,-0.2,,,15.14027778,18.3957
1585597,0.19,-0.73,-0.2,,,15.13263889,18.39585
1585607,0.22,-0.74,-0.16,54.45,18.396,15.21111111,18.396
1585617,0.24,-0.76,-0.17,,,15.16041667,18.39615
1585627,0.24,-0.83,-0.18,,,15.19583333,18.3963
1585637,0.25,-0.82,-0.15,,,15.23125,18.39645
1585647,0.31,-0.81,-0.16,54.96,18.3966,15.2,18.3966
1585657,0.32,-0.84,-0.14,,,15.26875,18.39675
1585667,0.33,-0.84,-0.13,,,15.27083333,18.3969
1585677,0.3,-0.91,-0.14,,,15.27291667,18.39705
1585687,0.3,-0.89,-0.13,54.99,18.3972,15.29305556,18.3972
1585697,0.29,-0.91,-0.14,,,15.28611111,18.39735
1585707,0.31,-0.9,-0.16,,,15.29722222,18.3975
1585717,0.33,-0.89,-0.15,,,15.30833333,18.39765
1585727,0.31,-0.91,-0.14,55.15,18.3978,15.33333333,18.3978
1585737,0.28,-0.91,-0.15,,,15.3375,18.39795
1585747,0.27,-0.92,-0.17,,,15.35555556,18.3981
1585757,0.28,-0.95,-0.17,,,15.37361111,18.39825
1585767,0.35,-0.92,-0.17,55.41,18.3984,15.40833333,18.39845
1585777,0.38,-0.94,-0.16,,,15.41805556,18.398575
1585787,0.36,-0.91,-0.15,,,15.44444444,18.39875
1585797,0.35,-0.89,-0.11,,,15.47083333,18.398925
1585807,0.32,-0.87,-0.11,55.79,18.3991,15.5125,18.39905
1585817,0.27,-0.85,-0.08,,,15.53125,18.39925
1585827,0.25,-0.88,-0.08,,,15.56527778,18.3994
1585837,0.21,-0.88,-0.06,,,15.59930556,18.39955
1585847,0.19,-0.92,-0.06,56.28,18.3997,15.53472222,18.3997
1585857,0.19,-0.91,-0.07,,,15.61805556,18.39985
1585867,0.2,-0.89,-0.09,,,15.60277778,18.4
1585877,0.24,-0.9,-0.11,,,15.5875,18.40015
1585887,0.27,-0.91,-0.12,56.06,18.4003,15.65833333,18.4003
1585897,0.26,-0.96,-0.13,,,15.6,18.40045
1585907,0.22,-1.01,-0.16,,,15.62777778,18.4006
1585917,0.23,-1.02,-0.17,,,15.65555556,18.40075
1585927,0.33,-1.06,-0.18,56.46,18.4009,15.66388889,18.40095
1585937,0.35,-1.05,-0.19,,,15.70138889,18.401075
1585947,0.32,-1.07,-0.21,,,15.71944444,18.40125
1585957,0.29,-1.03,-0.21,,,15.7375,18.401425
1585967,0.32,-0.98,-0.2,56.72,18.4016,15.78055556,18.40155
1585977,0.29,-1.03,-0.17,,,15.78611111,18.40175
1585987,0.24,-1.03,-0.15,,,15.81666667,18.4019
1585997,0.25,-1.05,-0.16,,,15.84722222,18.40205
1586007,0.27,-1.04,-0.18,57.16,18.4022,15.81805556,18.4022
1586017,0.31,-0.99,-0.17,,,15.87847222,18.40235
1586027,0.41,-0.99,-0.18,,,15.87916667,18.4025
1586037,0.46,-0.92,-0.17,,,15.87986111,18.40265
1586047,0.4,-0.93,-0.16,57.17,18.4028,15.90833333,18.40285
1586057,0.39,-0.9,-0.14,,,15.89513889,18.402975
1586067,0.33,-0.88,-0.13,,,15.90972222,18.40315
1586077,0.28,-0.94,-0.09,,,15.92430556,18.403325
1586087,0.24,-0.96,-0.09,57.38,18.4035,15.96666667,18.40345
1586097,0.31,-1.01,-0.09,,,15.96736111,18.40365
1586107,0.37,-0.96,-0.12,,,15.99583333,18.4038
1586117,0.36,-0.99,-0.12,,,16.02430556,18.40395
1586127,0.39,-0.99,-0.14,57.79,18.4041,15.96111111,18.40415
1586137,0.36,-0.99,-0.14,,,16.03541667,18.404275
1586147,0.33,-1,-0.15,,,16.01805556,18.40445
1586157,0.28,-0.95,-0.16,,,16.00069444,18.404625
1586167,0.28,-0.98,-0.19,57.54,18.4048,16.08055556,18.40475
1586177,0.26,-1,-0.18,,,16.01458333,18.40495
1586187,0.23,-1.02,-0.2,,,16.04583333,18.4051
1586197,0.21,-1.08,-0.17,,,16.07708333,18.40525
1586207,0.19,-1.1,-0.15,57.99,18.4054,16.03472222,18.4054
1586217,0.2,-1.15,-0.13,,,16.10277778,18.40555
1586227,0.16,-1.14,-0.1,,,16.09722222,18.4057
1586237,0.17,-1.15,-0.09,,,16.09166667,18.40585
1586247,0.22,-1.09,-0.09,57.91,18.406,16.20277778,18.40605
1586257,0.24,-1.01,-0.1,,,16.13888889,18.406175
1586267,0.33,-0.98,-0.11,,,16.19166667,18.40635
1586277,0.29,-0.9,-0.1,,,16.24444444,18.406525
1586287,0.28,-0.93,-0.1,58.67,18.4067,16.17361111,18.40665
1586297,0.26,-0.94,-0.09,,,16.28819444,18.40685
1586307,0.22,-0.96,-0.07,,,16.27916667,18.407
1586317,0.24,-0.99,-0.03,,,16.27013889,18.40715
1586327,0.24,-0.99,-0.02,58.54,18.4073,16.3,18.40735
1586337,0.27,-0.96,0,,,16.27152778,18.407475
1586347,0.33,-0.91,0,,,16.28194444,18.40765
1586357,0.31,-0.94,-0.06,,,16.29236111,18.407825
1586367,0.27,-0.94,-0.1,58.69,18.408,16.31805556,18.408
1586377,0.24,-0.9,-0.14,,,16.32083333,18.408175
1586387,0.25,-0.94,-0.15,,,16.33888889,18.40835
1586397,0.22,-0.9,-0.15,,,16.35694444,18.408525
1586407,0.22,-0.97,-0.16,58.95,18.4087,16.4125,18.40865
1586417,0.21,-0.91,-0.17,,,16.41180556,18.40885
1586427,0.2,-0.91,-0.2,,,16.44861111,18.409
1586437,0.19,-0.89,-0.21,,,16.48541667,18.40915
1586447,0.18,-0.85,-0.2,59.48,18.4093,16.44027778,18.40935
1586457,0.19,-0.86,-0.2,,,16.51805556,18.409475
1586467,0.19,-0.78,-0.17,,,16.51388889,18.40965
1586477,0.25,-0.75,-0.14,,,16.50972222,18.409825
1586487,0.23,-0.7,-0.1,59.42,18.41,16.59027778,18.40995
1586497,0.26,-0.67,-0.11,,,16.54375,18.41015
1586507,0.27,-0.68,-0.11,,,16.58194444,18.4103
1586517,0.3,-0.65,-0.13,,,16.62013889,18.41045
1586527,0.3,-0.71,-0.13,59.97,18.4106,16.5875,18.41065
1586537,0.29,-0.68,-0.16,,,16.66111111,18.410775
1586547,0.3,-0.66,-0.17,,,16.66388889,18.41095
1586557,0.31,-0.65,-0.18,,,16.66666667,18.411125
1586567,0.32,-0.6,-0.18,60.01,18.4113,16.69027778,18.4113
1586577,0.31,-0.59,-0.13,,,16.68263889,18.411475
1586587,0.27,-0.49,-0.14,,,16.69583333,18.41165
1586597,0.24,-0.49,-0.14,,,16.70902778,18.411825
1586607,0.21,-0.46,-0.16,60.2,18.412,16.76666667,18.41195
1586617,0.22,-0.48,-0.15,,,16.75763889,18.41215
1586627,0.22,-0.45,-0.14,,,16.79305556,18.4123
1586637,0.21,-0.37,-0.15,,,16.82847222,18.41245
1586647,0.22,-0.34,-0.13,60.71,18.4126,16.80972222,18.41265
1586657,0.22,-0.28,-0.14,,,16.87222222,18.412775
1586667,0.23,-0.32,-0.16,,,16.88055556,18.41295
1586677,0.23,-0.23,-0.18,,,16.88888889,18.413125
1586687,0.26,-0.2,-0.23,60.83,18.4133,16.9125,18.4133
1586697,0.23,-0.12,-0.25,,,16.91319444,18.413475
1586707,0.21,-0.03,-0.27,,,16.92916667,18.41365
1586717,0.21,0.01,-0.25,,,16.94513889,18.413825
1586727,0.23,0.13,-0.24,61.06,18.414,17.01666667,18.414
1586737,0.25,0.14,-0.23,,,17.00486111,18.414175
1586747,0.21,0.21,-0.22,,,17.04861111,18.41435
1586757,0.22,0.22,-0.22,,,17.09236111,18.414525
1586767,0.23,0.28,-0.21,61.69,18.4147,17.05694444,18.41465
1586777,0.26,0.34,-0.2,,,17.14027778,18.41485
1586787,0.27,0.35,-0.21,,,17.14444444,18.415
1586797,0.25,0.41,-0.19,,,17.14861111,18.41515
1586807,0.31,0.36,-0.18,61.75,18.4153,17.14583333,18.41535
1586817,0.34,0.4,-0.18,,,17.15347222,18.415475
1586827,0.42,0.41,-0.17,,,17.15416667,18.41565
1586837,0.41,0.48,-0.16,,,17.15486111,18.415825
1586847,0.38,0.55,-0.17,61.76,18.416,17.21388889,18.416
1586857,0.38,0.6,-0.14,,,17.18541667,18.416175
1586867,0.4,0.68,-0.13,,,17.21527778,18.41635
1586877,0.42,0.61,-0.14,,,17.24513889,18.416525
1586887,0.42,0.63,-0.13,62.19,18.4167,17.27361111,18.4167
1586897,0.43,0.58,-0.11,,,17.30416667,18.416875
1586907,0.46,0.63,-0.09,,,17.33333333,18.41705
1586917,0.45,0.64,-0.05,,,17.3625,18.417225
1586927,0.4,0.69,-0.02,62.61,18.4174,17.35555556,18.4174
1586937,0.41,0.73,-0.04,,,17.40277778,18.417575
1586947,0.41,0.7,-0.08,,,17.41388889,18.41775
1586957,0.43,0.74,-0.11,,,17.425,18.417925
1586967,0.4,0.68,-0.11,62.77,18.4181,17.40833333,18.4181
1586977,0.34,0.76,-0.12,,,17.43333333,18.418275
1586987,0.28,0.76,-0.11,,,17.43055556,18.41845
1586997,0.25,0.82,-0.1,,,17.42777778,18.418625
1587007,0.22,0.86,-0.09,62.73,18.4188,17.42638889,18.4188
1587017,0.24,0.88,-0.14,,,17.42291667,18.418975
1587027,0.2,0.89,-0.16,,,17.42083333,18.41915
1587037,0.2,0.84,-0.16,,,17.41875,18.419325
1587047,0.16,0.89,-0.16,62.7,18.4195,17.50416667,18.4195
1587057,0.14,0.87,-0.14,,,17.45833333,18.419675
1587067,0.13,0.96,-0.12,,,17.5,18.41985
1587077,0.13,0.91,-0.13,,,17.54166667,18.420025
1587087,0.18,0.92,-0.14,63.3,18.4202,17.51111111,18.4202
1587097,0.23,0.91,-0.15,,,17.58888889,18.420375
1587107,0.28,0.9,-0.13,,,17.59444444,18.42055
1587117,0.25,0.93,-0.16,,,17.6,18.420725
1587127,0.28,0.89,-0.18,63.38,18.4209,17.60694444,18.4209
1587137,0.23,0.98,-0.17,,,17.61180556,18.421075
1587147,0.22,0.94,-0.16,,,17.61805556,18.42125
1587157,0.2,0.99,-0.16,,,17.62430556,18.421425
1587167,0.2,0.92,-0.13,63.47,18.4216,17.65277778,18.4216
1587177,0.19,0.92,-0.11,,,17.64791667,18.421775
1587187,0.18,0.88,-0.11,,,17.66527778,18.42195
1587197,0.21,0.92,-0.07,,,17.68263889,18.422125
1587207,0.22,0.96,-0.07,63.72,18.4223,17.68611111,18.4223
1587217,0.22,0.94,-0.04,,,17.71041667,18.422475
1587227,0.21,0.97,-0.05,,,17.72083333,18.42265
1587237,0.23,0.88,-0.04,,,17.73125,18.422825
1587247,0.25,0.92,-0.08,63.87,18.423,17.74861111,18.42305
1587257,0.26,0.83,-0.12,,,17.75555556,18.4232
1587267,0.28,0.94,-0.1,,,17.76944444,18.4234
1587277,0.22,0.95,-0.06,,,17.78333333,18.4236
1587287,0.18,1.04,-0.07,64.07,18.4238,17.75694444,18.42375
1587297,0.21,1.02,-0.08,,,17.79097222,18.423975
1587307,0.21,1.05,-0.14,,,17.78472222,18.42415
1587317,0.22,1.06,-0.15,,,17.77847222,18.424325
1587327,0.22,1.05,-0.18,63.98,18.4245,17.80555556,18.4245
1587337,0.2,1.1,-0.18,,,17.78263889,18.424675
1587347,0.17,1.07,-0.18,,,17.79305556,18.42485
1587357,0.16,1.13,-0.18,,,17.80347222,18.425025
1587367,0.14,1.03,-0.18,64.13,18.4252,17.84444444,18.4252
1587377,0.19,1.04,-0.15,,,17.83958333,18.425375
1587387,0.25,0.93,-0.12,,,17.86527778,18.42555
1587397,0.28,0.92,-0.1,,,17.89097222,18.425725
1587407,0.24,0.86,-0.07,64.5,18.4259,17.90694444,18.4259
1587417,0.21,0.91,0,,,17.9375,18.426075
1587427,0.19,0.9,-0.01,,,17.95833333,18.42625
1587437,0.18,0.83,-0.05,,,17.97916667,18.426425
1587447,0.18,0.82,-0.05,64.8,18.4266,17.96805556,18.4266
1587457,0.18,0.75,-0.05,,,18.00486111,18.426775
1587467,0.21,0.77,-0.02,,,18.00972222,18.42695
1587477,0.24,0.66,-0.03,,,18.01458333,18.427125
1587487,0.25,0.66,0.01,64.87,18.4273,18,18.42735
1587497,0.26,0.65,-0.03,,,18.01458333,18.4275
1587507,0.2,0.65,-0.08,,,18.00972222,18.4277
1587517,0.17,0.64,-0.12,,,18.00486111,18.4279
1587527,0.16,0.63,-0.13,64.8,18.4281,18.04583333,18.42805
1587537,0.16,0.66,-0.14,,,18.01805556,18.428275
1587547,0.15,0.66,-0.14,,,18.03611111,18.42845
1587557,0.19,0.64,-0.14,,,18.05416667,18.428625
1587567,0.23,0.53,-0.13,65.06,18.4288,18.03194444,18.4288
1587577,0.23,0.5,-0.15,,,18.07013889,18.428975
1587587,0.2,0.4,-0.14,,,18.06805556,18.42915
1587597,0.17,0.45,-0.17,,,18.06597222,18.429325
1587607,0.16,0.4,-0.17,65.03,18.4295,18.14722222,18.4295
1587617,0.14,0.46,-0.17,,,18.10347222,18.429675
1587627,0.16,0.41,-0.16,,,18.14305556,18.42985
1587637,0.13,0.38,-0.14,,,18.18263889,18.430025
1587647,0.2,0.34,-0.1,65.6,18.4302,18.18611111,18.4302
1587657,0.19,0.27,-0.11,,,18.24375,18.430375
1587667,0.17,0.29,-0.09,,,18.26527778,18.43055
1587677,0.17,0.25,-0.09,,,18.28680556,18.430725
1587687,0.17,0.32,-0.08,65.91,18.4309,18.27916667,18.43095
1587697,0.18,0.27,-0.1,,,18.31527778,18.4311
1587707,0.16,0.31,-0.09,,,18.32222222,18.4313
1587717,0.19,0.19,-0.09,,,18.32916667,18.4315
1587727,0.2,0.25,-0.1,66.01,18.4317,18.32222222,18.43165
1587737,0.24,0.19,-0.11,,,18.33611111,18.431875
1587747,0.24,0.26,-0.13,,,18.33611111,18.43205
1587757,0.27,0.27,-0.11,,,18.33611111,18.432225
1587767,0.27,0.28,-0.14,66.01,18.4324,18.38333333,18.4324
1587777,0.24,0.26,-0.12,,,18.35972222,18.432575
1587787,0.25,0.21,-0.14,,,18.38333333,18.43275
1587797,0.22,0.23,-0.15,,,18.40694444,18.432925
1587807,0.22,0.19,-0.15,66.35,18.4331,18.38888889,18.43315
1587817,0.18,0.27,-0.16,,,18.43333333,18.4333
1587827,0.22,0.23,-0.1,,,18.43611111,18.4335
1587837,0.18,0.3,-0.12,,,18.43888889,18.4337
1587847,0.14,0.19,-0.13,66.39,18.4339,18.48888889,18.43385
1587857,0.12,0.21,-0.14,,,18.46805556,18.434075
1587867,0.12,0.14,-0.16,,,18.49444444,18.43425
1587877,0.13,0.22,-0.13,,,18.52083333,18.434425
1587887,0.12,0.23,-0.15,66.77,18.4346,18.52083333,18.43465
1587897,0.12,0.28,-0.14,,,18.56041667,18.4348
1587907,0.21,0.25,-0.13,,,18.57361111,18.435
1587917,0.19,0.21,-0.13,,,18.58680556,18.4352
1587927,0.18,0.21,-0.11,66.96,18.4354,18.59444444,18.43535
1587937,0.19,0.21,-0.15,,,18.61041667,18.435575
1587947,0.17,0.25,-0.15,,,18.62083333,18.43575
1587957,0.16,0.23,-0.12,,,18.63125,18.435925
1587967,0.17,0.31,-0.11,67.11,18.4361,18.66944444,18.43615
1587977,0.15,0.23,-0.11,,,18.66597222,18.4363
1587987,0.19,0.26,-0.07,,,18.69027778,18.4365
1587997,0.21,0.13,-0.12,,,18.71458333,18.4367
1588007,0.25,0.23,-0.12,67.46,18.4369,18.67083333,18.43685
1588017,0.24,0.19,-0.09,,,18.72916667,18.437075
1588027,0.24,0.3,-0.12,,,18.71944444,18.43725
1588037,0.2,0.27,-0.12,,,18.70972222,18.437425
1588047,0.21,0.29,-0.05,67.32,18.4376,18.79861111,18.43765
1588057,0.22,0.23,-0.08,,,18.73958333,18.4378
1588067,0.21,0.23,-0.09,,,18.77916667,18.438
1588077,0.26,0.24,-0.08,,,18.81875,18.4382
1588087,0.24,0.3,-0.09,67.89,18.4384,18.76944444,18.43835
1588097,0.22,0.36,-0.08,,,18.85347222,18.438575
1588107,0.19,0.33,-0.07,,,18.84861111,18.43875
1588117,0.22,0.31,-0.03,,,18.84375,18.438925
1588127,0.21,0.2,-0.07,67.82,18.4391,18.91666667,18.43915
1588137,0.19,0.26,-0.09,,,18.87291667,18.4393
1588147,0.16,0.29,-0.08,,,18.90694444,18.4395
1588157,0.19,0.44,-0.13,,,18.94097222,18.4397
1588167,0.19,0.38,-0.12,68.31,18.4399,18.88055556,18.43985
1588177,0.21,0.47,-0.13,,,18.96180556,18.440075
1588187,0.24,0.33,-0.1,,,18.94861111,18.44025
1588197,0.25,0.36,-0.12,,,18.93541667,18.440425
1588207,0.26,0.26,-0.14,68.12,18.4406,19.02638889,18.44065
1588217,0.29,0.38,-0.13,,,18.96111111,18.4408
1588227,0.29,0.35,-0.08,,,19,18.441
1588237,0.28,0.45,-0.07,,,19.03888889,18.4412
1588247,0.3,0.39,-0.11,68.68,18.4414,18.99166667,18.44135
1588257,0.3,0.37,-0.09,,,19.07361111,18.441575
1588267,0.34,0.29,-0.06,,,19.06944444,18.44175
1588277,0.38,0.35,-0.03,,,19.06527778,18.441925
1588287,0.37,0.39,-0.01,68.62,18.4421,19.14444444,18.44215
1588297,0.35,0.45,-0.02,,,19.09861111,18.4423
1588307,0.35,0.43,0.03,,,19.13611111,18.4425
1588317,0.37,0.37,0.05,,,19.17361111,18.4427
1588327,0.42,0.32,-0.02,69.16,18.4429,19.14166667,18.4429
1588337,0.46,0.24,-0.03,,,19.21388889,18.4431
1588347,0.44,0.32,-0.04,,,19.21666667,18.4433
1588357,0.39,0.36,0.02,,,19.21944444,18.4435
1588367,0.4,0.48,0.02,69.2,18.4437,19.1875,18.44365
1588377,0.47,0.42,0,,,19.20763889,18.443875
1588387,0.5,0.41,-0.05,,,19.19305556,18.44405
1588397,0.52,0.27,-0.1,,,19.17847222,18.444225
1588407,0.51,0.31,-0.1,68.99,18.4444,19.27361111,18.44445
1588417,0.51,0.29,-0.01,,,19.20416667,18.4446
1588427,0.49,0.46,-0.03,,,19.24444444,18.4448
1588437,0.47,0.38,-0.01,,,19.28472222,18.445
1588447,0.44,0.44,-0.02,69.57,18.4452,19.29444444,18.4452
1588457,0.41,0.3,-0.04,,,19.35,18.4454
1588467,0.47,0.34,0,,,19.375,18.4456
1588477,0.44,0.29,0.03,,,19.4,18.4458
1588487,0.43,0.44,0.06,69.93,18.446,19.35138889,18.446
1588497,0.43,0.43,0.02,,,19.41319444,18.4462
1588507,0.42,0.5,0.01,,,19.40138889,18.4464
1588517,0.42,0.37,-0.01,,,19.38958333,18.4466
1588527,0.35,0.36,-0.07,69.76,18.4468,19.43888889,18.44675
1588537,0.38,0.33,-0.14,,,19.39652778,18.446975
1588547,0.42,0.44,-0.11,,,19.41527778,18.44715
1588557,0.35,0.46,-0.07,,,19.43402778,18.447325
1588567,0.29,0.54,-0.07,70.03,18.4475,19.38194444,18.44755
1588577,0.35,0.5,-0.13,,,19.43611111,18.4477
1588587,0.37,0.48,-0.16,,,19.41944444,18.4479
1588597,0.44,0.44,-0.22,,,19.40277778,18.4481
1588607,0.49,0.46,-0.24,69.79,18.4483,19.50277778,18.4483
1588617,0.44,0.48,-0.26,,,19.42777778,18.4485
1588627,0.46,0.53,-0.24,,,19.46944444,18.4487
1588637,0.44,0.5,-0.19,,,19.51111111,18.4489
1588647,0.36,0.43,-0.11,70.39,18.4491,19.50138889,18.4491
1588657,0.36,0.36,-0.1,,,19.56875,18.4493
1588667,0.42,0.35,-0.08,,,19.58472222,18.4495
1588677,0.47,0.36,-0.05,,,19.60069444,18.4497
1588687,0.44,0.39,-0.06,70.62,18.4499,19.59722222,18.4499
1588697,0.43,0.4,-0.07,,,19.62291667,18.4501
1588707,0.4,0.35,-0.07,,,19.62916667,18.4503
1588717,0.4,0.27,-0.1,,,19.63541667,18.4505
1588727,0.36,0.18,-0.12,70.71,18.4507,19.625,18.45065
1588737,0.31,0.19,-0.14,,,19.63958333,18.450875
1588747,0.3,0.25,-0.14,,,19.6375,18.45105
1588757,0.27,0.3,-0.14,,,19.63541667,18.451225
1588767,0.23,0.24,-0.1,70.68,18.4514,19.66666667,18.45145
1588777,0.25,0.19,-0.09,,,19.64791667,18.4516
1588787,0.21,0.09,-0.08,,,19.6625,18.4518
1588797,0.23,0.08,-0.09,,,19.67708333,18.452
1588807,0.18,0.09,-0.08,70.89,18.4522,19.69722222,18.4522
1588817,0.21,0.19,-0.07,,,19.70902778,18.4524
1588827,0.15,0.18,-0.01,,,19.72638889,18.4526
1588837,0.13,0.21,-0.04,,,19.74375,18.4528
1588847,0.09,0.13,-0.05,71.14,18.453,19.75694444,18.453
1588857,0.11,0.14,-0.05,,,19.77638889,18.4532
1588867,0.11,0.13,-0.03,,,19.79166667,18.4534
1588877,0.13,0.27,-0.05,,,19.80694444,18.4536
1588887,0.13,0.27,0,71.36,18.4538,19.85138889,18.4538
1588897,0.17,0.28,-0.05,,,19.85208333,18.454
1588907,0.22,0.14,-0.07,,,19.88194444,18.4542
1588917,0.26,0.12,-0.1,,,19.91180556,18.4544
1588927,0.23,0.08,-0.1,71.79,18.4546,19.87916667,18.4546
1588937,0.21,0.17,-0.13,,,19.94027778,18.4548
1588947,0.19,0.2,-0.13,,,19.93888889,18.455
1588957,0.18,0.26,-0.11,,,19.9375,18.4552
1588967,0.18,0.14,-0.09,71.77,18.4554,19.94166667,18.4554
1588977,0.23,0.11,-0.11,,,19.9375,18.4556
1588987,0.21,0.03,-0.05,,,19.93888889,18.4558
1588997,0.21,0.14,-0.07,,,19.94027778,18.456
1589007,0.18,0.17,-0.06,71.79,18.4562,19.98888889,18.4562
1589017,0.16,0.27,-0.08,,,19.96666667,18.4564
1589027,0.12,0.16,-0.08,,,19.99166667,18.4566
1589037,0.11,0.13,-0.1,,,20.01666667,18.4568
1589047,0.08,0,-0.08,72.15,18.457,20.00555556,18.457
1589057,0.16,0.07,-0.13,,,20.04861111,18.4572
1589067,0.2,0.08,-0.1,,,20.05555556,18.4574
1589077,0.23,0.16,-0.1,,,20.0625,18.4576
1589087,0.26,0.09,-0.11,72.25,18.4578,20.08194444,18.4578
1589097,0.28,0.1,-0.13,,,20.08263889,18.458
1589107,0.25,0.05,-0.1,,,20.09583333,18.4582
1589117,0.22,0.09,-0.1,,,20.10902778,18.4584
1589127,0.16,0.11,-0.09,72.44,18.4586,20.10833333,18.4586
1589137,0.18,0.2,-0.08,,,20.12847222,18.4588
1589147,0.14,0.19,-0.06,,,20.13472222,18.459
1589157,0.1,0.17,-0.07,,,20.14097222,18.4592
1589167,0.08,0.12,-0.07,72.53,18.4594,20.16527778,18.4594
1589177,0.16,0.13,-0.08,,,20.1625,18.4596
1589187,0.18,0.16,-0.09,,,20.17777778,18.4598
1589197,0.2,0.23,-0.07,,,20.19305556,18.46
1589207,0.21,0.24,-0.06,72.75,18.4602,20.225,18.4602
1589217,0.2,0.19,-0.08,,,20.23194444,18.4604
1589227,0.15,0.12,-0.07,,,20.25555556,18.4606
1589237,0.12,0.1,-0.11,,,20.27916667,18.4608
1589247,0.13,0.18,-0.12,73.09,18.461,20.28194444,18.461
1589257,0.12,0.25,-0.11,,,20.31597222,18.4612
1589267,0.12,0.25,-0.13,,,20.32916667,18.4614
1589277,0.15,0.18,-0.12,,,20.34236111,18.4616
1589287,0.16,0.11,-0.14,73.28,18.4618,20.30416667,18.4618
1589297,0.24,0.04,-0.14,,,20.34305556,18.462
1589307,0.22,0.09,-0.14,,,20.33055556,18.4622
1589317,0.2,0.17,-0.17,,,20.31805556,18.4624
1589327,0.21,0.25,-0.17,73.1,18.4626,20.39027778,18.46265
1589337,0.27,0.18,-0.16,,,20.33541667,18.462825
1589347,0.24,0.1,-0.15,,,20.36527778,18.46305
1589357,0.19,0,-0.11,,,20.39513889,18.463275
1589367,0.23,0.03,-0.1,73.53,18.4635,20.36944444,18.46345
1589377,0.21,0.05,-0.1,,,20.42708333,18.4637
1589387,0.24,0.15,-0.09,,,20.42916667,18.4639
1589397,0.26,0.07,-0.06,,,20.43125,18.4641
1589407,0.32,0.05,-0.09,73.56,18.4643,20.47916667,18.4643
1589417,0.34,-0.04,-0.07,,,20.45833333,18.4645
1589427,0.3,-0.03,-0.09,,,20.48333333,18.4647
1589437,0.27,0,-0.11,,,20.50833333,18.4649
1589447,0.28,0.1,-0.11,73.92,18.4651,20.49861111,18.4651
1589457,0.27,0.07,-0.11,,,20.54097222,18.4653
1589467,0.22,0.04,-0.08,,,20.54861111,18.4655
1589477,0.22,-0.04,-0.07,,,20.55625,18.4657
1589487,0.2,-0.01,-0.11,74.03,18.4659,20.54444444,18.46595
1589497,0.19,0.04,-0.13,,,20.56180556,18.466125
1589507,0.22,0.17,-0.16,,,20.55972222,18.46635
1589517,0.22,0.16,-0.13,,,20.55763889,18.466575
1589527,0.26,0.1,-0.12,74,18.4668,20.57083333,18.46675
1589537,0.25,0.02,-0.13,,,20.56111111,18.467
1589547,0.24,0.03,-0.15,,,20.56666667,18.4672
1589557,0.23,0.09,-0.11,,,20.57222222,18.4674
1589567,0.26,0.17,-0.08,74.08,18.4676,20.63333333,18.4676
1589577,0.33,0.17,-0.1,,,20.61111111,18.4678
1589587,0.35,0.09,-0.11,,,20.64444444,18.468
1589597,0.36,0.04,-0.1,,,20.67777778,18.4682
1589607,0.4,-0.03,-0.11,74.56,18.4684,20.62777778,18.4684
1589617,0.35,0.02,-0.14,,,20.70277778,18.4686
1589627,0.33,0.12,-0.12,,,20.69444444,18.4688
1589637,0.36,0.15,-0.11,,,20.68611111,18.469
1589647,0.32,0.07,-0.05,74.44,18.4692,20.73888889,18.4692
1589657,0.25,-0.03,-0.03,,,20.7,18.4694
1589667,0.28,-0.08,-0.04,,,20.72222222,18.4696
1589677,0.31,-0.02,-0.04,,,20.74444444,18.4698
1589687,0.31,-0.01,0,74.76,18.47,20.71805556,18.47005
1589697,0.29,0.05,-0.04,,,20.76458333,18.470225
1589707,0.33,-0.02,-0.05,,,20.7625,18.47045
1589717,0.37,-0.04,-0.03,,,20.76041667,18.470675
1589727,0.34,-0.11,0.01,74.73,18.4709,20.8,18.47085
1589737,0.34,-0.02,-0.02,,,20.77708333,18.4711
1589747,0.32,0,-0.06,,,20.79583333,18.4713
1589757,0.3,0.07,-0.02,,,20.81458333,18.4715
1589767,0.23,-0.02,-0.03,75,18.4717,20.83472222,18.4717
1589777,0.21,-0.07,-0.06,,,20.85277778,18.4719
1589787,0.27,-0.11,-0.05,,,20.87222222,18.4721
1589797,0.32,-0.07,-0.02,,,20.89166667,18.4723
1589807,0.31,0.01,-0.09,75.28,18.4725,20.86111111,18.47255
1589817,0.37,0.07,-0.11,,,20.90555556,18.472725
1589827,0.39,0.05,-0.1,,,20.9,18.47295
1589837,0.38,-0.02,-0.14,,,20.89444444,18.473175
1589847,0.35,-0.09,-0.12,75.2,18.4734,20.93472222,18.47335
1589857,0.32,-0.06,-0.04,,,20.90625,18.4736
1589867,0.32,0.03,-0.08,,,20.92361111,18.4738
1589877,0.32,0.03,-0.08,,,20.94097222,18.474
1589887,0.32,0.05,-0.08,75.45,18.4742,20.95416667,18.47425
1589897,0.32,-0.06,-0.1,,,20.97361111,18.474425
1589907,0.39,-0.08,-0.01,,,20.98888889,18.47465
1589917,0.41,-0.06,0.02,,,21.00416667,18.474875
1589927,0.39,0.02,-0.02,75.67,18.4751,21.01666667,18.47505
1589937,0.34,0.02,0.01,,,21.03333333,18.4753
1589947,0.31,0.01,0.03,,,21.04722222,18.4755
1589957,0.27,-0.07,-0.01,,,21.06111111,18.4757
1589967,0.28,-0.12,-0.01,75.87,18.4759,21.01944444,18.4759
1589977,0.25,-0.1,0.04,,,21.06111111,18.4761
1589987,0.23,-0.01,-0.01,,,21.04722222,18.4763
1589997,0.26,0,-0.06,,,21.03333333,18.4765
1590007,0.24,-0.06,-0.03,75.67,18.4767,21.11805556,18.47675
1590017,0.19,-0.11,-0.06,,,21.05486111,18.476925
1590027,0.22,-0.17,-0.05,,,21.09027778,18.47715
1590037,0.24,-0.13,-0.03,,,21.12569444,18.477375
1590047,0.28,-0.07,-0.03,76.18,18.4776,21.09027778,18.47755
1590057,0.3,-0.03,-0.04,,,21.16111111,18.4778
1590067,0.34,-0.11,-0.06,,,21.16111111,18.478
1590077,0.31,-0.16,-0.06,,,21.16111111,18.4782
1590087,0.25,-0.25,-0.03,76.18,18.4784,21.15277778,18.47845
1590097,0.24,-0.17,-0.03,,,21.15694444,18.478625
1590107,0.23,-0.11,-0.04,,,21.15277778,18.47885
1590117,0.22,-0.06,0,,,21.14861111,18.479075
1590127,0.22,-0.13,0.01,76.12,18.4793,21.16111111,18.47925
1590137,0.17,-0.18,0.03,,,21.14861111,18.4795
1590147,0.17,-0.24,0.07,,,21.15277778,18.4797
1590157,0.16,-0.16,0.04,,,21.15694444,18.4799
1590167,0.11,-0.09,0.11,76.18,18.4801,21.15,18.4801
1590177,0.07,-0.03,0.16,,,21.15972222,18.4803
1590187,0.01,-0.07,0.17,,,21.15833333,18.4805
1590197,-0.06,-0.16,0.18,,,21.15694444,18.4807
1590207,-0.1,-0.17,0.19,76.16,18.4809,21.09722222,18.48095
1590217,-0.11,-0.17,0.22,,,21.125,18.481125
1590227,-0.2,-0.07,0.31,,,21.09444444,18.48135
1590237,-0.3,-0.03,0.33,,,21.06388889,18.481575
1590247,-0.31,-0.06,0.38,75.72,18.4818,20.99861111,18.48175
1590257,-0.32,-0.18,0.4,,,20.98541667,18.482
1590267,-0.31,-0.2,0.43,,,20.9375,18.4822
1590277,-0.29,-0.19,0.47,,,20.88958333,18.4824
1590287,-0.28,-0.07,0.51,75.03,18.4826,20.75694444,18.4826
1590297,-0.3,-0.07,0.55,,,20.75138889,18.4828
1590307,-0.31,-0.03,0.63,,,20.66111111,18.483
1590317,-0.32,-0.12,0.63,,,20.57083333,18.4832
1590327,-0.33,-0.2,0.6,73.73,18.4834,20.49305556,18.48345
1590337,-0.34,-0.25,0.57,,,20.39652778,18.483625
1590347,-0.36,-0.15,0.53,,,20.3125,18.48385
1590357,-0.38,-0.12,0.6,,,20.22847222,18.484075
1590367,-0.39,-0.02,0.66,72.52,18.4843,20.17083333,18.48425
1590377,-0.42,-0.06,0.69,,,20.07361111,18.4845
1590387,-0.46,-0.09,0.68,,,20.00277778,18.4847
1590397,-0.45,-0.15,0.65,,,19.93194444,18.4849
1590407,-0.42,-0.12,0.65,71.5,18.4851,19.825,18.48505
1590417,-0.42,-0.04,0.61,,,19.77222222,18.485275
1590427,-0.44,-0.02,0.62,,,19.68333333,18.48545
1590437,-0.44,0.05,0.65,,,19.59444444,18.485625
1590447,-0.44,-0.08,0.66,70.22,18.4858,19.53888889,18.48585
1590457,-0.44,-0.06,0.67,,,19.43333333,18.486
1590467,-0.44,-0.18,0.67,,,19.36111111,18.4862
1590477,-0.42,-0.04,0.63,,,19.28888889,18.4864
1590487,-0.41,-0.03,0.66,69.18,18.4866,19.19861111,18.4866
1590497,-0.41,0.08,0.66,,,19.13541667,18.4868
1590507,-0.41,0.01,0.66,,,19.05416667,18.487
1590517,-0.43,0.01,0.67,,,18.97291667,18.4872
1590527,-0.44,-0.09,0.65,68.01,18.4874,18.90694444,18.48735
1590537,-0.43,-0.08,0.62,,,18.81805556,18.487575
1590547,-0.42,-0.09,0.61,,,18.74444444,18.48775
1590557,-0.4,-0.01,0.62,,,18.67083333,18.487925
1590567,-0.42,0.08,0.64,66.95,18.4881,18.58611111,18.48815
1590577,-0.43,0.02,0.66,,,18.51805556,18.4883
1590587,-0.44,0.02,0.64,,,18.43888889,18.4885
1590597,-0.44,-0.1,0.62,,,18.35972222,18.4887
1590607,-0.42,-0.06,0.6,65.81,18.4889,18.27083333,18.48885
1590617,-0.4,-0.06,0.6,,,18.19652778,18.489075
1590627,-0.4,0.03,0.61,,,18.1125,18.48925
1590637,-0.42,0.05,0.63,,,18.02847222,18.489425
1590647,-0.43,0.06,0.65,64.6,18.4896,17.98194444,18.4896
1590657,-0.45,0.02,0.65,,,17.87916667,18.489775
1590667,-0.46,-0.08,0.63,,,17.81388889,18.48995
1590677,-0.46,-0.07,0.61,,,17.74861111,18.490125
1590687,-0.43,-0.1,0.6,63.66,18.4903,17.66388889,18.4903
1590697,-0.42,-0.01,0.6,,,17.60833333,18.490475
1590707,-0.42,0.03,0.65,,,17.53333333,18.49065
1590717,-0.41,0.04,0.66,,,17.45833333,18.490825
1590727,-0.43,0.02,0.68,62.58,18.491,17.39861111,18.491
1590737,-0.43,-0.06,0.66,,,17.31597222,18.491175
1590747,-0.43,-0.05,0.65,,,17.24861111,18.49135
1590757,-0.41,-0.04,0.64,,,17.18125,18.491525
1590767,-0.38,0.02,0.63,61.61,18.4917,17.05694444,18.4917
1590777,-0.39,0.07,0.63,,,17.01805556,18.491875
1590787,-0.41,0.06,0.65,,,16.92222222,18.49205
1590797,-0.41,0.03,0.66,,,16.82638889,18.492225
1590807,-0.41,-0.03,0.66,60.23,18.4924,16.79305556,18.4924
1590817,-0.42,-0.07,0.65,,,16.66597222,18.492575
1590827,-0.43,-0.05,0.61,,,16.60138889,18.49275
1590837,-0.42,-0.03,0.62,,,16.53680556,18.492925
1590847,-0.41,0.06,0.6,59.3,18.4931,16.45277778,18.49305
1590857,-0.41,0.07,0.61,,,16.39791667,18.49325
1590867,-0.43,0.11,0.64,,,16.32361111,18.4934
1590877,-0.44,0.09,0.64,,,16.24930556,18.49355
1590887,-0.45,0,0.62,58.23,18.4937,16.17361111,18.49375
1590897,-0.44,-0.02,0.62,,,16.1,18.493875
1590907,-0.45,-0.02,0.64,,,16.025,18.49405
1590917,-0.43,0.04,0.61,,,15.95,18.494225
1590927,-0.41,0.09,0.62,57.15,18.4944,15.87222222,18.49435
1590937,-0.4,0.13,0.63,,,15.79861111,18.49455
1590947,-0.41,0.13,0.63,,,15.72222222,18.4947
1590957,-0.43,0.16,0.63,,,15.64583333,18.49485
1590967,-0.44,0.12,0.63,56.05,18.495,15.575,18.495
1590977,-0.45,0.12,0.6,,,15.49583333,18.49515
1590987,-0.46,0.09,0.62,,,15.42222222,18.4953
1590997,-0.46,0.13,0.63,,,15.34861111,18.49545
1591007,-0.43,0.17,0.6,54.99,18.4956,15.2875,18.4956
1591017,-0.42,0.23,0.58,,,15.20763889,18.49575
1591027,-0.41,0.24,0.59,,,15.14027778,18.4959
1591037,-0.41,0.28,0.62,,,15.07291667,18.49605
1591047,-0.41,0.21,0.62,54.02,18.4962,14.99166667,18.4962
1591057,-0.42,0.24,0.62,,,14.93125,18.49635
1591067,-0.41,0.21,0.59,,,14.85694444,18.4965
1591077,-0.41,0.21,0.57,,,14.78263889,18.49665
1591087,-0.4,0.26,0.53,52.95,18.4968,14.71944444,18.4968
1591097,-0.36,0.29,0.52,,,14.63958333,18.49695
1591107,-0.34,0.29,0.52,,,14.57083333,18.4971
1591117,-0.34,0.32,0.52,,,14.50208333,18.49725
1591127,-0.33,0.32,0.52,51.96,18.4974,14.47222222,18.4974
1591137,-0.32,0.31,0.54,,,14.38402778,18.49755
1591147,-0.32,0.33,0.55,,,14.33472222,18.4977
1591157,-0.33,0.31,0.55,,,14.28541667,18.49785
1591167,-0.31,0.33,0.52,51.25,18.498,14.22361111,18.49795
1591177,-0.28,0.38,0.49,,,14.18055556,18.498125
1591187,-0.26,0.4,0.47,,,14.125,18.49825
1591197,-0.25,0.47,0.44,,,14.06944444,18.498375
1591207,-0.25,0.45,0.44,50.45,18.4985,14.03194444,18.49855
1591217,-0.26,0.44,0.47,,,13.96736111,18.49865
1591227,-0.28,0.43,0.5,,,13.92083333,18.4988
1591237,-0.28,0.43,0.51,,,13.87430556,18.49895
1591247,-0.28,0.4,0.49,49.78,18.4991,13.81666667,18.49905
1591257,-0.27,0.41,0.48,,,13.77569444,18.499225
1591267,-0.25,0.44,0.46,,,13.72361111,18.49935
1591277,-0.24,0.48,0.44,,,13.67152778,18.499475
1591287,-0.23,0.51,0.43,49.03,18.4996,13.65,18.49965
1591297,-0.24,0.55,0.44,,,13.58263889,18.49975
1591307,-0.26,0.55,0.43,,,13.54583333,18.4999
1591317,-0.27,0.55,0.44,,,13.50902778,18.50005
1591327,-0.27,0.55,0.43,48.5,18.5002,13.44861111,18.50015
1591337,-0.27,0.52,0.42,,,13.42361111,18.500325
1591347,-0.26,0.52,0.4,,,13.375,18.50045
1591357,-0.26,0.55,0.42,,,13.32638889,18.500575
1591367,-0.26,0.57,0.43,47.8,18.5007,13.25138889,18.5007
1591377,-0.26,0.6,0.41,,,13.21597222,18.500825
1591387,-0.25,0.64,0.39,,,13.15416667,18.50095
1591397,-0.24,0.65,0.38,,,13.09236111,18.501075
1591407,-0.25,0.65,0.39,46.91,18.5012,13.08194444,18.50125
1591417,-0.25,0.66,0.42,,,12.99444444,18.50135
1591427,-0.25,0.66,0.42,,,12.95833333,18.5015
1591437,-0.24,0.65,0.42,,,12.92222222,18.50165
1591447,-0.25,0.69,0.41,46.39,18.5018,12.89722222,18.50175
1591457,-0.26,0.72,0.41,,,12.85555556,18.501925
1591467,-0.24,0.74,0.38,,,12.825,18.50205
1591477,-0.24,0.78,0.34,,,12.79444444,18.502175
1591487,-0.22,0.8,0.36,45.95,18.5023,12.67638889,18.5023
1591497,-0.2,0.81,0.36,,,12.68958333,18.502425
1591507,-0.2,0.82,0.35,,,12.61527778,18.50255
1591517,-0.21,0.84,0.36,,,12.54097222,18.502675
1591527,-0.2,0.84,0.36,44.88,18.5028,12.58888889,18.5028
1591537,-0.18,0.83,0.34,,,12.45347222,18.502925
1591547,-0.18,0.85,0.34,,,12.44027778,18.50305
1591557,-0.18,0.86,0.31,,,12.42708333,18.503175
1591567,-0.18,0.87,0.28,44.69,18.5033,12.35416667,18.5033
1591577,-0.16,0.89,0.29,,,12.37083333,18.503425
1591587,-0.15,0.93,0.27,,,12.32777778,18.50355
1591597,-0.13,0.94,0.26,,,12.28472222,18.503675
1591607,-0.1,0.95,0.24,44.07,18.5038,12.27361111,18.5038
1591617,-0.09,0.95,0.22,,,12.21458333,18.503925
1591627,-0.07,0.91,0.23,,,12.1875,18.50405
1591637,-0.05,0.93,0.19,,,12.16041667,18.504175
1591647,-0.05,0.93,0.2,43.68,18.5043,12.22777778,18.5043
1591657,-0.03,0.97,0.2,,,12.15347222,18.504425
1591667,-0.04,0.98,0.17,,,12.17361111,18.50455
1591677,-0.05,1,0.15,,,12.19375,18.504675
1591687,-0.05,1,0.13,43.97,18.5048,12.05694444,18.50475
1591697,-0.04,1,0.15,,,12.15555556,18.5049
1591707,-0.04,1.03,0.14,,,12.09722222,18.505
1591717,-0.04,1.07,0.15,,,12.03888889,18.5051
1591727,-0.04,1.08,0.12,43.13,18.5052,12.09861111,18.50525
1591737,-0.04,1.06,0.14,,,11.98125,18.505325
1591747,-0.02,1.06,0.15,,,11.98194444,18.50545
1591757,-0.02,1.07,0.15,,,11.98263889,18.505575
1591767,-0.02,1.06,0.18,43.14,18.5057,11.98333333,18.5057
1591777,-0.03,1.09,0.19,,,11.98402778,18.505825
1591787,-0.02,1.13,0.15,,,11.98472222,18.50595
1591797,-0.01,1.13,0.13,,,11.98541667,18.506075
1591807,-0.01,1.15,0.13,43.15,18.5062,11.99305556,18.5062
1591817,-0.02,1.15,0.1,,,11.99027778,18.506325
1591827,-0.02,1.15,0.1,,,11.99444444,18.50645
1591837,-0.01,1.16,0.08,,,11.99861111,18.506575
1591847,-0.02,1.18,0.11,43.21,18.5067,11.90277778,18.50665
1591857,-0.04,1.21,0.08,,,11.95694444,18.5068
1591867,-0.04,1.25,0.13,,,11.91111111,18.5069
1591877,-0.03,1.28,0.14,,,11.86527778,18.507
1591887,-0.02,1.26,0.14,42.55,18.5071,11.91527778,18.50715
1591897,-0.02,1.22,0.16,,,11.82152778,18.507225
1591907,-0.01,1.2,0.14,,,11.82361111,18.50735
1591917,-0.03,1.22,0.17,,,11.82569444,18.507475
1591927,-0.03,1.24,0.21,42.58,18.5076,11.82361111,18.5076
1591937,0,1.2,0.21,,,11.82777778,18.507725
1591947,0.06,1.21,0.2,,,11.82777778,18.50785
1591957,0.08,1.22,0.24,,,11.82777778,18.507975
1591967,0.11,1.22,0.22,42.58,18.5081,11.76805556,18.50805
1591977,0.08,1.22,0.21,,,11.79791667,18.5082
1591987,0.03,1.23,0.26,,,11.76805556,18.5083
1591997,0.01,1.21,0.2,,,11.73819444,18.5084
1592007,0.01,1.2,0.25,42.15,18.5085,11.76388889,18.50855
1592017,0.04,1.22,0.16,,,11.70625,18.508625
1592027,0.02,1.25,0.18,,,11.70416667,18.50875
1592037,0.02,1.27,0.16,,,11.70208333,18.508875
1592047,0.02,1.28,0.14,42.12,18.509,11.72222222,18.509
1592057,0.06,1.29,0.14,,,11.70902778,18.509125
1592067,0.07,1.25,0.07,,,11.71805556,18.50925
1592077,0.03,1.24,0.13,,,11.72708333,18.509375
1592087,0.03,1.28,0.03,42.25,18.5095,11.64166667,18.5095
1592097,-0.01,1.29,0.15,,,11.69791667,18.509625
1592107,0.01,1.28,0.07,,,11.65972222,18.50975
1592117,-0.01,1.28,0.11,,,11.62152778,18.509875
1592127,0,1.26,0.01,41.7,18.51,11.65833333,18.50995
1592137,-0.03,1.24,0.08,,,11.58263889,18.5101
1592147,-0.01,1.24,0.12,,,11.58194444,18.5102
1592157,-0.02,1.23,0.06,,,11.58125,18.5103
1592167,0.01,1.33,-0.01,41.69,18.5104,11.59444444,18.51045
1592177,-0.05,1.33,0.09,,,11.58680556,18.510525
1592187,-0.03,1.36,0.04,,,11.59305556,18.51065
1592197,-0.05,1.3,0.13,,,11.59930556,18.510775
1592207,0.01,1.29,0.07,41.78,18.5109,11.57361111,18.51085
1592217,0.04,1.22,0.04,,,11.59583333,18.511
1592227,0.03,1.23,0.18,,,11.58611111,18.5111
1592237,0.08,1.21,0.04,,,11.57638889,18.5112
1592247,0.12,1.19,-0.04,41.64,18.5113,11.55277778,18.51135
1592257,0.11,1.21,0.06,,,11.55,18.511425
1592267,0.11,1.21,-0.18,,,11.53333333,18.51155
1592277,0.16,1.21,-0.19,,,11.51666667,18.511675
1592287,0.11,1.17,-0.09,41.4,18.5118,11.55,18.51175
1592297,0.14,1.23,-0.12,,,11.50833333,18.5119
1592307,0.1,1.21,-0.06,,,11.51666667,18.512
1592317,0.13,1.27,-0.05,,,11.525,18.5121
1592327,0.1,1.22,-0.07,41.52,18.5122,11.50694444,18.51225
1592337,0.13,1.22,-0.1,,,11.52847222,18.512325
1592347,0.1,1.21,-0.04,,,11.52361111,18.51245
1592357,0.12,1.23,-0.01,,,11.51875,18.512575
1592367,0.06,1.2,0.04,41.45,18.5127,11.52638889,18.5127
1592377,0.1,1.21,-0.02,,,11.51527778,18.512825
1592387,0.08,1.14,0.01,,,11.51666667,18.51295
1592397,0.12,1.18,-0.03,,,11.51805556,18.513075
1592407,0.08,1.11,0.05,41.47,18.5132,11.5,18.51315
1592417,0.07,1.08,0.13,,,11.51111111,18.5133
1592427,0.13,1.01,-0.03,,,11.50277778,18.5134
1592437,0.12,1,0.12,,,11.49444444,18.5135
1592447,0.11,0.98,0.02,41.35,18.5136,11.49861111,18.51365
1592457,0.16,1,-0.05,,,11.48402778,18.513725
1592467,0.1,0.96,0.06,,,11.48194444,18.51385
1592477,0.12,1,0.01,,,11.47986111,18.513975
1592487,0.09,0.92,-0.08,41.32,18.5141,11.48472222,18.51405
1592497,0.13,0.92,-0.11,,,11.47916667,18.5142
1592507,0.09,0.88,-0.01,,,11.48055556,18.5143
1592517,0.12,0.88,-0.13,,,11.48194444,18.5144
1592527,0.1,0.88,0.01,41.34,18.5145,11.49583333,18.51455
1592537,0.09,0.86,-0.08,,,11.49097222,18.514625
1592547,0.05,0.83,-0.01,,,11.49861111,18.51475
1592557,0.06,0.75,-0.12,,,11.50625,18.514875
1592567,0.03,0.64,-0.06,41.45,18.515,11.49722222,18.515
1592577,0,0.55,-0.08,,,11.51319444,18.515125
1592587,0.01,0.53,-0.11,,,11.5125,18.51525
1592597,-0.03,0.5,-0.04,,,11.51180556,18.515375
1592607,0,0.51,-0.12,41.44,18.5155,11.48888889,18.51545
1592617,-0.06,0.44,-0.02,,,11.49930556,18.5156
1592627,-0.03,0.39,-0.07,,,11.4875,18.5157
1592637,-0.03,0.28,0.01,,,11.47569444,18.5158
1592647,0,0.21,-0.06,41.27,18.5159,11.49166667,18.51595
1592657,-0.02,0.15,-0.01,,,11.46597222,18.516025
1592667,0.02,0.1,-0.04,,,11.46805556,18.51615
1592677,-0.03,0.04,-0.05,,,11.47013889,18.516275
1592687,0.01,-0.02,-0.09,41.3,18.5164,11.48194444,18.51635
1592697,-0.01,-0.11,-0.09,,,11.47916667,18.5165
1592707,-0.03,-0.13,-0.09,,,11.48611111,18.5166
1592717,-0.03,-0.05,-0.08,,,11.49305556,18.5167
1592727,-0.03,-0.05,-0.09,41.4,18.5168,11.54861111,18.51685
1592737,-0.02,0.01,-0.08,,,11.53125,18.516925
1592747,-0.02,-0.07,-0.08,,,11.5625,18.51705
1592757,0,-0.1,-0.11,,,11.59375,18.517175
1592767,0.02,-0.18,-0.1,41.85,18.5173,11.50555556,18.51725
1592777,0.02,-0.22,-0.06,,,11.59652778,18.5174
1592787,0.06,-0.35,-0.06,,,11.56805556,18.5175
1592797,0.04,-0.42,-0.06,,,11.53958333,18.5176
1592807,0.08,-0.48,-0.04,41.44,18.5177,11.61805556,18.51775
1592817,0.06,-0.54,-0.02,,,11.53611111,18.517825
1592827,0.08,-0.55,-0.02,,,11.56111111,18.51795
1592837,0.07,-0.55,0,,,11.58611111,18.518075
1592847,0.11,-0.53,-0.02,41.8,18.5182,11.54861111,18.5182
1592857,0.06,-0.57,0.03,,,11.60486111,18.518325
1592867,0.08,-0.62,0.03,,,11.59861111,18.51845
1592877,0.07,-0.69,-0.07,,,11.59236111,18.518575
1592887,0.06,-0.68,-0.1,41.71,18.5187,11.64027778,18.51865
1592897,0.11,-0.74,0,,,11.60694444,18.5188
1592907,0.08,-0.79,-0.01,,,11.62777778,18.5189
1592917,0.09,-0.79,-0.05,,,11.64861111,18.519
1592927,0.1,-0.86,-0.04,42.01,18.5191,11.61666667,18.51915
1592937,0.1,-0.83,-0.06,,,11.66388889,18.519225
1592947,0.13,-0.81,-0.05,,,11.65833333,18.51935
1592957,0.1,-0.82,-0.11,,,11.65277778,18.519475
1592967,0.12,-0.84,-0.05,41.93,18.5196,11.75,18.5196
1592977,0.13,-0.87,-0.06,,,11.69305556,18.519725
1592987,0.11,-0.88,-0.1,,,11.73888889,18.51985
1592997,0.16,-0.88,0,,,11.78472222,18.519975
1593007,0.19,-0.9,-0.04,42.59,18.5201,11.74305556,18.52005
1593017,0.13,-0.91,-0.03,,,11.83263889,18.5202
1593027,0.1,-0.84,0.12,,,11.83472222,18.5203
1593037,0.15,-0.86,0.1,,,11.83680556,18.5204
1593047,0.08,-0.89,0.07,42.62,18.5205,11.81527778,18.52055
1593057,0.06,-0.92,0.07,,,11.82916667,18.520625
1593067,0.11,-0.94,0.08,,,11.81944444,18.52075
1593077,0.12,-0.99,-0.06,,,11.80972222,18.520875
1593087,0.01,-1.02,-0.05,42.48,18.521,11.90277778,18.521
1593097,0.02,-1.04,0.11,,,11.84166667,18.521125
1593107,0.09,-1.08,0.11,,,11.88333333,18.52125
1593117,0.1,-1.13,-0.02,,,11.925,18.521375
1593127,0.07,-1.11,-0.05,43.08,18.5215,11.875,18.5215
1593137,0.06,-1.1,-0.06,,,11.9625,18.521625
1593147,0.04,-1.09,-0.06,,,11.95833333,18.52175
1593157,0.05,-1.04,-0.05,,,11.95416667,18.521875
1593167,0.05,-1.03,0.08,43.02,18.522,12.01944444,18.52195
1593177,0.09,-1.07,0.03,,,11.98055556,18.5221
1593187,0.1,-1.09,-0.18,,,12.01111111,18.5222
1593197,0.03,-1.05,-0.18,,,12.04166667,18.5223
1593207,0.06,-1.06,-0.01,43.46,18.5224,12.00138889,18.52245
1593217,0.11,-1.09,-0.07,,,12.06736111,18.522525
1593227,0.07,-1.12,-0.17,,,12.0625,18.52265
1593237,0.06,-1.1,-0.21,,,12.05763889,18.522775
1593247,0.1,-1.09,-0.11,43.39,18.5229,12.08611111,18.5229
1593257,0.2,-1.06,-0.07,,,12.06458333,18.523025
1593267,0.31,-1.01,-0.17,,,12.07638889,18.52315
1593277,0.34,-1.02,-0.33,,,12.08819444,18.523275
1593287,0.26,-1.03,-0.37,43.56,18.5234,12.13055556,18.5234
1593297,0.16,-1.02,-0.3,,,12.12708333,18.523525
1593307,0.06,-1.05,-0.09,,,12.15416667,18.52365
1593317,-0.03,-1.06,0.09,,,12.18125,18.523775
1593327,0.04,-1.07,0.22,43.95,18.5239,12.15138889,18.5239
1593337,0.1,-1.07,0.15,,,12.20694444,18.524025
1593347,0.18,-1.06,0.02,,,12.20555556,18.52415
1593357,0.19,-1.05,-0.18,,,12.20416667,18.524275
1593367,0.08,-1.06,-0.25,43.93,18.5244,12.24861111,18.5244
1593377,0.01,-1.06,-0.13,,,12.22430556,18.524525
1593387,0.02,-1.07,0.02,,,12.24583333,18.52465
1593397,0.06,-1.08,0.09,,,12.26736111,18.524775
1593407,0.08,-1.08,0.14,44.24,18.5249,12.25,18.5249
1593417,0.1,-1.06,0.24,,,12.29097222,18.525025
1593427,0.16,-1.06,0.32,,,12.29305556,18.52515
1593437,0.24,-1.06,0.34,,,12.29513889,18.525275
1593447,0.27,-1.07,0.19,44.27,18.5254,12.32916667,18.5254
1593457,0.17,-1.11,0.11,,,12.31527778,18.525525
1593467,0.15,-1.13,0.03,,,12.33333333,18.52565
1593477,0.14,-1.13,-0.03,,,12.35138889,18.525775
1593487,0.07,-1.13,0.09,44.53,18.5259,12.36111111,18.5259
1593497,0.13,-1.18,-0.01,,,12.38333333,18.526025
1593507,0.01,-1.21,0.06,,,12.39722222,18.52615
1593517,0.03,-1.21,-0.13,,,12.41111111,18.526275
1593527,0.12,-1.2,-0.03,44.73,18.5264,12.3875,18.5264
1593537,0.21,-1.21,-0.02,,,12.42013889,18.526525
1593547,0.09,-1.2,0.06,,,12.41527778,18.52665
1593557,0.21,-1.21,-0.13,,,12.41041667,18.526775
1593567,0.22,-1.24,-0.14,44.66,18.5269,12.425,18.5269
1593577,0.22,-1.24,-0.35,,,12.41041667,18.527025
1593587,0.16,-1.2,-0.41,,,12.41527778,18.52715
1593597,0.04,-1.16,-0.37,,,12.42013889,18.527275
1593607,-0.12,-1.12,-0.24,44.73,18.5274,12.525,18.5274
1593617,-0.19,-1.09,-0.05,,,12.47986111,18.527525
1593627,-0.1,-1.07,0.01,,,12.53472222,18.52765
1593637,0.02,-1.01,-0.1,,,12.58958333,18.527775
1593647,0.11,-0.95,-0.28,45.52,18.5279,12.575,18.5279
1593657,0.18,-0.91,-0.47,,,12.66458333,18.528025
1593667,0.17,-0.9,-0.58,,,12.68472222,18.52815
1593677,0.08,-0.9,-0.48,,,12.70486111,18.528275
1593687,-0.03,-0.91,-0.36,45.81,18.5284,12.68333333,18.5284
1593697,-0.13,-0.86,-0.23,,,12.72430556,18.528525
1593707,-0.21,-0.79,-0.04,,,12.72361111,18.52865
1593717,-0.25,-0.75,0.15,,,12.72291667,18.528775
1593727,-0.22,-0.72,0.28,45.8,18.5289,12.82222222,18.5289
1593737,-0.14,-0.71,0.34,,,12.77152778,18.529025
1593747,-0.03,-0.73,0.36,,,12.82083333,18.52915
1593757,0.09,-0.7,0.3,,,12.87013889,18.529275
1593767,0.2,-0.7,0.22,46.51,18.5294,12.79027778,18.5294
1593777,0.23,-0.69,0.17,,,12.90416667,18.529525
1593787,0.2,-0.69,0.27,,,12.88888889,18.52965
1593797,0.08,-0.76,0.38,,,12.87361111,18.529775
1593807,-0.03,-0.82,0.46,46.29,18.5299,12.95694444,18.5299
1593817,-0.12,-0.86,0.52,,,12.89236111,18.530025
1593827,-0.13,-0.88,0.4,,,12.92638889,18.53015
1593837,-0.05,-0.92,0.21,,,12.96041667,18.530275
1593847,0.08,-0.95,-0.02,46.78,18.5304,12.9375,18.5304
1593857,0.16,-0.99,-0.22,,,13,18.530525
1593867,0.18,-1.02,-0.27,,,13.00555556,18.53065
1593877,0.18,-1.02,-0.25,,,13.01111111,18.530775
1593887,0.25,-1.07,-0.28,46.86,18.5309,13.00416667,18.53095
1593897,0.33,-1.08,-0.39,,,13.01597222,18.53105
1593907,0.39,-1.07,-0.46,,,13.01527778,18.5312
1593917,0.41,-1.09,-0.46,,,13.01458333,18.53135
1593927,0.36,-1.07,-0.31,46.85,18.5315,13.09166667,18.53145
1593937,0.35,-1.06,-0.26,,,13.05208333,18.531625
1593947,0.26,-1.1,-0.1,,,13.09027778,18.53175
1593957,0.26,-1.13,-0.09,,,13.12847222,18.531875
1593967,0.26,-1.12,-0.13,47.4,18.532,13.07361111,18.532
1593977,0.31,-1.12,-0.16,,,13.15833333,18.532125
1593987,0.36,-1.1,-0.19,,,13.15,18.53225
1593997,0.41,-1.08,-0.19,,,13.14166667,18.532375
1594007,0.39,-1.06,-0.08,47.28,18.5325,13.11944444,18.5325
1594017,0.34,-1.06,-0.03,,,13.11805556,18.532625
1594027,0.43,-1.12,-0.16,,,13.10277778,18.53275
1594037,0.45,-1.13,-0.22,,,13.0875,18.532875
1594047,0.38,-1.16,-0.16,47.06,18.533,13.23194444,18.53305
1594057,0.36,-1.21,-0.16,,,13.13680556,18.53315
1594067,0.35,-1.22,-0.17,,,13.20138889,18.5333
1594077,0.32,-1.23,-0.15,,,13.26597222,18.53345
1594087,0.28,-1.26,-0.06,47.99,18.5336,13.21805556,18.53355
1594097,0.2,-1.28,-0.06,,,13.33888889,18.533725
1594107,0.22,-1.26,-0.19,,,13.34722222,18.53385
1594117,0.29,-1.23,-0.29,,,13.35555556,18.533975
1594127,0.23,-1.2,-0.22,48.11,18.5341,13.36527778,18.5341
1594137,0.18,-1.2,-0.07,,,13.37291667,18.534225
1594147,0.18,-1.17,-0.02,,,13.38194444,18.53435
1594157,0.24,-1.14,-0.12,,,13.39097222,18.534475
1594167,0.27,-1.11,-0.17,48.24,18.5346,13.43333333,18.53465
1594177,0.29,-1.09,-0.14,,,13.42569444,18.53475
1594187,0.2,-1.05,-0.04,,,13.45138889,18.5349
1594197,0.12,-1.02,0.01,,,13.47708333,18.53505
1594207,0.12,-0.99,-0.01,48.61,18.5352,13.525,18.53515
1594217,0.16,-0.95,-0.14,,,13.53958333,18.535325
1594227,0.21,-0.91,-0.26,,,13.57638889,18.53545
1594237,0.17,-0.87,-0.25,,,13.61319444,18.535575
1594247,0.14,-0.82,-0.14,49.14,18.5357,13.57777778,18.5357
1594257,0.1,-0.78,-0.13,,,13.65069444,18.535825
1594267,0.15,-0.74,-0.19,,,13.65138889,18.53595
1594277,0.21,-0.71,-0.23,,,13.65208333,18.536075
1594287,0.25,-0.69,-0.25,49.15,18.5362,13.675,18.53625
1594297,0.23,-0.63,-0.19,,,13.66458333,18.53635
1594307,0.19,-0.59,-0.09,,,13.67638889,18.5365
1594317,0.15,-0.6,-0.03,,,13.68819444,18.53665
1594327,0.15,-0.57,-0.04,49.32,18.5368,13.75595238,18.53717143
1594387,0.09,-0.47,0.02,,,13.74444444,18.53716667
1594397,0.04,-0.46,0.08,,,13.78888889,18.53753333
1594407,-0.02,-0.5,0.12,49.8,18.5379,13.72261905,18.53748571
1594417,-0.1,-0.45,0.28,,,13.81319444,18.538025
1594427,-0.18,-0.41,0.49,,,13.79305556,18.53815
1594437,-0.22,-0.43,0.6,,,13.77291667,18.538275
1594447,-0.21,-0.45,0.54,49.51,18.5384,13.80694444,18.53845
1594457,-0.23,-0.45,0.62,,,13.75972222,18.53855
1594467,-0.21,-0.41,0.59,,,13.76666667,18.5387
1594477,-0.23,-0.36,0.62,,,13.77361111,18.53885
1594487,-0.24,-0.33,0.63,49.61,18.539,13.60555556,18.53895
1594497,-0.26,-0.37,0.69,,,13.7,18.539125
1594507,-0.28,-0.35,0.75,,,13.61944444,18.53925
1594517,-0.31,-0.32,0.85,,,13.53888889,18.539375
1594527,-0.31,-0.29,0.91,48.45,18.5395,13.51944444,18.53955
1594537,-0.32,-0.3,0.92,,,13.40833333,18.53965
1594547,-0.29,-0.3,0.8,,,13.35833333,18.5398
1594557,-0.27,-0.3,0.75,,,13.30833333,18.53995
1594567,-0.24,-0.27,0.64,47.73,18.5401,13.26574074,18.54023333
1594577,-0.23,-0.23,0.62,,,13.21388889,18.54035
1594607,-0.26,-0.23,0.52,47.41,18.5406,13.145,18.5405
1594627,-0.28,-0.23,0.48,,,13.10462963,18.54076667
1594637,-0.3,-0.23,0.47,,,13.03981481,18.54093333
1594647,-0.29,-0.21,0.46,46.71,18.5411,13.00753968,18.54102857
1594657,-0.28,-0.19,0.45,,,12.92916667,18.541225
1594667,-0.27,-0.17,0.46,,,12.88333333,18.54135
1594677,-0.27,-0.17,0.46,,,12.8375,18.541475
1594687,-0.28,-0.19,0.48,46.05,18.5416,12.82083333,18.54165
1594697,-0.3,-0.19,0.54,,,12.76041667,18.54175
1594707,-0.33,-0.18,0.55,,,12.72916667,18.5419
1594717,-0.35,-0.22,0.57,,,12.69791667,18.54205
1594727,-0.36,-0.22,0.56,45.6,18.5422,12.56111111,18.54215
1594737,-0.37,-0.22,0.57,,,12.58263889,18.542325
1594747,-0.36,-0.23,0.57,,,12.49861111,18.54245
1594757,-0.34,-0.21,0.57,,,12.41458333,18.542575
1594767,-0.33,-0.19,0.55,44.39,18.5427,12.35416667,18.54265
1594777,-0.31,-0.19,0.53,,,12.25833333,18.5428
1594787,-0.32,-0.21,0.54,,,12.18611111,18.5429
1594797,-0.34,-0.25,0.57,,,12.11388889,18.543
1594807,-0.36,-0.27,0.6,43.35,18.5431,11.95277778,18.54332222
1594827,-0.38,-0.31,0.59,,,11.92944444,18.5433
1594857,-0.37,-0.39,0.55,,,11.81722222,18.5435
1594867,-0.35,-0.4,0.53,,,11.705,18.5437
1594877,-0.33,-0.4,0.53,,,11.59277778,18.5439
1594887,-0.32,-0.44,0.52,41.33,18.5441,11.65123457,18.54387778
1594897,-0.31,-0.44,0.49,,,11.44513889,18.5442
1594907,-0.31,-0.47,0.46,,,11.40972222,18.5443
1594917,-0.33,-0.48,0.49,,,11.37430556,18.5444
1594927,-0.33,-0.5,0.5,40.82,18.5445,11.21527778,18.54455
1594937,-0.33,-0.52,0.47,,,11.24166667,18.544625
1594947,-0.34,-0.54,0.48,,,11.14444444,18.54475
1594957,-0.34,-0.56,0.49,,,11.04722222,18.544875
1594967,-0.33,-0.59,0.47,39.42,18.545,11.1,18.54495
1594977,-0.33,-0.58,0.47,,,10.92777778,18.5451
1594987,-0.31,-0.58,0.48,,,10.90555556,18.5452
1594997,-0.28,-0.58,0.47,,,10.88333333,18.5453
1595007,-0.27,-0.61,0.45,39.1,18.5454,10.73194444,18.54565
1595057,-0.28,-0.68,0.43,,,10.77430556,18.545625
1595067,-0.28,-0.71,0.41,,,10.6875,18.54585
1595077,-0.28,-0.69,0.42,,,10.60069444,18.546075
1595087,-0.27,-0.7,0.41,37.85,18.5463,10.55138889,18.54605
1595097,-0.26,-0.7,0.4,,,10.44583333,18.5464
1595107,-0.25,-0.74,0.4,,,10.37777778,18.5465
1595117,-0.23,-0.76,0.39,,,10.30972222,18.5466
1595127,-0.22,-0.8,0.37,36.87,18.5467,10.27222222,18.5467
1595137,-0.21,-0.81,0.37,,,10.18888889,18.5468
1595147,-0.21,-0.85,0.36,,,10.13611111,18.5469
1595157,-0.21,-0.85,0.35,,,10.08333333,18.547
1595167,-0.21,-0.86,0.34,36.11,18.5471,10.12777778,18.5471
1595177,-0.2,-0.89,0.34,,,10.02638889,18.5472
1595187,-0.19,-0.92,0.33,,,10.02222222,18.5473
1595197,-0.18,-0.94,0.33,,,10.01805556,18.5474
1595207,-0.16,-0.95,0.32,36.05,18.5475,9.958333333,18.5475
1595217,-0.15,-0.97,0.29,,,9.981944444,18.5476
1595227,-0.13,-0.97,0.26,,,9.95,18.5477
1595237,-0.12,-1,0.27,,,9.918055556,18.5478
1595247,-0.11,-1,0.24,35.59,18.5479,9.89537037,18.54803333
1595267,-0.1,-1.07,0.2,,,9.858333333,18.54806
1595297,-0.08,-1.11,0.2,,,9.830555556,18.54822
1595307,-0.09,-1.09,0.21,,,9.802777778,18.54838
1595317,-0.1,-1.08,0.2,,,9.775,18.54854
1595327,-0.09,-1.09,0.18,35.09,18.5487,9.767283951,18.54856667
1595337,-0.08,-1.09,0.16,,,9.728472222,18.5488
1595347,-0.08,-1.11,0.13,,,9.709722222,18.5489
1595357,-0.09,-1.12,0.13,,,9.690972222,18.549
1595367,-0.08,-1.15,0.14,34.82,18.5491,9.681944444,18.5491
1595377,-0.07,-1.15,0.15,,,9.658333333,18.5492
1595387,-0.09,-1.15,0.17,,,9.644444444,18.5493
1595397,-0.1,-1.18,0.19,,,9.630555556,18.5494
1595407,-0.11,-1.21,0.19,34.62,18.5495,9.680555556,18.5495
1595417,-0.12,-1.22,0.18,,,9.634722222,18.5496
1595427,-0.13,-1.21,0.17,,,9.652777778,18.5497
1595437,-0.12,-1.22,0.16,,,9.670833333,18.5498
1595447,-0.13,-1.23,0.19,34.88,18.5499,9.52979798,18.55004545
1595457,-0.12,-1.24,0.22,,,9.644444444,18.55005714
1595467,-0.11,-1.22,0.24,,,9.6,18.55021429
1595477,-0.11,-1.24,0.24,,,9.555555556,18.55037143
1595537,-0.13,-1.37,0.2,,,9.511111111,18.55052857
1595547,-0.14,-1.41,0.2,,,9.466666667,18.55068571
1595557,-0.15,-1.45,0.19,,,9.422222222,18.55084286
1595567,-0.16,-1.47,0.19,33.76,18.551,9.448484848,18.55085455
1595577,-0.14,-1.45,0.2,,,9.361111111,18.5511
1595587,-0.12,-1.41,0.2,,,9.344444444,18.5512
1595597,-0.11,-1.38,0.19,,,9.327777778,18.5513
1595607,-0.09,-1.35,0.2,33.52,18.5514,9.294444444,18.55135
1595617,-0.09,-1.38,0.2,,,9.286111111,18.551475
1595627,-0.08,-1.4,0.19,,,9.261111111,18.55155
1595637,-0.08,-1.4,0.18,,,9.236111111,18.551625
1595647,-0.08,-1.39,0.15,33.16,18.5517,9.180555556,18.55175
1595657,-0.08,-1.4,0.15,,,9.170833333,18.5518
1595667,-0.08,-1.4,0.15,,,9.130555556,18.5519
1595677,-0.09,-1.4,0.15,,,9.090277778,18.552
1595687,-0.09,-1.39,0.15,32.58,18.5521,9.090277778,18.5521
1595697,-0.09,-1.39,0.15,,,9.029861111,18.5522
1595707,-0.08,-1.41,0.13,,,9.009722222,18.5523
1595717,-0.09,-1.42,0.17,,,8.989583333,18.5524
1595727,-0.09,-1.4,0.17,32.29,18.5525,8.981944444,18.55265
1595777,-0.09,-1.31,0.24,,,8.955555556,18.552675
1595787,-0.09,-1.29,0.24,,,8.941666667,18.55285
1595797,-0.09,-1.28,0.21,,,8.927777778,18.553025
1595807,-0.07,-1.28,0.24,32.09,18.5532,8.883333333,18.553
1595817,-0.02,-1.29,0.28,,,8.884722222,18.553275
1595827,0.01,-1.28,0.25,,,8.855555556,18.55335
1595837,0.04,-1.29,0.21,,,8.826388889,18.553425
1595847,0.04,-1.28,0.21,31.67,18.5535,8.830555556,18.55355
1595857,0.05,-1.26,0.16,,,8.784722222,18.5536
1595867,0.07,-1.27,0.1,,,8.772222222,18.5537
1595877,0.08,-1.28,0.06,,,8.759722222,18.5538
1595887,0.07,-1.28,0.01,31.49,18.5539,8.75,18.5539
1595897,0.04,-1.29,-0.03,,,8.736111111,18.554
1595907,0.02,-1.32,-0.04,,,8.725,18.5541
1595917,0.01,-1.33,0,,,8.713888889,18.5542
1595927,-0.01,-1.35,-0.02,31.33,18.5543,8.738580247,18.55438889
1595937,-0.01,-1.36,-0.05,,,8.707777778,18.55444
1595947,0,-1.38,-0.06,,,8.712777778,18.55458
1595977,0.02,-1.24,-0.06,,,8.717777778,18.55472
1595997,0.01,-1.28,0.03,,,8.722777778,18.55486
1596007,-0.01,-1.34,0.04,31.42,18.555,8.747530864,18.55485556
1596017,-0.02,-1.35,0.02,,,8.741666667,18.555075
1596027,-0.02,-1.32,0.05,,,8.755555556,18.55515
1596037,0.01,-1.28,0.08,,,8.769444444,18.555225
1596047,0.01,-1.23,0.12,31.62,18.5553,8.7625,18.55535
1596057,0.01,-1.2,0.08,,,8.786805556,18.5554
1596067,0,-1.19,0.06,,,8.790277778,18.5555
1596077,-0.01,-1.18,0.09,,,8.79375,18.5556
1596087,0.01,-1.21,0.1,31.67,18.5557,8.741666667,18.55565
1596097,0.02,-1.19,0.11,,,8.772916667,18.555775
1596107,0.02,-1.2,0.09,,,8.748611111,18.55585
1596117,0.03,-1.21,0.06,,,8.724305556,18.555925
1596127,0.06,-1.2,0.05,31.32,18.556,8.795833333,18.5562
1596177,0.12,-1.18,-0.02,,,8.723611111,18.556175
1596187,0.13,-1.16,-0.01,,,8.747222222,18.55635
1596197,0.1,-1.22,-0.02,,,8.770833333,18.556525
1596207,0.07,-1.23,-0.03,31.66,18.5567,8.748611111,18.55655
1596217,0.07,-1.25,-0.02,,,8.795138889,18.5568
1596227,0.08,-1.25,0,,,8.795833333,18.5569
1596237,0.06,-1.22,-0.02,,,8.796527778,18.557
1596247,0.05,-1.21,-0.04,31.67,18.5571,8.759722222,18.55705
1596257,0.04,-1.23,-0.01,,,8.779166667,18.557175
1596267,0.04,-1.23,-0.01,,,8.761111111,18.55725
1596277,0.02,-1.23,-0.01,,,8.743055556,18.557325
1596287,-0.01,-1.23,-0.03,31.41,18.5574,8.786111111,18.55745
1596297,-0.01,-1.22,-0.06,,,8.7375,18.5575
1596307,-0.02,-1.23,-0.06,,,8.75,18.5576
1596317,-0.01,-1.21,-0.01,,,8.7625,18.5577
1596327,0,-1.19,0.03,31.59,18.5578,8.784259259,18.55813333
1596397,0.09,-1.17,-0.02,,,8.794444444,18.55815
1596407,0.11,-1.17,-0.02,31.73,18.5585,8.796296296,18.55813333
1596417,0.13,-1.16,-0.03,,,8.820138889,18.558575
1596427,0.12,-1.19,-0.08,,,8.826388889,18.55865
1596437,0.13,-1.22,-0.09,,,8.832638889,18.558725
1596447,0.12,-1.21,-0.09,31.82,18.5588,8.827777778,18.55885
1596457,0.11,-1.24,-0.09,,,8.839583333,18.5589
1596467,0.1,-1.25,-0.07,,,8.840277778,18.559
1596477,0.12,-1.25,0.01,,,8.840972222,18.5591
1596487,0.14,-1.26,0,31.83,18.5592,8.856944444,18.55915
1596497,0.08,-1.27,0.04,,,8.85,18.559275
1596507,0.08,-1.3,0.1,,,8.858333333,18.55935
1596517,0.09,-1.29,0.12,,,8.866666667,18.559425
1596527,0.07,-1.3,0.03,31.95,18.5595,8.848611111,18.55955
1596537,0.09,-1.27,-0.02,,,8.870138889,18.5596
1596547,0.12,-1.28,0.08,,,8.865277778,18.5597
1596557,0.11,-1.27,0.06,,,8.860416667,18.5598
1596567,0.1,-1.25,0.08,31.88,18.5599,8.856944444,18.56005
1596577,0.07,-1.24,0.08,,,8.851388889,18.560075
1596587,0.07,-1.27,0.08,,,8.847222222,18.56025
1596637,0.06,-1.32,-0.07,,,8.843055556,18.560425
1596647,0.06,-1.3,-0.04,31.82,18.5606,8.913888889,18.5604
1596657,0.08,-1.28,-0.03,,,8.872222222,18.560675
1596667,0.1,-1.27,-0.06,,,8.905555556,18.56075
1596677,0.12,-1.25,-0.11,,,8.938888889,18.560825
1596687,0.12,-1.22,-0.13,32.3,18.5609,8.925,18.56095
1596697,0.13,-1.18,-0.14,,,8.981944444,18.561
1596707,0.13,-1.17,-0.16,,,8.991666667,18.5611
1596717,0.13,-1.16,-0.17,,,9.001388889,18.5612
1596727,0.13,-1.14,-0.18,32.44,18.5613,8.952777778,18.5613
1596737,0.12,-1.1,-0.18,,,8.991666667,18.5614
1596747,0.13,-1.09,-0.16,,,8.972222222,18.5615
1596757,0.14,-1.06,-0.2,,,8.952777778,18.5616
1596767,0.14,-1.06,-0.21,32.16,18.5617,8.988888889,18.56165
1596777,0.14,-1.04,-0.19,,,8.941666667,18.561775
1596787,0.13,-1.03,-0.15,,,8.95,18.56185
1596797,0.13,-0.99,-0.14,,,8.958333333,18.561925
1596807,0.12,-0.97,-0.14,32.28,18.562,9.0875,18.5622
1596817,0.13,-0.9,-0.14,,,9.035416667,18.562175
1596827,0.11,-0.86,-0.12,,,9.104166667,18.56235
1596877,0.12,-0.59,-0.07,,,9.172916667,18.562525
1596887,0.12,-0.52,-0.07,33.27,18.5627,9.134722222,18.56255
1596897,0.13,-0.43,-0.05,,,9.256944444,18.5628
1596907,0.11,-0.41,-0.05,,,9.272222222,18.5629
1596917,0.1,-0.4,-0.06,,,9.2875,18.563
1596927,0.09,-0.39,-0.11,33.49,18.5631,9.279166667,18.5631
1596937,0.09,-0.35,-0.14,,,9.30625,18.5632
1596947,0.09,-0.3,-0.13,,,9.309722222,18.5633
1596957,0.1,-0.25,-0.12,,,9.313194444,18.5634
1596967,0.09,-0.2,-0.1,33.54,18.5635,9.3625,18.56345
1596977,0.09,-0.12,-0.11,,,9.343055556,18.563575
1596987,0.09,-0.06,-0.11,,,9.369444444,18.56365
1596997,0.08,-0.01,-0.16,,,9.395833333,18.563725
1597007,0.06,0.05,-0.17,33.92,18.5638,9.461111111,18.56405
1597017,0.08,0.09,-0.16,,,9.468055556,18.564
1597057,0.17,0.35,-0.08,,,9.513888889,18.5642
1597067,0.17,0.37,-0.09,,,9.559722222,18.5644
1597087,0.1,0.46,-0.06,34.58,18.5646,9.7,18.56513333
1597107,0.05,0.58,-0.11,,,9.722222222,18.5652
1597207,0.15,0.76,-0.12,35.42,18.5658,9.795833333,18.56555
1597237,0.17,0.9,-0.14,,,9.9125,18.56615
1597287,0.11,0.95,-0.05,35.95,18.5665,9.958888889,18.5664
1597307,0.09,0.97,-0.12,,,10.03703704,18.56676667
1597357,0.08,0.93,-0.07,,,10.08796296,18.56703333
1597367,0.05,0.98,-0.05,36.5,18.5673,10.07247475,18.56750909
1597387,0.06,1.03,-0.17,,,10.159375,18.5676625
1597457,0.02,1.14,0.03,,,10.17986111,18.568025
1597467,0.04,1.18,-0.12,,,10.20034722,18.5683875
1597517,0.09,1.17,-0.1,,,10.22083333,18.56875
1597587,0.09,1.23,0.03,,,10.24131944,18.5691125
1597617,0.12,1.31,0.04,,,10.26180556,18.569475
1597637,0.08,1.24,-0.07,,,10.28229167,18.5698375
1597647,0.12,1.25,-0.04,37.09,18.5702,10.21944444,18.5702
1597677,0.13,1.24,0,,,10.30243056,18.5705625
1597697,0.15,1.19,0.02,,,10.30208333,18.570925
1597707,0.23,1.21,-0.09,,,10.30173611,18.5712875
1597747,0.19,1.3,-0.12,,,10.30138889,18.57165
1597817,0.11,1.36,-0.18,,,10.30104167,18.5720125
1597827,0.16,1.38,-0.17,,,10.30069444,18.572375
1597907,0.16,0.95,-0.43,,,10.30034722,18.5727375
1597927,0.26,0.89,-0.29,37.08,18.5731,10.41388889,18.5733
1597977,0.15,0.62,-0.29,,,10.328125,18.5735125
1597987,0.13,0.55,-0.47,,,10.35625,18.573925
1598177,0.11,-0.28,-0.01,,,10.384375,18.5743375
1598187,0.06,-0.32,-0.07,,,10.4125,18.57475
1598197,0.03,-0.37,-0.13,,,10.440625,18.5751625
1598217,0.01,-0.45,-0.2,,,10.46875,18.575575
1598237,0,-0.55,0.01,,,10.496875,18.5759875
1598247,0.01,-0.56,-0.03,37.89,18.5764,10.49333333,18.57614
1598267,0.01,-0.67,0.14,,,10.53333333,18.57665
1598287,-0.01,-0.7,0.23,37.95,18.5769,10.53944444,18.57692
1598307,0.01,-0.72,0.07,,,10.54814815,18.57716667
1598357,0.05,-0.79,-0.04,,,10.55462963,18.57743333
1598367,0.09,-0.84,0.01,38.02,18.5777,10.55520833,18.5776875
1598387,0.04,-0.92,0.08,,,10.56444444,18.57796
1598457,0.02,-0.94,-0.05,,,10.56777778,18.57822
1598467,0,-0.99,0.04,,,10.57111111,18.57848
1598477,-0.02,-1.06,0.1,,,10.57444444,18.57874
1598487,-0.04,-1.1,0.08,38.08,18.579,10.575,18.57864444
1598497,0.01,-1.13,0.01,,,10.57986111,18.5791
1598507,-0.03,-1.14,0.02,,,10.58194444,18.5792
1598517,0.03,-1.08,0.02,,,10.58402778,18.5793
1598527,0.04,-1.06,-0.02,38.11,18.5794,10.54027778,18.57945
1598537,0.02,-1.1,0.08,,,10.56527778,18.579525
1598547,0.02,-1.1,0.03,,,10.54444444,18.57965
1598557,0.04,-1.13,0.04,,,10.52361111,18.579775
1598567,0.04,-1.18,0.09,37.81,18.5799,10.56805556,18.57985
1598577,0.08,-1.15,0.07,,,10.51458333,18.58
1598587,0.09,-1.17,0.08,,,10.52638889,18.5801
1598597,0.11,-1.17,0.06,,,10.53819444,18.5802
1598607,0.11,-1.19,0.05,37.98,18.5803,10.47916667,18.5803
1598617,0.06,-1.24,0.13,,,10.52638889,18.5804
1598627,0.04,-1.25,0.04,,,10.50277778,18.5805
1598637,0.03,-1.31,0.04,,,10.47916667,18.5806
1598647,0.01,-1.34,0.12,37.64,18.5807,10.51111111,18.5807
1598657,0.02,-1.29,0.03,,,10.45972222,18.5808
1598667,0.03,-1.24,0.03,,,10.46388889,18.5809
1598677,0.02,-1.22,0.11,,,10.46805556,18.581
1598687,0.04,-1.14,0.04,37.7,18.5811,10.47916667,18.5811
1598697,0.06,-1.12,0.03,,,10.47986111,18.5812
1598707,0.03,-1.2,0.13,,,10.4875,18.5813
1598717,-0.01,-1.23,0.11,,,10.49513889,18.5814
1598727,0,-1.27,0.04,37.81,18.5815,10.47638889,18.58155
1598737,-0.06,-1.32,0.14,,,10.49722222,18.581625
1598747,-0.02,-1.3,0.18,,,10.49166667,18.58175
1598757,-0.02,-1.31,0.14,,,10.48611111,18.581875
1598767,0.02,-1.27,0.1,37.73,18.582,10.42222222,18.58195
1598777,0.05,-1.25,0.09,,,10.44583333,18.5821
1598787,0.04,-1.25,0.12,,,10.41111111,18.5822
1598797,0.03,-1.19,0.07,,,10.37638889,18.5823
1598807,0.08,-1.15,-0.01,37.23,18.5824,10.41527778,18.5824
1598817,0.07,-1.21,0.05,,,10.34375,18.5825
1598827,0.06,-1.25,0.09,,,10.34583333,18.5826
1598837,0.01,-1.3,0.11,,,10.34791667,18.5827
1598847,0.04,-1.32,0.01,37.26,18.5828,10.32916667,18.5828
1598857,0.01,-1.4,0.02,,,10.34166667,18.5829
1598867,-0.01,-1.41,0.07,,,10.33333333,18.583
1598877,0.03,-1.36,-0.02,,,10.325,18.5831
1598887,0.03,-1.35,0,37.14,18.5832,10.30694444,18.5832
1598897,0.04,-1.32,0.03,,,10.30347222,18.5833
1598907,0.03,-1.27,-0.03,,,10.29027778,18.5834
1598917,0.07,-1.26,-0.05,,,10.27708333,18.5835
1598927,0.05,-1.26,0.07,36.95,18.5836,10.27916667,18.5836
1598937,0.03,-1.28,0.14,,,10.25833333,18.5837
1598947,0.06,-1.25,0,,,10.25277778,18.5838
1598957,0.06,-1.2,-0.02,,,10.24722222,18.5839
1598967,0.05,-1.23,0.08,36.87,18.584,10.24305556,18.584
1598977,0.03,-1.22,0.03,,,10.23680556,18.5841
1598987,0.03,-1.25,-0.03,,,10.23194444,18.5842
1598997,0.02,-1.27,0,,,10.22708333,18.5843
1599007,-0.01,-1.31,0.08,36.8,18.5844,10.22916667,18.58445
1599017,-0.02,-1.27,0.02,,,10.22083333,18.584525
1599027,0.01,-1.24,-0.02,,,10.21944444,18.58465
1599037,-0.01,-1.24,0.06,,,10.21805556,18.584775
1599047,-0.04,-1.23,0.07,36.78,18.5849,10.17222222,18.58485
1599057,-0.04,-1.24,-0.01,,,10.19305556,18.585
1599067,-0.02,-1.26,-0.02,,,10.16944444,18.5851
1599077,-0.01,-1.3,0.1,,,10.14583333,18.5852
1599087,-0.03,-1.31,0.1,36.44,18.5853,10.18611111,18.5853
1599097,0,-1.24,0.01,,,10.13055556,18.5854
1599107,0.02,-1.26,0.06,,,10.13888889,18.5855
1599117,0.02,-1.25,0.11,,,10.14722222,18.5856
1599127,0.04,-1.21,0.01,36.56,18.5857,10.09027778,18.5857
1599137,0.06,-1.21,0.03,,,10.13125,18.5858
1599147,0.06,-1.21,0.09,,,10.10694444,18.5859
1599157,0.05,-1.22,0.05,,,10.08263889,18.586
1599167,0.05,-1.21,-0.05,36.21,18.5861,10.1375,18.5861
1599177,0.06,-1.22,-0.07,,,10.07361111,18.5862
1599187,0.05,-1.25,0.01,,,10.08888889,18.5863
1599197,0.03,-1.28,0.06,,,10.10416667,18.5864
1599207,0.01,-1.29,0.07,36.43,18.5865,10.07361111,18.5865
1599217,-0.01,-1.32,0.05,,,10.11180556,18.5866
1599227,-0.03,-1.31,0.01,,,10.10416667,18.5867
1599237,-0.04,-1.27,-0.06,,,10.09652778,18.5868
1599247,-0.02,-1.25,-0.06,36.32,18.5869,10.09305556,18.5869
1599257,-0.03,-1.24,0,,,10.08333333,18.587
1599267,-0.05,-1.24,0.1,,,10.07777778,18.5871
1599277,-0.02,-1.23,0.09,,,10.07222222,18.5872
1599287,-0.03,-1.24,-0.02,36.24,18.5873,10.04305556,18.5873
1599297,-0.01,-1.25,-0.02,,,10.04930556,18.5874
1599307,-0.02,-1.26,0.13,,,10.03194444,18.5875
1599317,-0.01,-1.24,0.11,,,10.01458333,18.5876
1599327,0.01,-1.21,0.04,35.99,18.5877,10.03333333,18.5877
1599337,0,-1.24,0.1,,,9.997916667,18.5878
1599347,0.01,-1.21,0.06,,,9.998611111,18.5879
1599357,0.08,-1.19,-0.02,,,9.999305556,18.588
1599367,0.06,-1.23,0.11,36,18.5881,9.997222222,18.5881
1599377,0.05,-1.23,0.08,,,9.999305556,18.5882
1599387,0.04,-1.22,-0.06,,,9.998611111,18.5883
1599397,0.06,-1.2,-0.05,,,9.997916667,18.5884
1599407,0.04,-1.26,0,35.99,18.5885,9.994444444,18.5885
1599417,0,-1.3,0.05,,,9.995138889,18.5886
1599427,-0.02,-1.32,-0.03,,,9.993055556,18.5887
1599437,0.03,-1.32,-0.09,,,9.990972222,18.5888
1599447,0.02,-1.36,-0.05,35.96,18.5889,9.959722222,18.5889
1599457,0.06,-1.32,-0.08,,,9.972222222,18.589
1599467,0.05,-1.32,-0.09,,,9.955555556,18.5891
1599477,0.07,-1.31,-0.07,,,9.938888889,18.5892
1599487,0.11,-1.23,-0.12,35.72,18.5893,10.07777778,18.5893
1599497,0.12,-1.24,-0.08,,,9.983333333,18.5894
1599507,0.12,-1.23,-0.11,,,10.04444444,18.5895
1599517,0.13,-1.22,-0.17,,,10.10555556,18.5896
1599527,0.1,-1.27,-0.17,36.6,18.5897,9.993055556,18.5897
1599537,0.07,-1.3,-0.13,,,10.14097222,18.5898
1599547,0.11,-1.31,-0.11,,,10.11527778,18.5899
1599557,0.11,-1.32,-0.22,,,10.08958333,18.59
1599567,0.11,-1.35,-0.22,36.23,18.5901,10.18055556,18.5901
1599577,0.13,-1.33,-0.22,,,10.09652778,18.5902
1599587,0.14,-1.32,-0.21,,,10.12916667,18.5903
1599597,0.17,-1.3,-0.21,,,10.16180556,18.5904
1599607,0.18,-1.26,-0.2,36.7,18.5905,10.14583333,18.5905
1599617,0.18,-1.26,-0.17,,,10.20277778,18.5906
1599627,0.21,-1.23,-0.22,,,10.21111111,18.5907
1599637,0.21,-1.19,-0.21,,,10.21944444,18.5908
1599647,0.2,-1.17,-0.22,36.82,18.5909,10.29166667,18.5909
1599657,0.19,-1.16,-0.25,,,10.26805556,18.591
1599667,0.19,-1.17,-0.26,,,10.30833333,18.5911
1599677,0.24,-1.11,-0.26,,,10.34861111,18.5912
1599687,0.24,-1.1,-0.28,37.4,18.5913,10.27083333,18.5913
1599697,0.24,-1.09,-0.26,,,10.37013889,18.5914
1599707,0.26,-1.04,-0.34,,,10.35138889,18.5915
1599717,0.26,-1.04,-0.28,,,10.33263889,18.5916
1599727,0.24,-1.02,-0.25,37.13,18.5917,10.44166667,18.5917
1599737,0.22,-1.05,-0.11,,,10.35902778,18.5918
1599747,0.23,-1,-0.13,,,10.40416667,18.5919
1599757,0.2,-0.99,-0.08,,,10.44930556,18.592
1599767,0.18,-0.97,-0.14,37.78,18.5921,10.4875,18.59215
1599777,0.21,-0.9,-0.18,,,10.53611111,18.592225
1599787,0.19,-0.84,-0.17,,,10.57777778,18.59235
1599797,0.15,-0.77,-0.23,,,10.61944444,18.592475
1599807,0.15,-0.7,-0.28,38.38,18.5926,10.62916667,18.59255
1599817,0.16,-0.61,-0.22,,,10.68680556,18.5927
1599827,0.12,-0.58,-0.16,,,10.7125,18.5928
1599837,0.11,-0.51,-0.1,,,10.73819444,18.5929
1599847,0.15,-0.4,-0.12,38.75,18.593,10.76666667,18.593
1599857,0.13,-0.32,-0.1,,,10.79097222,18.5931
1599867,0.14,-0.24,-0.17,,,10.81805556,18.5932
1599877,0.14,-0.2,-0.16,,,10.84513889,18.5933
1599887,0.11,-0.17,-0.14,39.14,18.5934,10.90416667,18.59345
1599897,0.14,-0.06,-0.21,,,10.91527778,18.593525
1599907,0.14,-0.02,-0.17,,,10.95833333,18.59365
1599917,0.14,0.04,-0.17,,,11.00138889,18.593775
1599927,0.16,0.14,-0.22,39.76,18.5939,11.00972222,18.59385
1599937,0.16,0.2,-0.27,,,11.07013889,18.594
1599947,0.18,0.26,-0.33,,,11.09583333,18.5941
1599957,0.16,0.31,-0.29,,,11.12152778,18.5942
1599967,0.18,0.34,-0.29,40.13,18.5943,11.15,18.59435
1599977,0.18,0.41,-0.28,,,11.17430556,18.594425
1599987,0.17,0.42,-0.23,,,11.20138889,18.59455
1599997,0.17,0.49,-0.23,,,11.22847222,18.594675
1600007,0.14,0.48,-0.19,40.52,18.5948,11.27777778,18.59475
1600017,0.18,0.52,-0.2,,,11.29375,18.5949
1600027,0.16,0.5,-0.18,,,11.33194444,18.595
1600037,0.19,0.56,-0.21,,,11.37013889,18.5951
1600047,0.15,0.56,-0.17,41.07,18.5952,11.37916667,18.59525
1600057,0.2,0.62,-0.19,,,11.43194444,18.595325
1600067,0.18,0.61,-0.15,,,11.45555556,18.59545
1600077,0.18,0.67,-0.13,,,11.47916667,18.595575
1600087,0.23,0.65,-0.21,41.41,18.5957,11.5125,18.59565
1600097,0.19,0.67,-0.12,,,11.53125,18.5958
1600107,0.25,0.68,-0.19,,,11.55972222,18.5959
1600117,0.19,0.69,-0.15,,,11.58819444,18.596
1600127,0.22,0.75,-0.21,41.82,18.5961,11.59444444,18.59615
1600137,0.17,0.75,-0.17,,,11.63402778,18.596225
1600147,0.18,0.77,-0.16,,,11.65138889,18.59635
1600157,0.21,0.74,-0.19,,,11.66875,18.596475
1600167,0.14,0.78,-0.17,42.07,18.5966,11.69444444,18.5966
1600177,0.18,0.84,-0.16,,,11.70763889,18.596725
1600187,0.17,0.84,-0.13,,,11.72916667,18.59685
1600197,0.09,0.88,-0.1,,,11.75069444,18.596975
1600207,0.17,0.87,-0.08,42.38,18.5971,11.75694444,18.59705
1600217,0.24,0.83,-0.17,,,11.78611111,18.5972
1600227,0.2,0.84,-0.14,,,11.8,18.5973
1600237,0.23,0.89,-0.21,,,11.81388889,18.5974
1600247,0.26,0.88,-0.19,42.58,18.5975,11.88055556,18.59755
1600257,0.22,0.92,-0.2,,,11.86805556,18.597625
1600267,0.15,0.97,-0.1,,,11.90833333,18.59775
1600277,0.24,0.98,-0.1,,,11.94861111,18.597875
1600287,0.34,0.96,-0.15,43.16,18.598,11.92638889,18.598
1600297,0.38,0.99,-0.22,,,11.99791667,18.598125
1600307,0.28,1,-0.17,,,12.00694444,18.59825
1600317,0.17,1.04,-0.12,,,12.01597222,18.598375
1600327,0.19,1.05,-0.13,43.29,18.5985,12.03472222,18.5985
1600337,0.28,1.03,-0.23,,,12.03888889,18.598625
1600347,0.28,1.01,-0.23,,,12.05277778,18.59875
1600357,0.18,1.05,-0.11,,,12.06666667,18.598875
1600367,0.12,1.12,-0.11,43.49,18.599,12.08194444,18.599
1600377,0.14,1.13,-0.1,,,12.09513889,18.599125
1600387,0.22,1.15,-0.12,,,12.10972222,18.59925
1600397,0.33,1.15,-0.15,,,12.12430556,18.599375
1600407,0.41,1.11,-0.2,43.7,18.5995,12.16666667,18.5995
1600417,0.43,1.14,-0.24,,,12.16736111,18.599625
1600427,0.43,1.16,-0.23,,,12.19583333,18.59975
1600437,0.36,1.13,-0.19,,,12.22430556,18.599875
1600447,0.22,1.16,-0.1,44.11,18.6,12.22222222,18.59995
1600457,0.14,1.2,-0.09,,,12.26597222,18.6001
1600467,0.18,1.22,-0.1,,,12.27916667,18.6002
1600477,0.24,1.25,-0.15,,,12.29236111,18.6003
1600487,0.35,1.25,-0.19,44.3,18.6004,12.3,18.60045
1600497,0.43,1.21,-0.2,,,12.31597222,18.600525
1600507,0.51,1.22,-0.24,,,12.32638889,18.60065
1600517,0.54,1.22,-0.3,,,12.33680556,18.600775
1600527,0.54,1.25,-0.34,44.45,18.6009,12.35833333,18.6009
1600537,0.51,1.27,-0.36,,,12.36319444,18.601025
1600547,0.43,1.28,-0.35,,,12.37916667,18.60115
1600557,0.32,1.25,-0.27,,,12.39513889,18.601275
1600567,0.24,1.27,-0.22,44.68,18.6014,12.38333333,18.6014
1600577,0.18,1.28,-0.21,,,12.41319444,18.601525
1600587,0.08,1.26,-0.16,,,12.41527778,18.60165
1600597,-0.02,1.27,-0.13,,,12.41736111,18.601775
1600607,-0.03,1.32,-0.1,44.71,18.6019,12.45416667,18.6019
1600617,-0.02,1.3,-0.15,,,12.43888889,18.602025
1600627,0.02,1.3,-0.24,,,12.45833333,18.60215
1600637,0.08,1.31,-0.28,,,12.47777778,18.602275
1600647,0.14,1.32,-0.27,44.99,18.6024,12.5,18.6024
1600657,0.21,1.32,-0.28,,,12.51805556,18.602525
1600667,0.3,1.29,-0.3,,,12.53888889,18.60265
1600677,0.41,1.28,-0.37,,,12.55972222,18.602775
1600687,0.47,1.25,-0.4,45.29,18.6029,12.6,18.6029
1600697,0.51,1.23,-0.42,,,12.61111111,18.603025
1600707,0.56,1.23,-0.41,,,12.64166667,18.60315
1600717,0.59,1.26,-0.41,,,12.67222222,18.603275
1600727,0.62,1.27,-0.43,45.73,18.6034,12.67638889,18.6034
1600737,0.64,1.31,-0.38,,,12.72013889,18.603525
1600747,0.6,1.34,-0.34,,,12.7375,18.60365
1600757,0.54,1.35,-0.29,,,12.75486111,18.603775
1600767,0.47,1.28,-0.19,45.98,18.6039,12.74305556,18.6039
1600777,0.36,1.23,-0.1,,,12.775,18.604025
1600787,0.24,1.18,-0.01,,,12.77777778,18.60415
1600797,0.15,1.13,0,,,12.78055556,18.604275
1600807,0.06,1.1,0.02,46.02,18.6044,12.82638889,18.60445
1600817,0.01,1.08,-0.01,,,12.80763889,18.60455
1600827,-0.04,1.04,-0.03,,,12.83194444,18.6047
1600837,-0.08,1.03,-0.05,,,12.85625,18.60485
1600847,-0.08,0.99,-0.01,46.37,18.605,12.82638889,18.60495
1600857,-0.07,0.95,-0.07,,,12.87777778,18.605125
1600867,-0.13,0.94,-0.1,,,12.875,18.60525
1600877,-0.1,0.92,-0.17,,,12.87222222,18.605375
1600887,-0.13,0.86,-0.18,46.33,18.6055,12.95277778,18.6055
1600897,-0.21,0.81,-0.12,,,12.90833333,18.605625
1600907,-0.24,0.74,-0.13,,,12.94722222,18.60575
1600917,-0.29,0.67,-0.14,,,12.98611111,18.605875
1600927,-0.34,0.6,-0.07,46.89,18.606,12.99861111,18.606
1600937,-0.35,0.5,-0.04,,,13.05069444,18.606125
1600947,-0.35,0.39,-0.01,,,13.07638889,18.60625
1600957,-0.28,0.3,0.04,,,13.10208333,18.606375
1600967,-0.3,0.17,0.15,47.26,18.6065,13.11944444,18.6065
1600977,-0.3,0.07,0.19,,,13.14930556,18.606625
1600987,-0.33,-0.01,0.22,,,13.17083333,18.60675
1600997,-0.27,-0.06,0.19,,,13.19236111,18.606875
1601007,-0.13,-0.14,0.06,47.57,18.607,13.23611111,18.60705
1601017,-0.03,-0.17,-0.06,,,13.24652778,18.60715
1601027,0.08,-0.18,-0.19,,,13.27916667,18.6073
1601037,0.16,-0.18,-0.3,,,13.31180556,18.60745
1601047,0.18,-0.21,-0.34,48.04,18.6076,13.32222222,18.60755
1601057,0.23,-0.25,-0.35,,,13.36597222,18.607725
1601067,0.26,-0.32,-0.4,,,13.3875,18.60785
1601077,0.3,-0.35,-0.51,,,13.40902778,18.607975
1601087,0.35,-0.36,-0.59,48.35,18.6081,13.43472222,18.60815
1601097,0.31,-0.4,-0.48,,,13.45416667,18.60825
1601107,0.35,-0.4,-0.31,,,13.47777778,18.6084
1601117,0.26,-0.4,-0.16,,,13.50138889,18.60855
1601127,0.22,-0.43,-0.08,48.69,18.6087,13.49722222,18.60865
1601137,0.24,-0.41,-0.16,,,13.53472222,18.608825
1601147,0.3,-0.44,-0.28,,,13.54444444,18.60895
1601157,0.26,-0.49,-0.32,,,13.55416667,18.609075
1601167,0.18,-0.53,-0.19,48.83,18.6092,13.62777778,18.6092
1601177,0.13,-0.56,-0.13,,,13.60555556,18.609325
1601187,0.18,-0.55,-0.2,,,13.64722222,18.60945
1601197,0.23,-0.52,-0.23,,,13.68888889,18.609575
1601207,0.25,-0.56,-0.17,49.43,18.6097,13.65833333,18.60975
1601217,0.22,-0.59,-0.16,,,13.73611111,18.60985
1601227,0.24,-0.63,-0.22,,,13.74166667,18.61
1601237,0.27,-0.66,-0.32,,,13.74722222,18.61015
1601247,0.23,-0.69,-0.34,49.51,18.6103,13.78888889,18.61025
1601257,0.2,-0.71,-0.31,,,13.77638889,18.610425
1601267,0.23,-0.72,-0.32,,,13.8,18.61055
1601277,0.21,-0.68,-0.25,,,13.82361111,18.610675
1601287,0.11,-0.71,-0.1,49.85,18.6108,13.83888889,18.61085
1601297,0.07,-0.73,-0.03,,,13.86666667,18.61095
1601307,0.1,-0.71,-0.06,,,13.88611111,18.6111
1601317,0.11,-0.72,-0.05,,,13.90555556,18.61125
1601327,0.15,-0.74,-0.09,50.13,18.6114,13.95,18.6114
1601337,0.21,-0.77,-0.15,,,13.95694444,18.61155
1601347,0.22,-0.82,-0.19,,,13.98888889,18.6117
1601357,0.2,-0.83,-0.18,,,14.02083333,18.61185
1601367,0.26,-0.79,-0.2,50.59,18.612,14.00833333,18.61195
1601377,0.3,-0.75,-0.21,,,14.0625,18.612125
1601387,0.35,-0.71,-0.22,,,14.07222222,18.61225
1601397,0.34,-0.72,-0.23,,,14.08194444,18.612375
1601407,0.28,-0.76,-0.2,50.73,18.6125,14.1375,18.61255
1601417,0.25,-0.81,-0.23,,,14.12430556,18.61265
1601427,0.25,-0.85,-0.21,,,14.15694444,18.6128
1601437,0.27,-0.85,-0.24,,,14.18958333,18.61295
1601447,0.28,-0.83,-0.22,51.2,18.6131,14.16388889,18.6131
1601457,0.32,-0.86,-0.2,,,14.22569444,18.61325
1601467,0.38,-0.83,-0.18,,,14.22916667,18.6134
1601477,0.43,-0.8,-0.15,,,14.23263889,18.61355
1601487,0.42,-0.81,-0.14,51.25,18.6137,14.2625,18.61365
1601497,0.37,-0.8,-0.11,,,14.25277778,18.613825
1601507,0.4,-0.85,-0.12,,,14.26944444,18.61395
1601517,0.38,-0.86,-0.13,,,14.28611111,18.614075
1601527,0.37,-0.83,-0.18,51.49,18.6142,14.35,18.61425
1601537,0.35,-0.83,-0.2,,,14.34305556,18.61435
1601547,0.32,-0.82,-0.25,,,14.38333333,18.6145
1601557,0.31,-0.81,-0.27,,,14.42361111,18.61465
1601567,0.27,-0.8,-0.25,52.07,18.6148,14.40694444,18.6148
1601577,0.26,-0.77,-0.24,,,14.47569444,18.61495
1601587,0.24,-0.78,-0.25,,,14.4875,18.6151
1601597,0.24,-0.81,-0.25,,,14.49930556,18.61525
1601607,0.21,-0.8,-0.26,52.24,18.6154,14.56527778,18.6154
1601617,0.2,-0.81,-0.28,,,14.55,18.61555
1601627,0.19,-0.75,-0.24,,,14.58888889,18.6157
1601637,0.22,-0.72,-0.26,,,14.62777778,18.61585
1601647,0.26,-0.71,-0.28,52.8,18.616,14.55694444,18.61595
1601657,0.26,-0.69,-0.31,,,14.65069444,18.616125
1601667,0.26,-0.69,-0.3,,,14.63472222,18.61625
1601677,0.26,-0.72,-0.27,,,14.61875,18.616375
1601687,0.27,-0.71,-0.26,52.57,18.6165,14.73194444,18.61655
1601697,0.32,-0.73,-0.26,,,14.65138889,18.61665
1601707,0.31,-0.69,-0.28,,,14.7,18.6168
1601717,0.26,-0.65,-0.29,,,14.74861111,18.61695
1601727,0.23,-0.63,-0.29,53.27,18.6171,14.74583333,18.6171
1601737,0.19,-0.59,-0.24,,,14.82013889,18.61725
1601747,0.21,-0.59,-0.23,,,14.84305556,18.6174
1601757,0.18,-0.63,-0.27,,,14.86597222,18.61755
1601767,0.17,-0.63,-0.26,53.6,18.6177,14.80555556,18.6177
1601777,0.17,-0.65,-0.22,,,14.87013889,18.61785
1601787,0.17,-0.62,-0.2,,,14.85138889,18.618
1601797,0.17,-0.59,-0.2,,,14.83263889,18.61815
1601807,0.15,-0.59,-0.21,53.33,18.6183,14.99166667,18.6183
1601817,0.15,-0.54,-0.22,,,14.88402778,18.61845
1601827,0.13,-0.54,-0.21,,,14.95416667,18.6186
1601837,0.11,-0.55,-0.22,,,15.02430556,18.61875
1601847,0.17,-0.56,-0.25,54.34,18.6189,14.94722222,18.6189
1601857,0.19,-0.57,-0.25,,,15.09097222,18.61905
1601867,0.21,-0.54,-0.23,,,15.0875,18.6192
1601877,0.21,-0.54,-0.25,,,15.08402778,18.61935
1601887,0.2,-0.55,-0.22,54.29,18.6195,15.16666667,18.6195
1601897,0.21,-0.5,-0.21,,,15.12013889,18.61965
1601907,0.21,-0.51,-0.18,,,15.15972222,18.6198
1601917,0.2,-0.48,-0.21,,,15.19930556,18.61995
1601927,0.19,-0.51,-0.2,54.86,18.6201,15.15,18.6201
1601937,0.22,-0.52,-0.21,,,15.23402778,18.62025
1601947,0.23,-0.5,-0.18,,,15.22916667,18.6204
1601957,0.27,-0.5,-0.15,,,15.22430556,18.62055
1601967,0.29,-0.45,-0.16,54.79,18.6207,15.30138889,18.62075
1601977,0.25,-0.41,-0.18,,,15.25555556,18.620875
1601987,0.24,-0.46,-0.18,,,15.29166667,18.62105
1601997,0.21,-0.42,-0.2,,,15.32777778,18.621225
1602007,0.23,-0.46,-0.22,55.31,18.6214,15.32083333,18.62135
1602017,0.19,-0.46,-0.24,,,15.37847222,18.62155
1602027,0.19,-0.44,-0.26,,,15.39305556,18.6217
1602037,0.2,-0.46,-0.24,,,15.40763889,18.62185
1602047,0.21,-0.42,-0.21,55.52,18.622,15.44583333,18.622
1602057,0.19,-0.41,-0.21,,,15.44861111,18.62215
1602067,0.23,-0.38,-0.19,,,15.475,18.6223
1602077,0.3,-0.34,-0.21,,,15.50138889,18.62245
1602087,0.25,-0.37,-0.21,55.9,18.6226,15.50694444,18.6226
1602097,0.23,-0.36,-0.2,,,15.54375,18.62275
1602107,0.23,-0.4,-0.21,,,15.55972222,18.6229
1602117,0.24,-0.4,-0.2,,,15.57569444,18.62305
1602127,0.21,-0.37,-0.2,56.13,18.6232,15.56805556,18.6232
1602137,0.19,-0.35,-0.19,,,15.59583333,18.62335
1602147,0.16,-0.32,-0.2,,,15.6,18.6235
1602157,0.17,-0.32,-0.18,,,15.60416667,18.62365
1602167,0.26,-0.34,-0.17,56.19,18.6238,15.64583333,18.62385
1602177,0.34,-0.34,-0.15,,,15.63125,18.623975
1602187,0.36,-0.37,-0.14,,,15.65416667,18.62415
1602197,0.35,-0.33,-0.14,,,15.67708333,18.624325
1602207,0.37,-0.34,-0.12,56.52,18.6245,15.70972222,18.62445
1602217,0.38,-0.33,-0.11,,,15.72777778,18.62465
1602227,0.37,-0.3,-0.1,,,15.75555556,18.6248
1602237,0.39,-0.31,-0.12,,,15.78333333,18.62495
1602247,0.38,-0.31,-0.14,56.92,18.6251,15.80416667,18.6251
1602257,0.33,-0.34,-0.16,,,15.83541667,18.62525
1602267,0.36,-0.37,-0.16,,,15.85972222,18.6254
1602277,0.42,-0.36,-0.15,,,15.88402778,18.62555
1602287,0.42,-0.37,-0.14,57.27,18.6257,15.84722222,18.62575
1602297,0.38,-0.29,-0.13,,,15.90208333,18.625875
1602307,0.35,-0.31,-0.16,,,15.89583333,18.62605
1602317,0.3,-0.32,-0.21,,,15.88958333,18.626225
1602327,0.25,-0.34,-0.23,57.18,18.6264,15.97083333,18.62635
1602337,0.26,-0.35,-0.23,,,15.92083333,18.62655
1602347,0.25,-0.33,-0.22,,,15.95833333,18.6267
1602357,0.26,-0.36,-0.25,,,15.99583333,18.62685
1602367,0.29,-0.37,-0.23,57.72,18.627,15.98611111,18.627
1602377,0.3,-0.32,-0.17,,,16.04722222,18.62715
1602387,0.28,-0.32,-0.11,,,16.06111111,18.6273
1602397,0.26,-0.27,-0.11,,,16.075,18.62745
1602407,0.25,-0.34,-0.11,57.92,18.6276,16.12916667,18.62765
1602417,0.24,-0.34,-0.13,,,16.12291667,18.627775
1602427,0.22,-0.36,-0.13,,,16.15694444,18.62795
1602437,0.23,-0.37,-0.12,,,16.19097222,18.628125
1602447,0.23,-0.32,-0.11,58.41,18.6283,16.15416667,18.62825
1602457,0.32,-0.36,-0.1,,,16.22361111,18.62845
1602467,0.32,-0.34,-0.11,,,16.22222222,18.6286
1602477,0.25,-0.36,-0.14,,,16.22083333,18.62875
1602487,0.2,-0.4,-0.14,58.39,18.6289,16.25833333,18.62895
1602497,0.19,-0.41,-0.14,,,16.2375,18.629075
1602507,0.18,-0.46,-0.11,,,16.25555556,18.62925
1602517,0.17,-0.46,-0.09,,,16.27361111,18.629425
1602527,0.16,-0.47,-0.1,58.65,18.6296,16.24444444,18.6296
1602537,0.14,-0.45,-0.11,,,16.28611111,18.629775
1602547,0.12,-0.43,-0.12,,,16.28055556,18.62995
1602557,0.1,-0.46,-0.13,,,16.275,18.630125
1602567,0.09,-0.45,-0.14,58.57,18.6303,16.33472222,18.63025
1602577,0.09,-0.51,-0.17,,,16.29652778,18.63045
1602587,0.07,-0.53,-0.14,,,16.32361111,18.6306
1602597,0.07,-0.54,-0.13,,,16.35069444,18.63075
1602607,0.1,-0.56,-0.1,58.96,18.6309,16.34027778,18.63095
1602617,0.09,-0.52,-0.09,,,16.38611111,18.631075
1602627,0.08,-0.56,-0.08,,,16.39444444,18.63125
1602637,0.1,-0.57,-0.09,,,16.40277778,18.631425
1602647,0.12,-0.62,-0.11,59.08,18.6316,16.3875,18.63155
1602657,0.13,-0.64,-0.13,,,16.40763889,18.63175
1602667,0.12,-0.65,-0.08,,,16.40416667,18.6319
1602677,0.12,-0.68,-0.08,,,16.40069444,18.63205
1602687,0.15,-0.69,-0.07,59.03,18.6322,16.4,18.63225
1602697,0.2,-0.72,-0.09,,,16.39513889,18.632375
1602707,0.19,-0.72,-0.09,,,16.39305556,18.63255
1602717,0.15,-0.72,-0.09,,,16.39097222,18.632725
1602727,0.15,-0.8,-0.11,59,18.6329,16.4375,18.63285
1602737,0.17,-0.81,-0.1,,,16.41111111,18.63305
1602747,0.17,-0.86,-0.07,,,16.43333333,18.6332
1602757,0.16,-0.85,-0.03,,,16.45555556,18.63335
1602767,0.12,-0.87,-0.03,59.32,18.6335,16.40277778,18.63355
1602777,0.09,-0.91,-0.02,,,16.4625,18.633675
1602787,0.13,-0.89,-0.01,,,16.44722222,18.63385
1602797,0.11,-0.96,0.01,,,16.43194444,18.634025
1602807,0.08,-0.93,-0.01,59.1,18.6342,16.44027778,18.63415
1602817,0.05,-0.99,-0.01,,,16.41319444,18.63435
1602827,0.05,-0.99,0.01,,,16.40972222,18.6345
1602837,0.04,-1,0.01,,,16.40625,18.63465
1602847,0.03,-1.04,0.03,59.05,18.6348,16.43194444,18.63485
1602857,0.01,-1.04,0.04,,,16.41388889,18.634975
1602867,-0.01,-1.07,0.05,,,16.425,18.63515
1602877,-0.03,-1.11,0.09,,,16.43611111,18.635325
1602887,-0.06,-1.12,0.11,59.21,18.6355,16.3625,18.6355
1602897,-0.04,-1.17,0.07,,,16.41597222,18.635675
1602907,-0.04,-1.13,0.08,,,16.38472222,18.63585
1602917,-0.03,-1.16,0.13,,,16.35347222,18.636025
1602927,-0.03,-1.14,0.18,58.76,18.6362,16.36111111,18.63615
1602937,-0.04,-1.15,0.16,,,16.31041667,18.63635
1602947,-0.05,-1.22,0.22,,,16.29861111,18.6365
1602957,-0.05,-1.22,0.18,,,16.28680556,18.63665
1602967,-0.05,-1.24,0.18,58.59,18.6368,16.26805556,18.63685
1602977,-0.04,-1.25,0.19,,,16.25972222,18.636975
1602987,-0.02,-1.25,0.21,,,16.24444444,18.63715
1602997,0.01,-1.27,0.2,,,16.22916667,18.637325
1603007,0.01,-1.23,0.19,58.37,18.6375,16.15972222,18.63745
1603017,0.01,-1.28,0.2,,,16.17152778,18.63765
1603027,-0.01,-1.27,0.19,,,16.12916667,18.6378
1603037,-0.03,-1.3,0.2,,,16.08680556,18.63795
1603047,-0.02,-1.3,0.19,57.76,18.6381,16.10138889,18.63815
1603057,0,-1.28,0.17,,,16.03055556,18.638275
1603067,0,-1.31,0.16,,,16.01666667,18.63845
1603077,0.01,-1.34,0.15,,,16.00277778,18.638625
1603087,0,-1.35,0.14,57.56,18.6388,15.97083333,18.63875
1603097,-0.02,-1.39,0.15,,,15.96597222,18.63895
1603107,-0.04,-1.37,0.14,,,15.94305556,18.6391
1603117,-0.05,-1.39,0.11,,,15.92013889,18.63925
1603127,-0.06,-1.37,0.12,57.23,18.6394,15.86944444,18.6394
1603137,-0.04,-1.37,0.13,,,15.86041667,18.63955
1603147,-0.04,-1.39,0.12,,,15.82361111,18.6397
1603157,-0.05,-1.38,0.12,,,15.78680556,18.63985
1603167,-0.05,-1.43,0.12,56.7,18.64,15.83333333,18.64005
1603177,-0.03,-1.39,0.11,,,15.75486111,18.640175
1603187,-0.04,-1.34,0.09,,,15.75972222,18.64035
1603197,-0.03,-1.31,0.08,,,15.76458333,18.640525
1603207,-0.04,-1.23,0.07,56.77,18.6407,15.76388889,18.64065
1603217,-0.04,-1.19,0.07,,,15.77152778,18.64085
1603227,-0.02,-1.16,0.08,,,15.77361111,18.641
1603237,-0.02,-1.12,0.07,,,15.77569444,18.64115
1603247,-0.01,-1.1,0.07,56.8,18.6413,15.72638889,18.6413
1603257,-0.01,-1.03,0.07,,,15.75416667,18.64145
1603267,-0.01,-0.99,0.08,,,15.73055556,18.6416
1603277,-0.01,-0.95,0.08,,,15.70694444,18.64175
1603287,-0.01,-0.89,0.1,56.46,18.6419,15.75972222,18.6419
1603297,0.01,-0.88,0.1,,,15.69791667,18.64205
1603307,0.02,-0.83,0.12,,,15.7125,18.6422
1603317,0,-0.81,0.11,,,15.72708333,18.64235
1603327,-0.01,-0.75,0.11,56.67,18.6425,15.70138889,18.64255
1603337,-0.03,-0.69,0.12,,,15.73611111,18.642675
1603347,-0.05,-0.68,0.1,,,15.73055556,18.64285
1603357,-0.06,-0.65,0.09,,,15.725,18.643025
1603367,-0.07,-0.64,0.09,56.59,18.6432,15.68472222,18.64315
1603377,-0.08,-0.65,0.08,,,15.69652778,18.64335
1603387,-0.1,-0.64,0.09,,,15.67361111,18.6435
1603397,-0.1,-0.7,0.08,,,15.65069444,18.64365
1603407,-0.08,-0.7,0.07,56.26,18.6438,15.67083333,18.6438
1603417,-0.06,-0.66,0.06,,,15.62638889,18.64395
1603427,-0.06,-0.65,0.05,,,15.625,18.6441
1603437,-0.08,-0.63,0.04,,,15.62361111,18.64425
1603447,-0.08,-0.7,0.03,56.24,18.6444,15.58611111,18.6444
1603457,-0.09,-0.75,0.05,,,15.60277778,18.64455
1603467,-0.09,-0.78,0.07,,,15.58333333,18.6447
1603477,-0.08,-0.83,0.07,,,15.56388889,18.64485
1603487,-0.09,-0.81,0.08,55.96,18.645,15.53472222,18.64505
1603497,-0.09,-0.79,0.03,,,15.52013889,18.645175
1603507,-0.11,-0.77,0.04,,,15.49583333,18.64535
1603517,-0.11,-0.68,0.05,,,15.47152778,18.645525
1603527,-0.1,-0.67,0.03,55.61,18.6457,15.49166667,18.64565
1603537,-0.11,-0.63,0.07,,,15.44513889,18.64585
1603547,-0.12,-0.69,0.09,,,15.44305556,18.646
1603557,-0.13,-0.73,0.12,,,15.44097222,18.64615
1603567,-0.12,-0.72,0.1,55.58,18.6463,15.42361111,18.6463
1603577,-0.1,-0.7,0.1,,,15.42916667,18.64645
1603587,-0.08,-0.65,0.12,,,15.41944444,18.6466
1603597,-0.1,-0.55,0.09,,,15.40972222,18.64675
1603607,-0.12,-0.5,0.17,55.44,18.6469,15.38194444,18.6469
1603617,-0.13,-0.44,0.19,,,15.38125,18.64705
1603627,-0.14,-0.41,0.18,,,15.3625,18.6472
1603637,-0.14,-0.41,0.24,,,15.34375,18.64735
1603647,-0.18,-0.39,0.24,55.17,18.6475,15.31805556,18.6475
1603657,-0.2,-0.39,0.23,,,15.30277778,18.64765
1603667,-0.2,-0.32,0.22,,,15.28055556,18.6478
1603677,-0.2,-0.26,0.21,,,15.25833333,18.64795
1603687,-0.19,-0.2,0.23,54.85,18.6481,15.24444444,18.6481
1603697,-0.18,-0.13,0.26,,,15.21805556,18.64825
1603707,-0.2,-0.07,0.29,,,15.2,18.6484
1603717,-0.2,-0.08,0.32,,,15.18194444,18.64855
1603727,-0.19,-0.07,0.3,54.59,18.6487,15.13055556,18.6487
1603737,-0.18,-0.1,0.33,,,15.12916667,18.64885
1603747,-0.17,-0.07,0.36,,,15.09444444,18.649
1603757,-0.19,0.06,0.35,,,15.05972222,18.64915
1603767,-0.22,0.13,0.37,54.09,18.6493,14.98194444,18.6493
1603777,-0.23,0.23,0.39,,,14.96875,18.64945
1603787,-0.2,0.26,0.4,,,14.9125,18.6496
1603797,-0.2,0.24,0.44,,,14.85625,18.64975
1603807,-0.22,0.27,0.44,53.28,18.6499,14.8625,18.6499
1603817,-0.26,0.27,0.41,,,14.775,18.65005
1603827,-0.28,0.31,0.43,,,14.75,18.6502
1603837,-0.27,0.36,0.43,,,14.725,18.65035
1603847,-0.23,0.42,0.45,52.92,18.6505,14.65555556,18.6505
1603857,-0.2,0.52,0.44,,,14.65277778,18.65065
1603867,-0.19,0.61,0.42,,,14.60555556,18.6508
1603877,-0.18,0.61,0.4,,,14.55833333,18.65095
1603887,-0.19,0.6,0.36,52.24,18.6511,14.48472222,18.6511
1603897,-0.19,0.63,0.33,,,14.45069444,18.65125
1603907,-0.19,0.65,0.3,,,14.39027778,18.6514
1603917,-0.18,0.77,0.29,,,14.32986111,18.65155
1603927,-0.16,0.84,0.24,51.37,18.6517,14.39583333,18.65165
1603937,-0.16,0.9,0.2,,,14.27222222,18.651825
1603947,-0.15,0.95,0.18,,,14.275,18.65195
1603957,-0.13,0.96,0.2,,,14.27777778,18.652075
1603967,-0.09,0.96,0.2,51.41,18.6522,14.22361111,18.65225
1603977,-0.07,0.99,0.19,,,14.25486111,18.65235
1603987,-0.08,0.95,0.2,,,14.22916667,18.6525
1603997,-0.1,0.94,0.17,,,14.20347222,18.65265
1604007,-0.1,0.98,0.14,51.04,18.6528,14.24444444,18.6528
1604017,-0.11,1.03,0.11,,,14.18541667,18.65295
1604027,-0.11,1.09,0.12,,,14.19305556,18.6531
1604037,-0.11,1.14,0.14,,,14.20069444,18.65325
1604047,-0.09,1.15,0.13,51.15,18.6534,14.125,18.65335
1604057,-0.06,1.15,0.12,,,14.17430556,18.653525
1604067,-0.05,1.16,0.13,,,14.14027778,18.65365
1604077,-0.04,1.12,0.16,,,14.10625,18.653775
1604087,-0.05,1.14,0.17,50.66,18.6539,14.13888889,18.65395
1604097,-0.06,1.21,0.14,,,14.07152778,18.65405
1604107,-0.06,1.25,0.13,,,14.07083333,18.6542
1604117,-0.07,1.3,0.11,,,14.07013889,18.65435
1604127,-0.07,1.33,0.09,50.65,18.6545,14.05555556,18.6545
1604137,-0.06,1.3,0.14,,,14.06180556,18.65465
1604147,-0.05,1.29,0.16,,,14.05416667,18.6548
1604157,-0.04,1.29,0.18,,,14.04652778,18.65495
1604167,-0.04,1.29,0.18,50.54,18.6551,14.00416667,18.65505
1604177,-0.04,1.28,0.18,,,14.01388889,18.655225
1604187,-0.04,1.3,0.2,,,13.98888889,18.65535
1604197,-0.04,1.31,0.18,,,13.96388889,18.655475
1604207,-0.07,1.38,0.16,50.18,18.6556,13.95694444,18.65565
1604217,-0.08,1.41,0.16,,,13.92291667,18.65575
1604227,-0.07,1.43,0.17,,,13.90694444,18.6559
1604237,-0.07,1.45,0.19,,,13.89097222,18.65605
1604247,-0.05,1.43,0.19,49.95,18.6562,13.87777778,18.65615
1604257,-0.02,1.4,0.2,,,13.86041667,18.656325
1604267,-0.02,1.4,0.18,,,13.84583333,18.65645
1604277,-0.02,1.41,0.17,,,13.83125,18.656575
1604287,-0.03,1.39,0.14,49.74,18.6567,13.49027778,18.65675
1604297,-0.04,1.44,0.11,,,13.63888889,18.65685
1604307,-0.05,1.44,0.1,,,13.46111111,18.657
1604317,-0.07,1.48,0.11,,,13.28333333,18.65715
1604327,-0.07,1.51,0.11,47.18,18.6573,13.74305556,18.65725
1604337,-0.05,1.5,0.12,,,13.24652778,18.657425
1604347,-0.02,1.5,0.1,,,13.3875,18.65755
1604357,0.01,1.48,0.1,,,13.52847222,18.657675
1604367,0.02,1.45,0.12,49.21,18.6578,13.32361111,18.6578
1604377,0.02,1.43,0.11,,,13.6375,18.657925
1604387,0.01,1.43,0.12,,,13.60555556,18.65805
1604397,0.01,1.4,0.12,,,13.57361111,18.658175
1604407,0.01,1.4,0.13,48.75,18.6583,13.54722222,18.65835
1604417,0.01,1.4,0.15,,,13.5125,18.65845
1604427,0.01,1.39,0.15,,,13.48333333,18.6586
1604437,0.03,1.39,0.18,,,13.45416667,18.65875
1604447,0.05,1.39,0.17,48.33,18.6589,13.42638889,18.65885
1604457,0.06,1.37,0.17,,,13.39652778,18.659025
1604467,0.06,1.37,0.2,,,13.36805556,18.65915
1604477,0.03,1.4,0.18,,,13.33958333,18.659275
1604487,0.05,1.37,0.16,47.92,18.6594,13.35694444,18.6594
1604497,0.04,1.38,0.13,,,13.30555556,18.659525
1604507,0,1.37,0.1,,,13.3,18.65965
1604517,0.03,1.38,0.09,,,13.29444444,18.659775
1604527,0.07,1.41,0.03,47.84,18.6599,13.22361111,18.65995
1604537,0.07,1.41,0.01,,,13.25069444,18.66005
1604547,0.09,1.41,-0.05,,,13.2125,18.6602
1604557,0.15,1.46,-0.08,,,13.17430556,18.66035
1604567,0.16,1.46,-0.12,47.29,18.6605,13.24583333,18.66045
1604577,0.2,1.45,-0.08,,,13.15277778,18.660625
1604587,0.16,1.44,-0.07,,,13.16944444,18.66075
1604597,0.16,1.45,-0.1,,,13.18611111,18.660875
1604607,0.23,1.47,-0.16,47.53,18.661,13.18333333,18.661
1604617,0.29,1.52,-0.2,,,13.20972222,18.661125
1604627,0.31,1.49,-0.22,,,13.21666667,18.66125
1604637,0.25,1.49,-0.17,,,13.22361111,18.661375
1604647,0.16,1.46,-0.06,47.63,18.6615,13.2,18.66155
1604657,0.11,1.45,-0.02,,,13.22222222,18.66165
1604667,0.13,1.44,-0.07,,,13.21388889,18.6618
1604677,0.2,1.41,-0.11,,,13.20555556,18.66195
1604687,0.21,1.36,-0.11,47.51,18.6621,13.19722222,18.66205
1604697,0.18,1.33,-0.07,,,13.18888889,18.662225
1604707,0.16,1.31,-0.02,,,13.18055556,18.66235
1604717,0.1,1.28,-0.01,,,13.17222222,18.662475
1604727,0.05,1.29,-0.03,47.39,18.6626,13.35694444,18.6626
1604737,0.06,1.29,-0.06,,,13.25208333,18.662725
1604747,0.13,1.28,-0.13,,,13.34027778,18.66285
1604757,0.17,1.3,-0.16,,,13.42847222,18.662975
1604767,0.16,1.28,-0.12,48.66,18.6631,13.22361111,18.66315
1604777,0.13,1.25,-0.06,,,13.45833333,18.66325
1604787,0.09,1.23,-0.04,,,13.4,18.6634
1604797,0.09,1.23,-0.08,,,13.34166667,18.66355
1604807,0.18,1.21,-0.14,47.82,18.6637,13.38055556,18.66365
1604817,0.23,1.18,-0.19,,,13.27361111,18.663825
1604827,0.28,1.17,-0.22,,,13.26388889,18.66395
1604837,0.28,1.19,-0.19,,,13.25416667,18.664075
1604847,0.25,1.22,-0.16,47.68,18.6642,13.31666667,18.6642
1604857,0.2,1.23,-0.12,,,13.27083333,18.664325
1604867,0.11,1.2,-0.05,,,13.29722222,18.66445
1604877,0.03,1.17,0,,,13.32361111,18.664575
1604887,-0.06,1.15,0,48.06,18.6647,13.27638889,18.66475
1604897,-0.08,1.12,-0.05,,,13.33958333,18.66485
1604907,-0.11,1.09,-0.04,,,13.32916667,18.665
1604917,-0.11,1.05,-0.07,,,13.31875,18.66515
1604927,-0.09,1.02,-0.14,47.91,18.6653,13.36805556,18.66525
1604937,-0.04,1,-0.21,,,13.32777778,18.665425
1604947,0.04,0.93,-0.24,,,13.34722222,18.66555
1604957,0.13,0.87,-0.26,,,13.36666667,18.665675
1604967,0.24,0.83,-0.26,48.19,18.6658,13.34166667,18.6658
1604977,0.34,0.74,-0.26,,,13.38333333,18.665925
1604987,0.42,0.68,-0.24,,,13.38055556,18.66605
1604997,0.47,0.63,-0.18,,,13.37777778,18.666175
1605007,0.49,0.53,-0.13,48.15,18.6663,13.40972222,18.66635
1605017,0.45,0.47,-0.1,,,13.38958333,18.66645
1605027,0.37,0.45,-0.02,,,13.40416667,18.6666
1605037,0.32,0.38,0.03,,,13.41875,18.66675
1605047,0.31,0.31,0.02,48.36,18.6669,13.40694444,18.66685
1605057,0.33,0.24,-0.06,,,13.43472222,18.667025
1605067,0.37,0.12,-0.15,,,13.43611111,18.66715
1605077,0.37,0.05,-0.3,,,13.4375,18.667275
1605087,0.38,0.02,-0.43,48.38,18.6674,13.52638889,18.6674
1605097,0.42,-0.01,-0.53,,,13.48402778,18.667525
1605107,0.4,0,-0.53,,,13.52916667,18.66765
1605117,0.31,0.01,-0.42,,,13.57430556,18.667775
1605127,0.23,0,-0.25,49.03,18.6679,13.48611111,18.66795
1605137,0.19,0,-0.2,,,13.59791667,18.66805
1605147,0.23,-0.03,-0.2,,,13.57638889,18.6682
1605157,0.28,-0.08,-0.28,,,13.55486111,18.66835
1605167,0.34,-0.13,-0.34,48.72,18.6685,13.63472222,18.66845
1605177,0.31,-0.19,-0.33,,,13.5625,18.668625
1605187,0.28,-0.23,-0.24,,,13.59166667,18.66875
1605197,0.28,-0.24,-0.12,,,13.62083333,18.668875
1605207,0.21,-0.26,-0.08,49.14,18.669,13.64305556,18.66905
1605217,0.27,-0.3,-0.18,,,13.67569444,18.66915
1605227,0.31,-0.27,-0.26,,,13.70138889,18.6693
1605237,0.29,-0.27,-0.22,,,13.72708333,18.66945
1605247,0.23,-0.28,-0.13,49.51,18.6696,13.74722222,18.66955
1605257,0.18,-0.31,-0.05,,,13.77569444,18.669725
1605267,0.19,-0.32,-0.05,,,13.79861111,18.66985
1605277,0.22,-0.3,-0.05,,,13.82152778,18.669975
1605287,0.26,-0.27,-0.04,49.84,18.6701,13.82777778,18.67015
1605297,0.21,-0.29,0.05,,,13.85902778,18.67025
1605307,0.2,-0.25,0.02,,,13.87361111,18.6704
1605317,0.25,-0.22,-0.02,,,13.88819444,18.67055
1605327,0.27,-0.23,-0.06,50.05,18.6707,13.87916667,18.67065
1605337,0.21,-0.2,-0.05,,,13.90555556,18.670825
1605347,0.15,-0.25,-0.05,,,13.90833333,18.67095
1605357,0.19,-0.32,-0.08,,,13.91111111,18.671075
1605367,0.18,-0.32,-0.11,50.09,18.6712,13.98472222,18.67125
1605377,0.17,-0.32,-0.13,,,13.95208333,18.67135
1605387,0.19,-0.34,-0.13,,,13.99027778,18.6715
1605397,0.25,-0.29,-0.13,,,14.02847222,18.67165
1605407,0.18,-0.31,-0.13,50.64,18.6718,13.99305556,18.67175
1605417,0.15,-0.33,-0.15,,,14.06805556,18.671925
1605427,0.17,-0.32,-0.23,,,14.06944444,18.67205
1605437,0.15,-0.37,-0.22,,,14.07083333,18.672175
1605447,0.12,-0.41,-0.22,50.66,18.6723,14.10555556,18.67235
1605457,0.12,-0.47,-0.26,,,14.09027778,18.67245
1605467,0.14,-0.56,-0.3,,,14.10833333,18.6726
1605477,0.11,-0.6,-0.23,,,14.12638889,18.67275
1605487,0.11,-0.65,-0.21,50.92,18.6729,14.15277778,18.6729
1605497,0.15,-0.66,-0.23,,,14.16666667,18.67305
1605507,0.13,-0.68,-0.18,,,14.18888889,18.6732
1605517,0.12,-0.71,-0.15,,,14.21111111,18.67335
1605527,0.1,-0.74,-0.13,51.24,18.6735,14.24166667,18.67345
1605537,0.12,-0.77,-0.13,,,14.25972222,18.673625
1605547,0.14,-0.8,-0.12,,,14.28611111,18.67375
1605557,0.15,-0.83,-0.14,,,14.3125,18.673875
1605567,0.15,-0.87,-0.15,51.62,18.674,14.24722222,18.67405
1605577,0.17,-0.9,-0.18,,,14.31944444,18.67415
1605587,0.13,-0.89,-0.18,,,14.3,18.6743
1605597,0.1,-0.95,-0.2,,,14.28055556,18.67445
1605607,0.08,-0.97,-0.17,51.34,18.6746,14.33472222,18.6746
1605617,0.09,-1.01,-0.17,,,14.27847222,18.67475
1605627,0.12,-1.04,-0.17,,,14.29583333,18.6749
1605637,0.11,-1.03,-0.17,,,14.31319444,18.67505
1605647,0.12,-1,-0.17,51.59,18.6752,14.33055556,18.6752
1605657,0.16,-1.07,-0.16,,,14.34791667,18.67535
1605667,0.14,-1.09,-0.19,,,14.36527778,18.6755
1605677,0.15,-1.13,-0.2,,,14.38263889,18.67565
1605687,0.15,-1.1,-0.19,51.84,18.6758,14.40277778,18.67575
1605697,0.15,-1.04,-0.19,,,14.41875,18.675925
1605707,0.26,-1.03,-0.13,,,14.4375,18.67605
1605717,0.28,-1.02,-0.09,,,14.45625,18.676175
1605727,0.26,-1.03,-0.08,52.11,18.6763,14.47222222,18.67635
1605737,0.27,-0.99,-0.09,,,14.49236111,18.67645
1605747,0.28,-0.91,-0.11,,,14.50972222,18.6766
1605757,0.29,-0.95,-0.18,,,14.52708333,18.67675
1605767,0.28,-0.99,-0.2,52.36,18.6769,14.50833333,18.6769
1605777,0.24,-1,-0.19,,,14.54375,18.67705
1605787,0.22,-1.04,-0.18,,,14.54305556,18.6772
1605797,0.24,-0.99,-0.17,,,14.54236111,18.67735
1605807,0.21,-1.01,-0.13,52.35,18.6775,14.61111111,18.6775
1605817,0.3,-1.02,-0.15,,,14.57569444,18.67765
1605827,0.3,-1.01,-0.17,,,14.60972222,18.6778
1605837,0.35,-0.98,-0.18,,,14.64375,18.67795
1605847,0.36,-0.98,-0.18,52.84,18.6781,14.64027778,18.6781
1605857,0.35,-0.94,-0.18,,,14.69305556,18.67825
1605867,0.32,-0.97,-0.17,,,14.70833333,18.6784
1605877,0.27,-0.92,-0.13,,,14.72361111,18.67855
1605887,0.26,-0.94,-0.1,53.06,18.6787,14.75694444,18.6787
1605897,0.33,-0.93,-0.12,,,14.76319444,18.67885
1605907,0.33,-0.88,-0.15,,,14.7875,18.679
1605917,0.32,-0.89,-0.18,,,14.81180556,18.67915
1605927,0.29,-0.87,-0.17,53.41,18.6793,14.81111111,18.6793
1605937,0.28,-0.85,-0.17,,,14.84791667,18.67945
1605947,0.26,-0.84,-0.14,,,14.85972222,18.6796
1605957,0.26,-0.83,-0.12,,,14.87152778,18.67975
1605967,0.25,-0.87,-0.13,53.58,18.6799,14.90694444,18.6799
1605977,0.28,-0.89,-0.13,,,14.90694444,18.68005
1605987,0.33,-0.84,-0.15,,,14.93055556,18.6802
1605997,0.39,-0.83,-0.17,,,14.95416667,18.68035
1606007,0.37,-0.79,-0.22,53.92,18.6805,14.9625,18.6805
1606017,0.34,-0.83,-0.26,,,14.99375,18.68065
1606027,0.37,-0.83,-0.27,,,15.00972222,18.6808
1606037,0.33,-0.81,-0.21,,,15.02569444,18.68095
1606047,0.3,-0.83,-0.2,54.15,18.6811,15.10138889,18.6811
1606057,0.26,-0.84,-0.2,,,15.0875,18.68125
1606067,0.24,-0.83,-0.21,,,15.13333333,18.6814
1606077,0.28,-0.83,-0.24,,,15.17916667,18.68155
1606087,0.31,-0.74,-0.27,54.81,18.6817,15.12638889,18.6817
1606097,0.27,-0.71,-0.27,,,15.22152778,18.68185
1606107,0.23,-0.66,-0.24,,,15.21805556,18.682
1606117,0.2,-0.65,-0.24,,,15.21458333,18.68215
1606127,0.22,-0.67,-0.26,54.76,18.6823,15.28333333,18.6823
1606137,0.22,-0.67,-0.25,,,15.24375,18.68245
1606147,0.23,-0.66,-0.27,,,15.27638889,18.6826
1606157,0.23,-0.64,-0.26,,,15.30902778,18.68275
1606167,0.23,-0.58,-0.27,55.23,18.6829,15.27916667,18.6829
1606177,0.28,-0.56,-0.25,,,15.34305556,18.68305
1606187,0.25,-0.51,-0.23,,,15.34444444,18.6832
1606197,0.21,-0.5,-0.19,,,15.34583333,18.68335
1606207,0.21,-0.52,-0.21,55.25,18.6835,15.44305556,18.6835
1606217,0.19,-0.51,-0.22,,,15.39652778,18.68365
1606227,0.28,-0.55,-0.22,,,15.44583333,18.6838
1606237,0.29,-0.49,-0.25,,,15.49513889,18.68395
1606247,0.37,-0.46,-0.27,55.96,18.6841,15.41527778,18.6841
1606257,0.36,-0.45,-0.23,,,15.52916667,18.68425
1606267,0.3,-0.43,-0.2,,,15.51388889,18.6844
1606277,0.31,-0.45,-0.16,,,15.49861111,18.68455
1606287,0.33,-0.43,-0.17,55.74,18.6847,15.60555556,18.68475
1606297,0.34,-0.46,-0.18,,,15.52916667,18.684875
1606307,0.35,-0.49,-0.17,,,15.575,18.68505
1606317,0.33,-0.45,-0.21,,,15.62083333,18.685225
1606327,0.37,-0.49,-0.24,56.4,18.6854,15.59722222,18.68535
1606337,0.44,-0.46,-0.23,,,15.67777778,18.68555
1606347,0.36,-0.44,-0.22,,,15.68888889,18.6857
1606357,0.37,-0.45,-0.2,,,15.7,18.68585
1606367,0.32,-0.45,-0.21,56.56,18.686,15.73611111,18.686
1606377,0.33,-0.52,-0.23,,,15.73472222,18.68615
1606387,0.36,-0.52,-0.24,,,15.75833333,18.6863
1606397,0.33,-0.52,-0.24,,,15.78194444,18.68645
1606407,0.34,-0.51,-0.24,56.9,18.6866,15.77361111,18.6866
1606417,0.36,-0.48,-0.25,,,15.81319444,18.68675
1606427,0.32,-0.48,-0.23,,,15.82083333,18.6869
1606437,0.3,-0.44,-0.22,,,15.82847222,18.68705
1606447,0.26,-0.45,-0.2,57.01,18.6872,15.91388889,18.68725
1606457,0.26,-0.49,-0.16,,,15.88263889,18.687375
1606467,0.25,-0.47,-0.15,,,15.92916667,18.68755
1606477,0.26,-0.48,-0.15,,,15.97569444,18.687725
1606487,0.26,-0.46,-0.12,57.68,18.6879,15.90972222,18.68785
1606497,0.31,-0.48,-0.12,,,16.0125,18.68805
1606507,0.28,-0.47,-0.11,,,16.00277778,18.6882
1606517,0.25,-0.42,-0.12,,,15.99305556,18.68835
1606527,0.23,-0.46,-0.1,57.54,18.6885,16.05277778,18.68855
1606537,0.26,-0.47,-0.09,,,16.00833333,18.688675
1606547,0.29,-0.49,-0.09,,,16.03333333,18.68885
1606557,0.32,-0.49,-0.11,,,16.05833333,18.689025
1606567,0.3,-0.46,-0.13,57.9,18.6892,16.04166667,18.68915
1606577,0.28,-0.47,-0.15,,,16.0875,18.68935
1606587,0.24,-0.43,-0.14,,,16.09166667,18.6895
1606597,0.2,-0.45,-0.14,,,16.09583333,18.68965
1606607,0.23,-0.47,-0.15,57.96,18.6898,16.17222222,18.68985
1606617,0.25,-0.47,-0.15,,,16.14027778,18.689975
1606627,0.26,-0.47,-0.16,,,16.18055556,18.69015
1606637,0.26,-0.39,-0.2,,,16.22083333,18.690325
1606647,0.24,-0.41,-0.19,58.54,18.6905,16.19861111,18.69045
1606657,0.21,-0.34,-0.18,,,16.27013889,18.69065
1606667,0.21,-0.34,-0.17,,,16.27916667,18.6908
1606677,0.18,-0.35,-0.14,,,16.28819444,18.69095
1606687,0.16,-0.33,-0.15,58.67,18.6911,16.36527778,18.69115
1606697,0.21,-0.37,-0.17,,,16.34027778,18.691275
1606707,0.22,-0.3,-0.18,,,16.38333333,18.69145
1606717,0.26,-0.28,-0.23,,,16.42638889,18.691625
1606727,0.22,-0.22,-0.22,59.29,18.6918,16.41388889,18.69175
1606737,0.2,-0.16,-0.18,,,16.48472222,18.69195
1606747,0.17,-0.17,-0.14,,,16.5,18.6921
1606757,0.16,-0.13,-0.14,,,16.51527778,18.69225
1606767,0.21,-0.18,-0.12,59.51,18.6924,16.50833333,18.69245
1606777,0.21,-0.17,-0.1,,,16.53472222,18.692575
1606787,0.26,-0.17,-0.1,,,16.53888889,18.69275
1606797,0.28,-0.17,-0.1,,,16.54305556,18.692925
1606807,0.24,-0.12,-0.08,59.57,18.6931,16.58333333,18.69305
1606817,0.27,-0.12,-0.09,,,16.56944444,18.69325
1606827,0.23,-0.07,-0.1,,,16.59166667,18.6934
1606837,0.18,-0.11,-0.06,,,16.61388889,18.69355
1606847,0.22,-0.09,-0.09,59.89,18.6937,16.62083333,18.69375
1606857,0.19,-0.07,-0.14,,,16.65069444,18.693875
1606867,0.19,-0.07,-0.14,,,16.66527778,18.69405
1606877,0.24,-0.02,-0.15,,,16.67986111,18.694225
1606887,0.27,-0.05,-0.14,60.1,18.6944,16.725,18.6944
1606897,0.27,0.01,-0.11,,,16.72430556,18.694575
1606907,0.27,-0.03,-0.13,,,16.75416667,18.69475
1606917,0.26,-0.04,-0.14,,,16.78402778,18.694925
1606927,0.26,0,-0.15,60.53,18.6951,16.74166667,18.6951
1606937,0.24,-0.02,-0.18,,,16.80763889,18.695275
1606947,0.22,0.04,-0.2,,,16.80138889,18.69545
1606957,0.21,0.04,-0.17,,,16.79513889,18.695625
1606967,0.18,0.08,-0.16,60.44,18.6958,16.93472222,18.69575
1606977,0.16,0.09,-0.14,,,16.85555556,18.69595
1606987,0.15,0.08,-0.14,,,16.92222222,18.6961
1606997,0.15,0.08,-0.13,,,16.98888889,18.69625
1607007,0.2,0.05,-0.13,61.4,18.6964,16.875,18.69645
1607017,0.21,0.13,-0.15,,,17.03194444,18.696575
1607027,0.24,0.1,-0.12,,,17.00833333,18.69675
1607037,0.23,0.17,-0.07,,,16.98472222,18.696925
1607047,0.21,0.18,-0.07,61.06,18.6971,17.09861111,18.6971
1607057,0.19,0.2,-0.08,,,17.00625,18.697275
1607067,0.25,0.24,-0.09,,,17.05138889,18.69745
1607077,0.26,0.2,-0.11,,,17.09652778,18.697625
1607087,0.26,0.23,-0.1,61.71,18.6978,17.06944444,18.6978
1607097,0.29,0.16,-0.09,,,17.15069444,18.697975
1607107,0.29,0.21,-0.09,,,17.15972222,18.69815
1607117,0.26,0.18,-0.04,,,17.16875,18.698325
1607127,0.25,0.2,-0.05,61.84,18.6985,17.17916667,18.6985
1607137,0.25,0.21,-0.07,,,17.1875,18.698675
1607147,0.27,0.21,-0.11,,,17.19722222,18.69885
1607157,0.34,0.26,-0.14,,,17.20694444,18.699025
1607167,0.34,0.22,-0.15,61.98,18.6992,17.24027778,18.69915
1607177,0.3,0.26,-0.18,,,17.23819444,18.69935
1607187,0.27,0.22,-0.19,,,17.25972222,18.6995
1607197,0.21,0.23,-0.2,,,17.28125,18.69965
1607207,0.18,0.22,-0.19,62.29,18.6998,17.29166667,18.69985
1607217,0.18,0.18,-0.21,,,17.31875,18.699975
1607227,0.2,0.24,-0.22,,,17.33472222,18.70015
1607237,0.21,0.21,-0.2,,,17.35069444,18.700325
1607247,0.23,0.28,-0.18,62.52,18.7005,17.39583333,18.7005
1607257,0.21,0.26,-0.15,,,17.39722222,18.700675
1607267,0.18,0.31,-0.14,,,17.42777778,18.70085
1607277,0.24,0.29,-0.11,,,17.45833333,18.701025
1607287,0.27,0.25,-0.17,62.96,18.7012,17.44583333,18.7012
1607297,0.3,0.24,-0.16,,,17.49791667,18.701375
1607307,0.4,0.23,-0.15,,,17.50694444,18.70155
1607317,0.43,0.29,-0.15,,,17.51597222,18.701725
1607327,0.45,0.29,-0.12,63.09,18.7019,17.54166667,18.7019
1607337,0.41,0.33,-0.12,,,17.54236111,18.702075
1607347,0.36,0.27,-0.11,,,17.55972222,18.70225
1607357,0.36,0.29,-0.1,,,17.57708333,18.702425
1607367,0.35,0.29,-0.1,63.34,18.7026,17.57083333,18.7026
1607377,0.4,0.25,-0.13,,,17.6,18.702775
1607387,0.47,0.25,-0.11,,,17.60555556,18.70295
1607397,0.48,0.23,-0.1,,,17.61111111,18.703125
1607407,0.4,0.28,-0.1,63.42,18.7033,17.66388889,18.7033
1607417,0.36,0.21,-0.09,,,17.64583333,18.703475
1607427,0.34,0.22,-0.07,,,17.675,18.70365
1607437,0.37,0.17,-0.12,,,17.70416667,18.703825
1607447,0.37,0.22,-0.13,63.84,18.704,17.71666667,18.70405
1607457,0.4,0.24,-0.14,,,17.75416667,18.7042
1607467,0.35,0.23,-0.18,,,17.775,18.7044
1607477,0.28,0.22,-0.16,,,17.79583333,18.7046
1607487,0.24,0.19,-0.15,64.14,18.7048,17.77916667,18.70475
1607497,0.18,0.22,-0.17,,,17.81875,18.704975
1607507,0.23,0.16,-0.21,,,17.82083333,18.70515
1607517,0.26,0.21,-0.25,,,17.82291667,18.705325
1607527,0.28,0.18,-0.22,64.17,18.7055,17.83888889,18.7055
1607537,0.25,0.27,-0.24,,,17.83402778,18.705675
1607547,0.2,0.24,-0.21,,,17.84305556,18.70585
1607557,0.15,0.23,-0.17,,,17.85208333,18.706025
1607567,0.12,0.23,-0.2,64.3,18.7062,17.92222222,18.7062
1607577,0.12,0.23,-0.2,,,17.90069444,18.706375
1607587,0.12,0.27,-0.21,,,17.94027778,18.70655
1607597,0.15,0.2,-0.17,,,17.97986111,18.706725
1607607,0.16,0.25,-0.18,64.87,18.7069,17.94444444,18.7069
1607617,0.17,0.18,-0.12,,,18.02152778,18.707075
1607627,0.2,0.22,-0.1,,,18.02361111,18.70725
1607637,0.22,0.15,-0.13,,,18.02569444,18.707425
1607647,0.18,0.22,-0.14,64.9,18.7076,18.05138889,18.7076
1607657,0.2,0.18,-0.15,,,18.04166667,18.707775
1607667,0.22,0.21,-0.14,,,18.05555556,18.70795
1607677,0.25,0.22,-0.13,,,18.06944444,18.708125
1607687,0.25,0.22,-0.13,65.1,18.7083,18.12083333,18.70835
1607697,0.23,0.26,-0.11,,,18.11597222,18.7085
1607707,0.24,0.2,-0.08,,,18.14861111,18.7087
1607717,0.24,0.29,-0.09,,,18.18125,18.7089
1607727,0.24,0.23,-0.11,65.57,18.7091,18.15833333,18.70905
1607737,0.22,0.3,-0.1,,,18.21875,18.709275
1607747,0.21,0.25,-0.08,,,18.22361111,18.70945
1607757,0.17,0.33,-0.06,,,18.22847222,18.709625
1607767,0.16,0.3,-0.08,65.64,18.7098,18.26805556,18.7098
1607777,0.14,0.33,-0.09,,,18.25555556,18.709975
1607787,0.13,0.34,-0.1,,,18.27777778,18.71015
1607797,0.16,0.34,-0.1,,,18.3,18.710325
1607807,0.18,0.36,-0.11,65.96,18.7105,18.31111111,18.71055
1607817,0.23,0.33,-0.1,,,18.33888889,18.7107
1607827,0.19,0.39,-0.12,,,18.35555556,18.7109
1607837,0.14,0.33,-0.11,,,18.37222222,18.7111
1607847,0.1,0.38,-0.14,66.2,18.7113,18.34444444,18.71125
1607857,0.07,0.32,-0.18,,,18.38333333,18.711475
1607867,0.06,0.39,-0.21,,,18.37777778,18.71165
1607877,0.1,0.32,-0.22,,,18.37222222,18.711825
1607887,0.12,0.38,-0.18,66.12,18.712,18.42083333,18.712
1607897,0.12,0.31,-0.18,,,18.38819444,18.712175
1607907,0.12,0.32,-0.2,,,18.40972222,18.71235
1607917,0.1,0.28,-0.22,,,18.43125,18.712525
1607927,0.1,0.3,-0.2,66.43,18.7127,18.43888889,18.71275
1607937,0.12,0.32,-0.19,,,18.46736111,18.7129
1607947,0.14,0.28,-0.22,,,18.48194444,18.7131
1607957,0.12,0.3,-0.17,,,18.49652778,18.7133
1607967,0.11,0.25,-0.15,66.64,18.7135,18.5375,18.71345
1607977,0.11,0.26,-0.16,,,18.53888889,18.713675
1607987,0.15,0.18,-0.11,,,18.56666667,18.71385
1607997,0.17,0.23,-0.13,,,18.59444444,18.714025
1608007,0.18,0.17,-0.12,67.04,18.7142,18.59166667,18.71425
1608017,0.17,0.26,-0.09,,,18.63472222,18.7144
1608027,0.15,0.2,-0.09,,,18.64722222,18.7146
1608037,0.14,0.24,-0.07,,,18.65972222,18.7148
1608047,0.14,0.17,-0.11,67.22,18.715,18.63194444,18.71495
1608057,0.12,0.19,-0.13,,,18.66458333,18.715175
1608067,0.16,0.17,-0.14,,,18.65694444,18.71535
1608077,0.16,0.18,-0.13,,,18.64930556,18.715525
1608087,0.13,0.22,-0.12,67.11,18.7157,18.70833333,18.71575
1608097,0.12,0.22,-0.1,,,18.66736111,18.7159
1608107,0.1,0.24,-0.09,,,18.69305556,18.7161
1608117,0.11,0.19,-0.11,,,18.71875,18.7163
1608127,0.13,0.23,-0.09,67.48,18.7165,18.68611111,18.71645
1608137,0.14,0.2,-0.13,,,18.74097222,18.716675
1608147,0.13,0.26,-0.12,,,18.7375,18.71685
1608157,0.15,0.19,-0.08,,,18.73402778,18.717025
1608167,0.11,0.26,-0.06,67.43,18.7172,18.83888889,18.71725
1608177,0.09,0.16,-0.04,,,18.78125,18.7174
1608187,0.17,0.25,-0.01,,,18.83194444,18.7176
1608197,0.2,0.2,-0.04,,,18.88263889,18.7178
1608207,0.2,0.29,-0.1,68.16,18.718,18.83472222,18.71795
1608217,0.18,0.23,-0.08,,,18.93472222,18.718175
1608227,0.17,0.31,-0.02,,,18.93611111,18.71835
1608237,0.17,0.24,-0.05,,,18.9375,18.718525
1608247,0.18,0.22,-0.07,68.18,18.7187,18.93611111,18.71875
1608257,0.19,0.19,-0.07,,,18.93888889,18.7189
1608267,0.19,0.19,-0.07,,,18.93888889,18.7191
1608277,0.2,0.22,-0.11,,,18.93888889,18.7193
1608287,0.22,0.23,-0.13,68.18,18.7195,18.97083333,18.71945
1608297,0.2,0.28,-0.08,,,18.95486111,18.719675
1608307,0.17,0.23,-0.07,,,18.97083333,18.71985
1608317,0.17,0.23,-0.08,,,18.98680556,18.720025
1608327,0.17,0.14,-0.12,68.41,18.7202,19.00833333,18.72025
1608337,0.17,0.21,-0.14,,,19.02152778,18.7204
1608347,0.26,0.14,-0.09,,,19.04027778,18.7206
1608357,0.27,0.25,-0.08,,,19.05902778,18.7208
1608367,0.26,0.17,-0.09,68.68,18.721,19.05972222,18.721
1608377,0.2,0.22,-0.05,,,19.0875,18.7212
1608387,0.18,0.11,-0.07,,,19.09722222,18.7214
1608397,0.2,0.17,-0.14,,,19.10694444,18.7216
1608407,0.21,0.09,-0.18,68.82,18.7218,19.14305556,18.72175
1608417,0.21,0.17,-0.17,,,19.13958333,18.721975
1608427,0.21,0.12,-0.09,,,19.1625,18.72215
1608437,0.21,0.19,-0.08,,,19.18541667,18.722325
1608447,0.24,0.09,-0.1,69.15,18.7225,19.15694444,18.72255
1608457,0.26,0.1,-0.15,,,19.20555556,18.7227
1608467,0.29,0.04,-0.17,,,19.20277778,18.7229
1608477,0.28,0.08,-0.11,,,19.2,18.7231
1608487,0.28,0.08,-0.08,69.11,18.7233,19.21944444,18.7233
1608497,0.26,0.12,-0.08,,,19.20555556,18.7235
1608507,0.21,0.09,-0.11,,,19.21388889,18.7237
1608517,0.17,0.06,-0.13,,,19.22222222,18.7239
1608527,0.21,0.04,-0.09,69.23,18.7241,19.25833333,18.72405
1608537,0.23,0.02,-0.07,,,19.25277778,18.724275
1608547,0.24,0.1,-0.07,,,19.275,18.72445
1608557,0.24,0.12,-0.08,,,19.29722222,18.724625
1608567,0.24,0.14,-0.08,69.55,18.7248,19.31111111,18.72485
1608577,0.22,0.08,-0.1,,,19.3375,18.725
1608587,0.22,0.11,-0.08,,,19.35555556,18.7252
1608597,0.25,0.05,-0.03,,,19.37361111,18.7254
1608607,0.32,0.12,-0.01,69.81,18.7256,19.37777778,18.7256
1608617,0.36,0.09,0,,,19.40277778,18.7258
1608627,0.31,0.19,0.01,,,19.41388889,18.726
1608637,0.25,0.07,0,,,19.425,18.7262
1608647,0.25,0.13,-0.09,69.97,18.7264,19.44583333,18.7264
1608657,0.31,0.01,-0.11,,,19.45208333,18.7266
1608667,0.33,0.11,-0.16,,,19.46805556,18.7268
1608677,0.31,0.04,-0.09,,,19.48402778,18.727
1608687,0.27,0.15,-0.11,70.2,18.7272,19.50694444,18.72715
1608697,0.23,0.05,-0.08,,,19.51944444,18.727375
1608707,0.19,0.1,-0.01,,,19.53888889,18.72755
1608717,0.21,0.03,0.02,,,19.55833333,18.727725
1608727,0.21,0.12,0.04,70.48,18.7279,19.54166667,18.72795
1608737,0.26,0.07,0.02,,,19.57916667,18.7281
1608747,0.26,0.19,-0.03,,,19.58055556,18.7283
1608757,0.22,0.15,-0.04,,,19.58194444,18.7285
1608767,0.19,0.18,0,70.5,18.7287,19.60416667,18.7287
1608777,0.16,0.09,-0.06,,,19.59513889,18.7289
1608787,0.15,0.15,-0.11,,,19.60694444,18.7291
1608797,0.19,0.11,-0.11,,,19.61875,18.7293
1608807,0.21,0.18,-0.14,70.67,18.7295,19.62777778,18.7295
1608817,0.24,0.16,-0.12,,,19.64097222,18.7297
1608827,0.22,0.2,-0.07,,,19.65138889,18.7299
1608837,0.18,0.1,-0.01,,,19.66180556,18.7301
1608847,0.18,0.12,0.01,70.82,18.7303,19.69583333,18.7303
1608857,0.17,0.08,0.03,,,19.69444444,18.7305
1608867,0.17,0.16,0.05,,,19.71666667,18.7307
1608877,0.16,0.17,0.04,,,19.73888889,18.7309
1608887,0.14,0.25,0.01,71.14,18.7311,19.70833333,18.7311
1608897,0.13,0.21,0,,,19.75694444,18.7313
1608907,0.14,0.22,-0.04,,,19.75277778,18.7315
1608917,0.17,0.19,-0.06,,,19.74861111,18.7317
1608927,0.24,0.27,-0.07,71.08,18.7319,19.8,18.7319
1608937,0.27,0.27,-0.08,,,19.76805556,18.7321
1608947,0.27,0.32,-0.07,,,19.79166667,18.7323
1608957,0.31,0.26,-0.08,,,19.81527778,18.7325
1608967,0.32,0.25,-0.12,71.42,18.7327,19.79166667,18.7327
1608977,0.33,0.17,-0.15,,,19.83888889,18.7329
1608987,0.39,0.22,-0.15,,,19.83888889,18.7331
1608997,0.37,0.22,-0.13,,,19.83888889,18.7333
1609007,0.37,0.29,-0.1,71.42,18.7335,19.90416667,18.7335
1609017,0.37,0.26,-0.08,,,19.87152778,18.7337
1609027,0.35,0.26,-0.11,,,19.90416667,18.7339
1609037,0.33,0.22,-0.15,,,19.93680556,18.7341
1609047,0.29,0.24,-0.16,71.89,18.7343,19.93611111,18.7343
1609057,0.27,0.2,-0.16,,,19.98541667,18.7345
1609067,0.21,0.27,-0.11,,,20.00138889,18.7347
1609077,0.16,0.28,-0.07,,,20.01736111,18.7349
1609087,0.13,0.33,-0.07,72.12,18.7351,20.00416667,18.7351
1609097,0.11,0.27,-0.06,,,20.03472222,18.7353
1609107,0.1,0.25,-0.06,,,20.03611111,18.7355
1609117,0.12,0.18,-0.1,,,20.0375,18.7357
1609127,0.13,0.19,-0.1,72.14,18.7359,20.03333333,18.7359
1609137,0.12,0.12,-0.07,,,20.0375,18.7361
1609147,0.09,0.13,-0.07,,,20.03611111,18.7363
1609157,0.07,0.1,-0.1,,,20.03472222,18.7365
1609167,0.07,0.13,-0.1,72.12,18.7367,20.06944444,18.7367
1609177,0.08,0.08,-0.12,,,20.05,18.7369
1609187,0.1,0.14,-0.14,,,20.06666667,18.7371
1609197,0.1,0.11,-0.13,,,20.08333333,18.7373
1609207,0.15,0.12,-0.15,72.36,18.7375,20.09861111,18.7375
1609217,0.23,0.07,-0.16,,,20.11597222,18.7377
1609227,0.21,0.13,-0.17,,,20.13194444,18.7379
1609237,0.19,0.1,-0.15,,,20.14791667,18.7381
1609247,0.17,0.14,-0.1,72.59,18.7383,20.16111111,18.7383
1609257,0.17,0.11,-0.07,,,20.17847222,18.7385
1609267,0.14,0.15,-0.02,,,20.19305556,18.7387
1609277,0.11,0.09,-0.06,,,20.20763889,18.7389
1609287,0.1,0.12,-0.09,72.8,18.7391,20.1875,18.7391
1609297,0.1,0.09,-0.1,,,20.21944444,18.7393
1609307,0.16,0.17,-0.13,,,20.21666667,18.7395
1609317,0.2,0.12,-0.1,,,20.21388889,18.7397
1609327,0.24,0.19,-0.1,72.76,18.7399,20.27916667,18.7399
1609337,0.23,0.17,-0.06,,,20.24236111,18.7401
1609347,0.24,0.21,-0.05,,,20.27361111,18.7403
1609357,0.22,0.13,-0.1,,,20.30486111,18.7405
1609367,0.28,0.21,-0.12,73.21,18.7407,20.28055556,18.7407
1609377,0.28,0.19,-0.11,,,20.33958333,18.7409
1609387,0.24,0.26,-0.11,,,20.34305556,18.7411
1609397,0.24,0.19,-0.14,,,20.34652778,18.7413
1609407,0.3,0.26,-0.13,73.26,18.7415,20.36527778,18.7415
1609417,0.25,0.18,-0.09,,,20.36111111,18.7417
1609427,0.26,0.22,-0.13,,,20.37222222,18.7419
1609437,0.26,0.22,-0.15,,,20.38333333,18.7421
1609447,0.31,0.29,-0.14,73.42,18.7423,20.40972222,18.7423
1609457,0.29,0.25,-0.13,,,20.41319444,18.7425
1609467,0.31,0.28,-0.14,,,20.43194444,18.7427
1609477,0.25,0.22,-0.12,,,20.45069444,18.7429
1609487,0.21,0.25,-0.12,73.69,18.7431,20.46388889,18.74315
1609497,0.21,0.26,-0.12,,,20.48541667,18.743325
1609507,0.23,0.33,-0.09,,,20.50138889,18.74355
1609517,0.25,0.29,-0.06,,,20.51736111,18.743775
1609527,0.29,0.29,-0.04,73.92,18.744,20.48888889,18.74395
1609537,0.26,0.23,-0.06,,,20.52708333,18.7442
1609547,0.24,0.25,-0.11,,,20.52083333,18.7444
1609557,0.21,0.28,-0.1,,,20.51458333,18.7446
1609567,0.22,0.32,-0.1,73.83,18.7448,20.54583333,18.7448
1609577,0.2,0.37,-0.1,,,20.52083333,18.745
1609587,0.18,0.3,-0.07,,,20.53333333,18.7452
1609597,0.19,0.3,-0.13,,,20.54583333,18.7454
1609607,0.21,0.23,-0.15,74.01,18.7456,20.58194444,18.7456
1609617,0.24,0.28,-0.14,,,20.58263889,18.7458
1609627,0.19,0.31,-0.13,,,20.60694444,18.746
1609637,0.19,0.39,-0.1,,,20.63125,18.7462
1609647,0.26,0.34,-0.06,74.36,18.7464,20.63333333,18.74645
1609657,0.33,0.36,-0.11,,,20.66875,18.746625
1609667,0.39,0.3,-0.1,,,20.68194444,18.74685
1609677,0.41,0.28,-0.08,,,20.69513889,18.747075
1609687,0.41,0.28,-0.08,74.55,18.7473,20.73472222,18.74725
1609697,0.35,0.38,-0.06,,,20.73472222,18.7475
1609707,0.37,0.36,-0.07,,,20.76111111,18.7477
1609717,0.32,0.38,-0.01,,,20.7875,18.7479
1609727,0.28,0.32,-0.03,74.93,18.7481,20.70833333,18.7481
1609737,0.27,0.34,-0.04,,,20.7875,18.7483
1609747,0.27,0.34,-0.03,,,20.76111111,18.7485
1609757,0.23,0.38,0,,,20.73472222,18.7487
1609767,0.19,0.39,-0.01,74.55,18.7489,20.81388889,18.74895
1609777,0.17,0.43,-0.04,,,20.73472222,18.749125
1609787,0.2,0.38,-0.02,,,20.76111111,18.74935
1609797,0.21,0.37,-0.02,,,20.7875,18.749575
1609807,0.2,0.39,-0.06,74.93,18.7498,20.85277778,18.74975
1609817,0.2,0.43,-0.06,,,20.85972222,18.75
1609827,0.22,0.42,-0.06,,,20.90555556,18.7502
1609837,0.24,0.43,-0.12,,,20.95138889,18.7504
1609847,0.26,0.43,-0.13,75.59,18.7506,20.85694444,18.7506
1609857,0.25,0.4,-0.08,,,20.97291667,18.7508
1609867,0.24,0.45,-0.09,,,20.94861111,18.751
1609877,0.23,0.42,-0.08,,,20.92430556,18.7512
1609887,0.19,0.48,-0.11,75.24,18.7514,20.95555556,18.75145
1609897,0.16,0.42,-0.13,,,20.90347222,18.751625
1609907,0.18,0.45,-0.12,,,20.90694444,18.75185
1609917,0.18,0.43,-0.11,,,20.91041667,18.752075
1609927,0.18,0.49,-0.12,75.29,18.7523,20.91805556,18.75225
1609937,0.17,0.48,-0.06,,,20.91944444,18.7525
1609947,0.22,0.48,-0.09,,,20.925,18.7527
1609957,0.2,0.4,-0.1,,,20.93055556,18.7529
1609967,0.24,0.38,-0.1,75.37,18.7531,20.9875,18.75315
1609977,0.26,0.36,-0.06,,,20.96736111,18.753325
1609987,0.28,0.39,-0.07,,,20.99861111,18.75355
1609997,0.25,0.44,-0.05,,,21.02986111,18.753775
1610007,0.23,0.46,-0.05,75.82,18.754,21.00972222,18.75395
1610017,0.22,0.41,-0.05,,,21.06666667,18.7542
1610027,0.27,0.35,-0.09,,,21.07222222,18.7544
1610037,0.25,0.32,-0.01,,,21.07777778,18.7546
1610047,0.28,0.3,-0.01,75.9,18.7548,21.04722222,18.7548
1610057,0.28,0.34,-0.02,,,21.07083333,18.755
1610067,0.26,0.34,-0.02,,,21.05833333,18.7552
1610077,0.24,0.36,-0.05,,,21.04583333,18.7554
1610087,0.23,0.3,-0.08,75.72,18.7556,21.1375,18.75565
1610097,0.25,0.31,-0.05,,,21.07291667,18.755825
1610107,0.25,0.28,-0.05,,,21.1125,18.75605
1610117,0.26,0.35,-0.07,,,21.15208333,18.756275
1610127,0.26,0.33,-0.06,76.29,18.7565,21.12777778,18.75645
1610137,0.27,0.35,-0.06,,,21.19930556,18.7567
1610147,0.27,0.31,-0.05,,,21.20694444,18.7569
1610157,0.29,0.3,-0.05,,,21.21458333,18.7571
1610167,0.28,0.31,-0.06,76.4,18.7573,21.20694444,18.75735
1610177,0.31,0.36,-0.06,,,21.22222222,18.757525
1610187,0.28,0.38,-0.05,,,21.22222222,18.75775
1610197,0.25,0.37,-0.05,,,21.22222222,18.757975
1610207,0.3,0.35,-0.03,76.4,18.7582,21.29583333,18.75815
1610217,0.3,0.26,0.01,,,21.25902778,18.7584
1610227,0.36,0.31,0.01,,,21.29583333,18.7586
1610237,0.35,0.33,-0.01,,,21.33263889,18.7588
1610247,0.32,0.37,-0.05,76.93,18.759,21.25694444,18.75905
1610257,0.32,0.35,-0.06,,,21.35,18.759225
1610267,0.29,0.36,-0.01,,,21.33055556,18.75945
1610277,0.29,0.31,-0.05,,,21.31111111,18.759675
1610287,0.32,0.34,-0.07,76.65,18.7599,21.35,18.75985
1610297,0.33,0.36,-0.04,,,21.30138889,18.7601
1610307,0.32,0.38,-0.02,,,21.31111111,18.7603
1610317,0.31,0.37,0,,,21.32083333,18.7605
1610327,0.34,0.36,-0.04,76.79,18.7607,21.3375,18.76075
1610337,0.39,0.37,-0.06,,,21.34375,18.760925
1610347,0.42,0.37,-0.05,,,21.35694444,18.76115
1610357,0.34,0.44,-0.02,,,21.37013889,18.761375
1610367,0.33,0.41,-0.02,76.98,18.7616,21.3625,18.7616
1610377,0.33,0.45,-0.05,,,21.38611111,18.761825
1610387,0.36,0.41,-0.06,,,21.38888889,18.76205
1610397,0.35,0.42,-0.06,,,21.39166667,18.762275
1610407,0.3,0.42,-0.03,77.02,18.7625,21.42916667,18.76245
1610417,0.27,0.46,-0.06,,,21.41458333,18.7627
1610427,0.23,0.43,-0.08,,,21.43472222,18.7629
1610437,0.24,0.43,-0.03,,,21.45486111,18.7631
1610447,0.19,0.4,-0.01,77.31,18.7633,21.425,18.76335
1610457,0.21,0.38,-0.04,,,21.47013889,18.763525
1610467,0.19,0.4,-0.02,,,21.46527778,18.76375
1610477,0.18,0.41,-0.04,,,21.46041667,18.763975
1610487,0.17,0.41,0,77.24,18.7642,21.47777778,18.76415
1610497,0.18,0.35,-0.05,,,21.46180556,18.7644
1610507,0.2,0.35,-0.06,,,21.46805556,18.7646
1610517,0.23,0.35,-0.04,,,21.47430556,18.7648
1610527,0.23,0.41,-0.01,77.33,18.765,21.49583333,18.76505
1610537,0.2,0.38,0.02,,,21.49444444,18.765225
1610547,0.19,0.4,0,,,21.50833333,18.76545
1610557,0.13,0.35,0.01,,,21.52222222,18.765675
1610567,0.11,0.35,0,77.53,18.7659,21.55416667,18.76585
1610577,0.07,0.35,0.05,,,21.55902778,18.7661
1610587,0.05,0.4,0.08,,,21.58194444,18.7663
1610597,0.01,0.4,0.07,,,21.60486111,18.7665
1610607,-0.01,0.4,0.09,77.86,18.7667,21.52083333,18.76675
1610617,-0.08,0.37,0.1,,,21.59722222,18.766925
1610627,-0.13,0.33,0.1,,,21.56666667,18.76715
1610637,-0.15,0.35,0.18,,,21.53611111,18.767375
1610647,-0.15,0.35,0.21,77.42,18.7676,21.52222222,18.7676
1610657,-0.17,0.39,0.2,,,21.48333333,18.767825
1610667,-0.17,0.38,0.21,,,21.46111111,18.76805
1610677,-0.18,0.37,0.24,,,21.43888889,18.768275
1610687,-0.16,0.28,0.27,77.1,18.7685,21.36388889,18.76845
1610697,-0.17,0.31,0.32,,,21.36805556,18.7687
1610707,-0.19,0.28,0.35,,,21.31944444,18.7689
1610717,-0.2,0.31,0.39,,,21.27083333,18.7691
1610727,-0.22,0.26,0.41,76.4,18.7693,21.31527778,18.76935
1610737,-0.25,0.28,0.38,,,21.22013889,18.769525
1610747,-0.29,0.26,0.39,,,21.21805556,18.76975
1610757,-0.3,0.29,0.4,,,21.21597222,18.769975
1610767,-0.29,0.27,0.45,76.37,18.7702,20.97638889,18.77015
1610777,-0.29,0.27,0.46,,,21.09305556,18.7704
1610787,-0.3,0.22,0.43,,,20.97222222,18.7706
1610797,-0.31,0.21,0.42,,,20.85138889,18.7708
1610807,-0.31,0.19,0.44,74.63,18.771,20.8875,18.771
1610817,-0.29,0.17,0.42,,,20.68819444,18.7712
1610827,-0.29,0.19,0.42,,,20.64583333,18.7714
1610837,-0.28,0.19,0.44,,,20.60347222,18.7716
1610847,-0.3,0.17,0.42,74.02,18.7718,20.55416667,18.77185
1610857,-0.27,0.13,0.41,,,20.51527778,18.772025
1610867,-0.27,0.11,0.42,,,20.46944444,18.77225
1610877,-0.25,0.1,0.42,,,20.42361111,18.772475
1610887,-0.23,0.09,0.43,73.36,18.7727,20.39305556,18.77265
1610897,-0.2,0.09,0.44,,,20.33958333,18.7729
1610907,-0.2,0.05,0.47,,,20.30138889,18.7731
1610917,-0.21,0.03,0.5,,,20.26319444,18.7733
1610927,-0.22,-0.04,0.52,72.81,18.7735,20.19305556,18.7735
1610937,-0.22,-0.05,0.5,,,20.17083333,18.7737
1610947,-0.24,-0.08,0.5,,,20.11666667,18.7739
1610957,-0.24,-0.04,0.47,,,20.0625,18.7741
1610967,-0.29,-0.1,0.47,72.03,18.7743,19.97361111,18.7743
1610977,-0.3,-0.05,0.47,,,19.93680556,18.7745
1610987,-0.31,-0.14,0.48,,,19.86527778,18.7747
1610997,-0.32,-0.05,0.49,,,19.79375,18.7749
1611007,-0.33,-0.11,0.51,71,18.7751,19.73333333,18.7751
1611017,-0.32,0.01,0.46,,,19.65625,18.7753
1611027,-0.33,-0.07,0.49,,,19.59027778,18.7755
1611037,-0.34,-0.02,0.49,,,19.52430556,18.7757
1611047,-0.36,-0.12,0.47,70.05,18.7759,19.49027778,18.77585
1611057,-0.37,-0.06,0.44,,,19.40833333,18.776075
1611067,-0.39,-0.15,0.45,,,19.35833333,18.77625
1611077,-0.39,-0.08,0.43,,,19.30833333,18.776425
1611087,-0.38,-0.1,0.44,69.33,18.7766,19.25277778,18.77665
1611097,-0.38,0.01,0.45,,,19.20555556,18.7768
1611107,-0.39,0,0.43,,,19.15277778,18.777
1611117,-0.38,0.02,0.48,,,19.1,18.7772
1611127,-0.39,-0.02,0.51,68.57,18.7774,19.01805556,18.77735
1611137,-0.37,-0.03,0.53,,,18.97986111,18.777575
1611147,-0.35,-0.02,0.55,,,18.9125,18.77775
1611157,-0.32,-0.06,0.56,,,18.84513889,18.777925
1611167,-0.3,-0.03,0.58,67.6,18.7781,18.80277778,18.77815
1611177,-0.3,-0.04,0.58,,,18.72291667,18.7783
1611187,-0.32,0,0.59,,,18.66805556,18.7785
1611197,-0.34,-0.08,0.63,,,18.61319444,18.7787
1611207,-0.35,-0.06,0.64,66.81,18.7789,18.47916667,18.77885
1611217,-0.35,-0.11,0.63,,,18.46388889,18.779075
1611227,-0.35,-0.09,0.64,,,18.36944444,18.77925
1611237,-0.33,-0.15,0.62,,,18.275,18.779425
1611247,-0.33,-0.17,0.67,65.45,18.7796,18.23055556,18.77965
1611257,-0.35,-0.19,0.64,,,18.11111111,18.7798
1611267,-0.37,-0.22,0.66,,,18.04166667,18.78
1611277,-0.39,-0.26,0.66,,,17.97222222,18.7802
1611287,-0.37,-0.27,0.65,64.45,18.7804,17.90833333,18.78035
1611297,-0.35,-0.2,0.63,,,17.83611111,18.780575
1611307,-0.37,-0.24,0.6,,,17.76944444,18.78075
1611317,-0.39,-0.26,0.6,,,17.70277778,18.780925
1611327,-0.41,-0.31,0.57,63.49,18.7811,17.6125,18.7811
1611337,-0.43,-0.35,0.57,,,17.55763889,18.781275
1611347,-0.46,-0.35,0.57,,,17.47916667,18.78145
1611357,-0.45,-0.42,0.54,,,17.40069444,18.781625
1611367,-0.44,-0.37,0.53,62.36,18.7818,17.3625,18.7818
1611377,-0.41,-0.38,0.49,,,17.26388889,18.781975
1611387,-0.4,-0.41,0.49,,,17.20555556,18.78215
1611397,-0.41,-0.42,0.48,,,17.14722222,18.782325
1611407,-0.4,-0.47,0.48,61.52,18.7825,17.09305556,18.78245
1611417,-0.38,-0.43,0.46,,,17.03263889,18.78265
1611427,-0.38,-0.45,0.46,,,16.97638889,18.7828
1611437,-0.37,-0.42,0.44,,,16.92013889,18.78295
1611447,-0.35,-0.41,0.45,60.71,18.7831,16.84166667,18.78315
1611457,-0.34,-0.42,0.45,,,16.79652778,18.783275
1611467,-0.34,-0.39,0.44,,,16.72916667,18.78345
1611477,-0.33,-0.43,0.46,,,16.66180556,18.783625
1611487,-0.33,-0.42,0.47,59.74,18.7838,16.6375,18.7838
1611497,-0.33,-0.42,0.47,,,16.54861111,18.783975
1611507,-0.3,-0.44,0.48,,,16.50277778,18.78415
1611517,-0.28,-0.37,0.47,,,16.45694444,18.784325
1611527,-0.26,-0.37,0.48,59.08,18.7845,16.39583333,18.78445
1611537,-0.27,-0.36,0.49,,,16.35763889,18.78465
1611547,-0.28,-0.37,0.48,,,16.30416667,18.7848
1611557,-0.29,-0.39,0.48,,,16.25069444,18.78495
1611567,-0.3,-0.35,0.5,58.31,18.7851,16.20277778,18.78515
1611577,-0.33,-0.4,0.53,,,16.14652778,18.785275
1611587,-0.31,-0.4,0.51,,,16.09583333,18.78545
1611597,-0.3,-0.39,0.47,,,16.04513889,18.785625
1611607,-0.28,-0.39,0.47,57.58,18.7858,15.99722222,18.78575
1611617,-0.28,-0.36,0.47,,,15.94513889,18.78595
1611627,-0.31,-0.4,0.46,,,15.89583333,18.7861
1611637,-0.32,-0.41,0.45,,,15.84652778,18.78625
1611647,-0.32,-0.42,0.43,56.87,18.7864,15.77361111,18.7864
1611657,-0.32,-0.46,0.41,,,15.73611111,18.78655
1611667,-0.33,-0.44,0.4,,,15.675,18.7867
1611677,-0.34,-0.43,0.39,,,15.61388889,18.78685
1611687,-0.33,-0.43,0.37,55.99,18.787,15.54305556,18.787
1611697,-0.33,-0.39,0.35,,,15.48680556,18.78715
1611707,-0.35,-0.45,0.37,,,15.42083333,18.7873
1611717,-0.35,-0.47,0.37,,,15.35486111,18.78745
1611727,-0.34,-0.49,0.36,55.04,18.7876,15.36111111,18.7876
1611737,-0.34,-0.52,0.37,,,15.25902778,18.78775
1611747,-0.33,-0.53,0.38,,,15.22916667,18.7879
1611757,-0.31,-0.56,0.37,,,15.19930556,18.78805
1611767,-0.28,-0.56,0.4,54.61,18.7882,15.10972222,18.78825
1611777,-0.26,-0.56,0.43,,,15.10972222,18.788375
1611787,-0.24,-0.57,0.36,,,15.05,18.78855
1611797,-0.25,-0.6,0.37,,,14.99027778,18.788725
1611807,-0.26,-0.61,0.39,53.75,18.7889,14.95833333,18.78885
1611817,-0.27,-0.65,0.41,,,14.88472222,18.78905
1611827,-0.27,-0.66,0.42,,,14.83888889,18.7892
1611837,-0.25,-0.67,0.42,,,14.79305556,18.78935
1611847,-0.23,-0.71,0.39,53.09,18.7895,14.74583333,18.78945
1611857,-0.21,-0.71,0.39,,,14.70069444,18.789625
1611867,-0.21,-0.75,0.4,,,14.65416667,18.78975
1611877,-0.21,-0.78,0.4,,,14.60763889,18.789875
1611887,-0.21,-0.8,0.38,52.42,18.79,14.51666667,18.79005
1611897,-0.19,-0.82,0.37,,,14.49236111,18.79015
1611907,-0.19,-0.84,0.4,,,14.42361111,18.7903
1611917,-0.21,-0.83,0.41,,,14.35486111,18.79045
1611927,-0.23,-0.86,0.39,51.43,18.7906,14.34583333,18.7906
1611937,-0.22,-0.88,0.34,,,14.24722222,18.79075
1611947,-0.23,-0.89,0.33,,,14.20833333,18.7909
1611957,-0.25,-0.94,0.37,,,14.16944444,18.79105
1611967,-0.24,-0.95,0.38,50.87,18.7912,14.14444444,18.79115
1611977,-0.25,-0.95,0.4,,,14.09861111,18.791325
1611987,-0.26,-0.97,0.4,,,14.06666667,18.79145
1611997,-0.26,-0.96,0.39,,,14.03472222,18.791575
1612007,-0.25,-0.96,0.37,50.41,18.7917,13.97777778,18.79175
1612017,-0.21,-0.98,0.35,,,13.95833333,18.79185
1612027,-0.21,-0.94,0.34,,,13.91388889,18.792
1612037,-0.21,-0.94,0.31,,,13.86944444,18.79215
1612047,-0.22,-0.97,0.32,49.77,18.7923,13.83888889,18.7923
1612057,-0.23,-0.98,0.37,,,13.7875,18.79245
1612067,-0.24,-0.96,0.39,,,13.75,18.7926
1612077,-0.25,-0.94,0.41,,,13.7125,18.79275
1612087,-0.25,-0.91,0.42,49.23,18.7929,13.63333333,18.79285
1612097,-0.24,-0.9,0.42,,,13.61666667,18.793025
1612107,-0.21,-0.91,0.42,,,13.55833333,18.79315
1612117,-0.19,-0.87,0.42,,,13.5,18.793275
1612127,-0.2,-0.87,0.43,48.39,18.7934,13.51944444,18.7934
1612137,-0.2,-0.86,0.42,,,13.42222222,18.793525
1612147,-0.2,-0.85,0.43,,,13.40277778,18.79365
1612157,-0.21,-0.82,0.47,,,13.38333333,18.793775
1612167,-0.22,-0.83,0.47,48.11,18.7939,13.26666667,18.79395
1612177,-0.21,-0.8,0.45,,,13.29583333,18.79405
1612187,-0.19,-0.76,0.43,,,13.22777778,18.7942
1612197,-0.18,-0.75,0.4,,,13.15972222,18.79435
1612207,-0.18,-0.73,0.39,47.13,18.7945,13.19722222,18.79445
1612217,-0.17,-0.7,0.4,,,13.07638889,18.794625
1612227,-0.16,-0.68,0.44,,,13.06111111,18.79475
1612237,-0.14,-0.67,0.46,,,13.04583333,18.794875
1612247,-0.12,-0.66,0.45,46.91,18.795,12.99166667,18.795
1612257,-0.11,-0.65,0.39,,,12.99583333,18.795125
1612267,-0.12,-0.61,0.36,,,12.96111111,18.79525
1612277,-0.13,-0.56,0.35,,,12.92638889,18.795375
1612287,-0.13,-0.51,0.33,46.41,18.7955,12.93611111,18.7955
1612297,-0.12,-0.47,0.31,,,12.87916667,18.795625
1612307,-0.12,-0.41,0.29,,,12.86666667,18.79575
1612317,-0.13,-0.38,0.26,,,12.85416667,18.795875
1612327,-0.13,-0.35,0.24,46.23,18.796,12.81805556,18.796
1612337,-0.14,-0.29,0.23,,,12.81736111,18.796125
1612347,-0.14,-0.28,0.21,,,12.79305556,18.79625
1612357,-0.11,-0.23,0.18,,,12.76875,18.796375
1612367,-0.11,-0.17,0.15,45.88,18.7965,12.74861111,18.7965
1612377,-0.11,-0.07,0.13,,,12.72222222,18.796625
1612387,-0.09,-0.02,0.13,,,12.7,18.79675
1612397,-0.08,0.05,0.12,,,12.67777778,18.796875
1612407,-0.07,0.13,0.12,45.56,18.797,12.6875,18.797
1612417,-0.06,0.18,0.1,,,12.64930556,18.797125
1612427,-0.08,0.29,0.12,,,12.64305556,18.79725
1612437,-0.08,0.33,0.15,,,12.63680556,18.797375
1612447,-0.07,0.36,0.17,45.47,18.7975,12.63611111,18.7975
1612457,-0.07,0.39,0.09,,,12.62708333,18.797625
1612467,-0.09,0.46,0.08,,,12.62361111,18.79775
1612477,-0.08,0.52,0.09,,,12.62013889,18.797875
1612487,-0.05,0.55,0.09,45.42,18.798,12.65694444,18.798
1612497,-0.03,0.6,0.09,,,12.63333333,18.798125
1612507,-0.01,0.65,0.11,,,12.65,18.79825
1612517,0.01,0.67,0.11,,,12.66666667,18.798375
1612527,0.01,0.71,0.11,45.66,18.7985,12.63611111,18.7985
1612537,0,0.73,0.13,,,12.67638889,18.798625
1612547,0,0.77,0.15,,,12.66944444,18.79875
1612557,0,0.83,0.15,,,12.6625,18.798875
1612567,-0.02,0.84,0.17,45.56,18.799,12.63194444,18.799
1612577,-0.04,0.87,0.15,,,12.63680556,18.799125
1612587,-0.04,0.92,0.12,,,12.61805556,18.79925
1612597,-0.04,0.95,0.11,,,12.59930556,18.799375
1612607,-0.03,0.97,0.08,45.29,18.7995,12.575,18.79955
1612617,-0.03,1,0.09,,,12.55902778,18.79965
1612627,-0.02,1.03,0.11,,,12.5375,18.7998
1612637,-0.01,0.99,0.1,,,12.51597222,18.79995
1612647,0,0.99,0.08,44.98,18.8001,12.5375,18.80005
1612657,-0.02,1.03,0.06,,,12.49444444,18.800225
1612667,-0.05,1.06,0.07,,,12.49444444,18.80035
1612677,-0.03,1.05,0.06,,,12.49444444,18.800475
1612687,-0.04,1.06,0.08,44.98,18.8006,12.45972222,18.8006
1612697,-0.04,1.06,0.09,,,12.47708333,18.800725
1612707,-0.04,1.05,0.08,,,12.45972222,18.80085
1612717,-0.05,1.07,0.1,,,12.44236111,18.800975
1612727,-0.05,1.12,0.13,44.73,18.8011,12.46944444,18.8011
1612737,-0.03,1.13,0.13,,,12.42986111,18.801225
1612747,-0.03,1.12,0.11,,,12.43472222,18.80135
1612757,-0.02,1.11,0.14,,,12.43958333,18.801475
1612767,-0.03,1.14,0.11,44.8,18.8016,12.42916667,18.8016
1612777,-0.04,1.13,0.09,,,12.44166667,18.801725
1612787,-0.04,1.16,0.1,,,12.43888889,18.80185
1612797,-0.02,1.18,0.08,,,12.43611111,18.801975
1612807,-0.01,1.18,0.08,44.76,18.8021,12.52777778,18.8021
1612817,0.01,1.19,0.11,,,12.47777778,18.802225
1612827,0.01,1.2,0.09,,,12.52222222,18.80235
1612837,0,1.17,0.12,,,12.56666667,18.802475
1612847,0,1.2,0.1,45.4,18.8026,12.33472222,18.8026
1612857,0.01,1.23,0.12,,,12.51736111,18.802725
1612867,0.02,1.22,0.11,,,12.42361111,18.80285
1612877,0.04,1.18,0.1,,,12.32986111,18.802975
1612887,0.06,1.18,0.08,44.05,18.8031,12.38472222,18.8031
1612897,0.02,1.18,0.14,,,12.21666667,18.803225
1612907,-0.03,1.17,0.17,,,12.19722222,18.80335
1612917,0.02,1.18,0.11,,,12.17777778,18.803475
1612927,0.04,1.16,0.06,43.77,18.8036,12.19722222,18.80355
1612937,0.04,1.17,0.06,,,12.15833333,18.8037
1612947,0.08,1.17,0.04,,,12.15833333,18.8038
1612957,0.05,1.14,0.13,,,12.15833333,18.8039
1612967,0.02,1.17,0.08,43.77,18.804,12.16805556,18.80405
1612977,0.04,1.14,0.02,,,12.16319444,18.804125
1612987,0.01,1.15,0.05,,,12.16805556,18.80425
1612997,0.02,1.19,0.03,,,12.17291667,18.804375
1613007,0.03,1.16,-0.04,43.84,18.8045,12.12777778,18.8045
1613017,0,1.15,0.06,,,12.15763889,18.804625
1613027,0.03,1.18,-0.02,,,12.1375,18.80475
1613037,0.03,1.15,0,,,12.11736111,18.804875
1613047,0.04,1.18,0.04,43.55,18.805,12.12777778,18.805
1613057,0.05,1.16,-0.02,,,12.09236111,18.805125
1613067,0.05,1.14,0.05,,,12.0875,18.80525
1613077,0.05,1.1,0.03,,,12.08263889,18.805375
1613087,0.04,1.07,0.06,43.48,18.8055,12.09027778,18.8055
1613097,0.05,1.05,0.01,,,12.07916667,18.805625
1613107,0.07,1.01,-0.01,,,12.08055556,18.80575
1613117,0.05,1.02,0.06,,,12.08194444,18.805875
1613127,0.08,1,-0.02,43.5,18.806,12.05833333,18.806
1613137,0.06,0.95,0.01,,,12.07222222,18.806125
1613147,0.05,0.93,0.02,,,12.06111111,18.80625
1613157,0.04,0.88,0.04,,,12.05,18.806375
1613167,0.04,0.85,0.07,43.34,18.8065,12.01805556,18.8065
1613177,0.06,0.77,0.02,,,12.01736111,18.806625
1613187,0.04,0.72,0.06,,,11.99583333,18.80675
1613197,0.05,0.66,0.02,,,11.97430556,18.806875
1613207,0.03,0.59,0.03,43.03,18.807,12.05,18.80695
1613217,0.04,0.55,-0.03,,,11.97986111,18.8071
1613227,0.01,0.51,0.04,,,12.00694444,18.8072
1613237,0.01,0.43,0.03,,,12.03402778,18.8073
1613247,0.01,0.33,0.04,43.42,18.8074,11.94027778,18.80745
1613257,0.01,0.27,0.02,,,12.02777778,18.807525
1613267,-0.01,0.2,0.03,,,11.99444444,18.80765
1613277,-0.02,0.12,0.08,,,11.96111111,18.807775
1613287,0,0.05,0.01,42.94,18.8079,11.96666667,18.8079
1613297,0.03,-0.03,0.01,,,11.91388889,18.808025
1613307,-0.01,-0.1,-0.06,,,11.9,18.80815
1613317,0.01,-0.14,-0.08,,,11.88611111,18.808275
1613327,0.01,-0.22,0.01,42.74,18.8084,11.90277778,18.8084
1613337,0.01,-0.26,0.03,,,11.87361111,18.808525
1613347,0.02,-0.3,0.06,,,11.875,18.80865
1613357,0,-0.31,0.06,,,11.87638889,18.808775
1613367,0.04,-0.36,0.07,42.76,18.8089,11.8875,18.80885
1613377,0.03,-0.4,0.03,,,11.88402778,18.809
1613387,0.01,-0.41,0,,,11.89027778,18.8091
1613397,0.02,-0.49,0.06,,,11.89652778,18.8092
1613407,-0.01,-0.49,-0.03,42.85,18.8093,11.89027778,18.80935
1613417,0.02,-0.51,-0.04,,,11.90277778,18.809425
1613427,0.03,-0.56,0.01,,,11.90277778,18.80955
1613437,-0.03,-0.58,-0.07,,,11.90277778,18.809675
1613447,0.02,-0.65,0.02,42.85,18.8098,11.89166667,18.8098
1613457,-0.02,-0.7,0.01,,,11.89722222,18.809925
1613467,0,-0.72,-0.01,,,11.89166667,18.81005
1613477,-0.01,-0.75,-0.01,,,11.88611111,18.810175
1613487,-0.04,-0.73,-0.01,42.77,18.8103,11.93194444,18.8103
1613497,0.01,-0.74,0.03,,,11.90069444,18.810425
1613507,0.05,-0.78,-0.04,,,11.92083333,18.81055
1613517,0.02,-0.8,-0.12,,,11.94097222,18.810675
1613527,0.1,-0.81,-0.09,43.06,18.8108,11.90972222,18.81075
1613537,0.08,-0.83,-0.18,,,11.95555556,18.8109
1613547,0.04,-0.79,-0.16,,,11.95,18.811
1613557,0.09,-0.81,-0.13,,,11.94444444,18.8111
1613567,0.06,-0.85,-0.17,42.98,18.8112,11.95416667,18.81125
1613577,0.07,-0.86,-0.12,,,11.94097222,18.811325
1613587,0.08,-0.92,-0.09,,,11.94305556,18.81145
1613597,0.03,-0.93,-0.12,,,11.94513889,18.811575
1613607,0.06,-0.95,-0.08,43.01,18.8117,11.94583333,18.8117
1613617,0.09,-0.92,-0.09,,,11.94861111,18.811825
1613627,0.04,-0.87,-0.13,,,11.95,18.81195
1613637,0.1,-0.87,-0.08,,,11.95138889,18.812075
1613647,0.15,-0.88,-0.03,43.03,18.8122,11.97916667,18.8122
1613657,0.09,-0.85,-0.06,,,11.96736111,18.812325
1613667,0.1,-0.85,0,,,11.98194444,18.81245
1613677,0.15,-0.89,0,,,11.99652778,18.812575
1613687,0.11,-0.88,-0.06,43.24,18.8127,12.01666667,18.81265
1613697,0.1,-0.87,-0.02,,,12.02847222,18.8128
1613707,0.16,-0.9,0.04,,,12.04583333,18.8129
1613717,0.13,-0.95,0,,,12.06319444,18.813
1613727,0.08,-0.95,-0.01,43.49,18.8131,12.08055556,18.81315
1613737,0.14,-0.99,0.08,,,12.09791667,18.813225
1613747,0.2,-0.96,-0.03,,,12.11527778,18.81335
1613757,0.18,-0.97,-0.12,,,12.13263889,18.813475
1613767,0.1,-0.96,-0.05,43.74,18.8136,12.08194444,18.8136
1613777,0.12,-0.97,0.03,,,12.13333333,18.813725
1613787,0.14,-1,0.01,,,12.11666667,18.81385
1613797,0.1,-1.05,-0.08,,,12.1,18.813975
1613807,0.01,-1.05,-0.03,43.5,18.8141,12.1625,18.8141
1613817,0.07,-1.06,0.07,,,12.10625,18.814225
1613827,0.19,-1.1,0.06,,,12.12916667,18.81435
1613837,0.17,-1.15,-0.07,,,12.15208333,18.814475
1613847,0.1,-1.12,-0.13,43.83,18.8146,12.10277778,18.8146
1613857,0.14,-1.13,-0.05,,,12.16180556,18.814725
1613867,0.22,-1.14,-0.12,,,12.14861111,18.81485
1613877,0.21,-1.17,-0.23,,,12.13541667,18.814975
1613887,0.11,-1.16,-0.22,43.64,18.8151,12.15138889,18.8151
1613897,0.11,-1.17,-0.05,,,12.12361111,18.815225
1613907,0.14,-1.17,-0.02,,,12.125,18.81535
1613917,0.08,-1.17,-0.12,,,12.12638889,18.815475
1613927,0.01,-1.17,-0.1,43.66,18.8156,12.15972222,18.8156
1613937,0,-1.14,0.04,,,12.14513889,18.815725
1613947,0.09,-1.13,0.08,,,12.1625,18.81585
1613957,0.11,-1.13,-0.05,,,12.17986111,18.815975
1613967,0.09,-1.09,-0.18,43.91,18.8161,12.15138889,18.8161
1613977,0,-1.07,-0.13,,,12.19166667,18.816225
1613987,0.04,-1.06,0.03,,,12.18611111,18.81635
1613997,0.08,-1.07,0.13,,,12.18055556,18.816475
1614007,0.1,-1.07,0,43.83,18.8166,12.21527778,18.81655
1614017,0.09,-1.11,-0.14,,,12.18958333,18.8167
1614027,0.07,-1.14,-0.19,,,12.20416667,18.8168
1614037,-0.04,-1.13,-0.19,,,12.21875,18.8169
1614047,-0.13,-1.11,-0.06,44.04,18.817,12.16805556,18.81705
1614057,-0.1,-1.12,0.11,,,12.21527778,18.817125
1614067,0.01,-1.08,0.13,,,12.19722222,18.81725
1614077,0.11,-1.06,0,,,12.17916667,18.817375
1614087,0.11,-1.06,-0.19,43.78,18.8175,12.23194444,18.8175
1614097,0.05,-1.03,-0.26,,,12.17847222,18.817625
1614107,0,-1.06,-0.23,,,12.19583333,18.81775
1614117,0.02,-1.05,-0.13,,,12.21319444,18.817875
1614127,0.1,-1.03,-0.08,44.03,18.818,12.23055556,18.818
1614137,0.12,-1.02,-0.18,,,12.24791667,18.818125
1614147,0.05,-1.01,-0.22,,,12.26527778,18.81825
1614157,0,-0.95,-0.15,,,12.28263889,18.818375
1614167,0.07,-0.86,-0.04,44.28,18.8185,12.29305556,18.8185
1614177,0.18,-0.82,-0.13,,,12.31388889,18.818625
1614187,0.21,-0.76,-0.25,,,12.32777778,18.81875
1614197,0.1,-0.69,-0.21,,,12.34166667,18.818875
1614207,0.08,-0.64,-0.12,44.48,18.819,12.36666667,18.819
1614217,0.13,-0.54,-0.09,,,12.375,18.819125
1614227,0.14,-0.48,-0.14,,,12.39444444,18.81925
1614237,0.06,-0.4,-0.14,,,12.41388889,18.819375
1614247,0,-0.29,0.02,44.76,18.8195,12.43333333,18.8195
1614257,0.05,-0.19,0.02,,,12.45277778,18.819625
1614267,0.13,-0.11,-0.1,,,12.47222222,18.81975
1614277,0.12,-0.04,-0.19,,,12.49166667,18.819875
1614287,0.07,0.04,-0.15,45.04,18.82,12.50277778,18.82
1614297,0.07,0.1,-0.1,,,12.52638889,18.820125
1614307,0.12,0.16,-0.07,,,12.54166667,18.82025
1614317,0.18,0.21,-0.1,,,12.55694444,18.820375
1614327,0.2,0.27,-0.22,45.26,18.8205,12.55277778,18.8205
1614337,0.16,0.3,-0.24,,,12.57777778,18.820625
1614347,0.05,0.35,-0.18,,,12.58333333,18.82075
1614357,-0.03,0.39,-0.12,,,12.58888889,18.820875
1614367,-0.01,0.44,-0.11,45.34,18.821,12.64861111,18.821
1614377,0.06,0.5,-0.11,,,12.62708333,18.821125
1614387,0.14,0.54,-0.21,,,12.65972222,18.82125
1614397,0.23,0.58,-0.26,,,12.69236111,18.821375
1614407,0.3,0.64,-0.28,45.81,18.8215,12.69722222,18.8215
1614417,0.24,0.7,-0.28,,,12.74375,18.821625
1614427,0.1,0.77,-0.21,,,12.7625,18.82175
1614437,-0.02,0.79,-0.07,,,12.78125,18.821875
1614447,-0.1,0.82,0,46.08,18.822,12.79305556,18.822
1614457,-0.1,0.81,0.08,,,12.81527778,18.822125
1614467,-0.07,0.81,0.11,,,12.83055556,18.82225
1614477,-0.03,0.84,0.06,,,12.84583333,18.822375
1614487,0.01,0.84,0.03,46.3,18.8225,12.88611111,18.8225
1614497,0.03,0.84,0.07,,,12.88888889,18.822625
1614507,0,0.87,0.06,,,12.91666667,18.82275
1614517,0,0.88,0.13,,,12.94444444,18.822875
1614527,-0.03,0.91,0.15,46.7,18.823,12.80138889,18.82305
1614537,-0.12,0.97,0.15,,,12.91458333,18.82315
1614547,-0.16,0.96,0.15,,,12.85694444,18.8233
1614557,-0.21,0.99,0.15,,,12.79930556,18.82345
1614567,-0.21,1.02,0.13,45.87,18.8236,13.02222222,18.82355
1614577,-0.11,1,0.1,,,12.82430556,18.823725
1614587,0,1.02,0.01,,,12.90694444,18.82385
1614597,0.04,1.01,-0.04,,,12.98958333,18.823975
1614607,0.06,0.99,-0.08,47.06,18.8241,12.86666667,18.8241
1614617,0.05,1.03,-0.16,,,13.05208333,18.824225
1614627,0.06,1.07,-0.21,,,13.03194444,18.82435
1614637,0.1,1.11,-0.23,,,13.01180556,18.824475
1614647,0.16,1.14,-0.23,46.77,18.8246,13.10416667,18.8246
1614657,0.21,1.15,-0.24,,,13.02777778,18.824725
1614667,0.25,1.12,-0.15,,,13.06388889,18.82485
1614677,0.22,1.1,-0.09,,,13.1,18.824975
1614687,0.19,1.07,-0.04,47.29,18.8251,13.05,18.8251
1614697,0.12,1.05,-0.04,,,13.12916667,18.825225
1614707,0.01,1.05,-0.02,,,13.12222222,18.82535
1614717,-0.07,1.06,-0.02,,,13.11527778,18.825475
1614727,-0.08,1.05,-0.05,47.19,18.8256,13.28472222,18.82565
1614737,0,1.07,-0.08,,,13.18958333,18.82575
1614747,-0.01,1.06,-0.01,,,13.27083333,18.8259
1614757,0.13,1.02,-0.05,,,13.35208333,18.82605
1614767,0.19,1,-0.16,48.36,18.8262,13.17083333,18.82615
1614777,0.21,0.96,-0.2,,,13.38333333,18.826325
1614787,0.34,0.95,-0.24,,,13.33333333,18.82645
1614797,0.45,0.97,-0.21,,,13.28333333,18.826575
1614807,0.45,0.99,-0.21,47.64,18.8267,13.38333333,18.8267
1614817,0.4,0.99,-0.14,,,13.25833333,18.826825
1614827,0.37,0.99,-0.08,,,13.28333333,18.82695
1614837,0.26,0.97,-0.09,,,13.30833333,18.827075
1614847,0.25,0.96,-0.17,48,18.8272,13.30416667,18.82725
1614857,0.26,0.95,-0.26,,,13.34375,18.82735
1614867,0.31,0.92,-0.32,,,13.35416667,18.8275
1614877,0.35,0.89,-0.33,,,13.36458333,18.82765
1614887,0.37,0.9,-0.28,48.15,18.8278,13.42222222,18.82775
1614897,0.35,0.87,-0.15,,,13.40902778,18.827925
1614907,0.27,0.84,-0.08,,,13.44305556,18.82805
1614917,0.25,0.82,-0.06,,,13.47708333,18.828175
1614927,0.32,0.77,-0.13,48.64,18.8283,13.39027778,18.8283
1614937,0.42,0.76,-0.21,,,13.48472222,18.828425
1614947,0.48,0.73,-0.22,,,13.45833333,18.82855
1614957,0.49,0.68,-0.21,,,13.43194444,18.828675
1614967,0.4,0.65,-0.15,48.26,18.8288,13.59305556,18.82885
1614977,0.33,0.64,-0.18,,,13.47291667,18.82895
1614987,0.39,0.62,-0.26,,,13.54027778,18.8291
1614997,0.48,0.64,-0.31,,,13.60763889,18.82925
1615007,0.44,0.65,-0.27,49.23,18.8294,13.57361111,18.82935
1615017,0.33,0.61,-0.2,,,13.69166667,18.829525
1615027,0.25,0.55,-0.19,,,13.70833333,18.82965
1615037,0.28,0.49,-0.24,,,13.725,18.829775
1615047,0.32,0.44,-0.28,49.47,18.8299,13.77777778,18.82995
1615057,0.27,0.45,-0.29,,,13.77638889,18.83005
1615067,0.18,0.43,-0.29,,,13.81111111,18.8302
1615077,0.21,0.43,-0.27,,,13.84583333,18.83035
1615087,0.26,0.45,-0.23,49.97,18.8305,13.81666667,18.83045
1615097,0.23,0.39,-0.23,,,13.88333333,18.830625
1615107,0.23,0.39,-0.28,,,13.88611111,18.83075
1615117,0.29,0.4,-0.35,,,13.88888889,18.830875
1615127,0.36,0.36,-0.38,50.01,18.831,13.92083333,18.83105
1615137,0.28,0.26,-0.36,,,13.90902778,18.83115
1615147,0.29,0.23,-0.41,,,13.92638889,18.8313
1615157,0.28,0.22,-0.39,,,13.94375,18.83145
1615167,0.2,0.26,-0.34,50.26,18.8316,14.03472222,18.83155
1615177,0.2,0.27,-0.3,,,14.01527778,18.831725
1615187,0.23,0.24,-0.3,,,14.06944444,18.83185
1615197,0.21,0.22,-0.26,,,14.12361111,18.831975
1615207,0.19,0.13,-0.28,51.04,18.8321,14.06944444,18.83215
1615217,0.27,0.06,-0.26,,,14.17777778,18.83225
1615227,0.31,0.02,-0.21,,,14.17777778,18.8324
1615237,0.27,-0.03,-0.19,,,14.17777778,18.83255
1615247,0.29,-0.03,-0.22,51.04,18.8327,14.29861111,18.8327
1615257,0.33,-0.01,-0.22,,,14.23819444,18.83285
1615267,0.41,-0.06,-0.17,,,14.29861111,18.833
1615277,0.42,-0.06,-0.18,,,14.35902778,18.83315
1615287,0.42,-0.07,-0.12,51.91,18.8333,14.27222222,18.83325
1615297,0.38,-0.12,-0.08,,,14.40625,18.833425
1615307,0.38,-0.12,-0.09,,,14.39305556,18.83355
1615317,0.37,-0.15,-0.1,,,14.37986111,18.833675
1615327,0.37,-0.17,-0.08,51.72,18.8338,14.43055556,18.83385
1615337,0.31,-0.16,-0.08,,,14.38541667,18.83395
1615347,0.32,-0.16,-0.13,,,14.40416667,18.8341
1615357,0.25,-0.12,-0.14,,,14.42291667,18.83425
1615367,0.21,-0.11,-0.15,51.99,18.8344,14.4375,18.8344
1615377,0.23,-0.17,-0.17,,,14.45833333,18.83455
1615387,0.22,-0.24,-0.15,,,14.475,18.8347
1615397,0.23,-0.31,-0.18,,,14.49166667,18.83485
1615407,0.24,-0.32,-0.26,52.23,18.835,14.54444444,18.835
1615417,0.22,-0.26,-0.31,,,14.54305556,18.83515
1615427,0.23,-0.23,-0.33,,,14.57777778,18.8353
1615437,0.28,-0.19,-0.32,,,14.6125,18.83545
1615447,0.22,-0.16,-0.3,52.73,18.8356,14.62083333,18.8356
1615457,0.19,-0.15,-0.31,,,14.66875,18.83575
1615467,0.13,-0.12,-0.34,,,14.69027778,18.8359
1615477,0.18,-0.16,-0.34,,,14.71180556,18.83605
1615487,0.23,-0.2,-0.35,53.04,18.8362,14.72638889,18.8362
1615497,0.22,-0.19,-0.34,,,14.75138889,18.83635
1615507,0.22,-0.23,-0.25,,,14.76944444,18.8365
1615517,0.23,-0.22,-0.2,,,14.7875,18.83665
1615527,0.21,-0.19,-0.2,53.3,18.8368,14.8375,18.8368
1615537,0.24,-0.21,-0.19,,,14.83958333,18.83695
1615547,0.24,-0.25,-0.11,,,14.87361111,18.8371
1615557,0.24,-0.3,-0.09,,,14.90763889,18.83725
1615567,0.23,-0.34,-0.08,53.79,18.8374,14.90555556,18.8374
1615577,0.25,-0.33,-0.06,,,14.95763889,18.83755
1615587,0.34,-0.36,-0.07,,,14.97361111,18.8377
1615597,0.32,-0.33,-0.08,,,14.98958333,18.83785
1615607,0.3,-0.3,-0.11,54.02,18.838,15.025,18.838
1615617,0.34,-0.33,-0.1,,,15.03125,18.83815
1615627,0.36,-0.32,-0.09,,,15.05694444,18.8383
1615637,0.31,-0.36,-0.13,,,15.08263889,18.83845
1615647,0.3,-0.42,-0.17,54.39,18.8386,15.05138889,18.8386
1615657,0.27,-0.44,-0.2,,,15.10555556,18.83875
1615667,0.29,-0.47,-0.21,,,15.10277778,18.8389
1615677,0.29,-0.44,-0.18,,,15.1,18.83905
1615687,0.25,-0.43,-0.18,54.35,18.8392,15.15972222,18.8392
1615697,0.25,-0.45,-0.19,,,15.12569444,18.83935
1615707,0.25,-0.43,-0.18,,,15.15416667,18.8395
1615717,0.25,-0.48,-0.18,,,15.18263889,18.83965
1615727,0.27,-0.49,-0.19,54.76,18.8398,15.21388889,18.8398
1615737,0.22,-0.53,-0.16,,,15.24097222,18.83995
1615747,0.25,-0.54,-0.18,,,15.27083333,18.8401
1615757,0.23,-0.49,-0.19,,,15.30069444,18.84025
1615767,0.21,-0.47,-0.17,55.19,18.8404,15.32222222,18.8404
1615777,0.19,-0.44,-0.15,,,15.35625,18.84055
1615787,0.17,-0.4,-0.15,,,15.38194444,18.8407
1615797,0.16,-0.42,-0.14,,,15.40763889,18.84085
1615807,0.15,-0.44,-0.12,55.56,18.841,15.38333333,18.841
1615817,0.13,-0.5,-0.1,,,15.43402778,18.84115
1615827,0.11,-0.5,-0.09,,,15.43472222,18.8413
1615837,0.12,-0.47,-0.09,,,15.43541667,18.84145
1615847,0.13,-0.47,-0.09,55.57,18.8416,15.45138889,18.8416
1615857,0.11,-0.46,-0.07,,,15.44444444,18.84175
1615867,0.1,-0.44,-0.06,,,15.45277778,18.8419
1615877,0.07,-0.45,-0.03,,,15.46111111,18.84205
1615887,0.05,-0.46,-0.01,55.69,18.8422,15.45833333,18.84225
1615897,0.02,-0.5,0.01,,,15.47222222,18.842375
1615907,0,-0.51,0.09,,,15.475,18.84255
1615917,-0.05,-0.49,0.16,,,15.47777778,18.842725
1615927,-0.06,-0.51,0.13,55.73,18.8429,15.44861111,18.84285
1615937,-0.08,-0.49,0.18,,,15.46736111,18.84305
1615947,-0.1,-0.51,0.19,,,15.45416667,18.8432
1615957,-0.1,-0.52,0.14,,,15.44097222,18.84335
1615967,-0.11,-0.5,0.14,55.54,18.8435,15.35555556,18.8435
1615977,-0.11,-0.55,0.15,,,15.37847222,18.84365
1615987,-0.12,-0.56,0.18,,,15.32916667,18.8438
1615997,-0.11,-0.54,0.15,,,15.27986111,18.84395
1616007,-0.11,-0.53,0.17,54.83,18.8441,15.26527778,18.8441
1616017,-0.12,-0.51,0.18,,,15.19861111,18.84425
1616027,-0.15,-0.48,0.25,,,15.16666667,18.8444
1616037,-0.15,-0.5,0.25,,,15.13472222,18.84455
1616047,-0.17,-0.47,0.23,54.37,18.8447,15.09861111,18.8447
1616057,-0.19,-0.55,0.24,,,15.06875,18.84485
1616067,-0.2,-0.59,0.27,,,15.03472222,18.845
1616077,-0.18,-0.59,0.25,,,15.00069444,18.84515
1616087,-0.16,-0.59,0.24,53.88,18.8453,14.96527778,18.8453
1616097,-0.15,-0.57,0.25,,,14.93194444,18.84545
1616107,-0.14,-0.57,0.25,,,14.89722222,18.8456
1616117,-0.14,-0.59,0.25,,,14.8625,18.84575
1616127,-0.15,-0.58,0.26,53.38,18.8459,14.85138889,18.8459
1616137,-0.16,-0.61,0.28,,,14.80486111,18.84605
1616147,-0.18,-0.63,0.28,,,14.78194444,18.8462
1616157,-0.18,-0.65,0.27,,,14.75902778,18.84635
1616167,-0.18,-0.68,0.27,53.05,18.8465,14.67916667,18.8465
1616177,-0.17,-0.67,0.25,,,14.68472222,18.84665
1616187,-0.17,-0.67,0.26,,,14.63333333,18.8468
1616197,-0.15,-0.68,0.27,,,14.58194444,18.84695
1616207,-0.15,-0.67,0.29,52.31,18.8471,14.5875,18.8471
1616217,-0.16,-0.7,0.29,,,14.50763889,18.84725
1616227,-0.18,-0.74,0.32,,,14.48472222,18.8474
1616237,-0.19,-0.75,0.35,,,14.46180556,18.84755
1616247,-0.16,-0.75,0.35,51.98,18.8477,14.43055556,18.84765
1616257,-0.14,-0.74,0.33,,,14.41180556,18.847825
1616267,-0.14,-0.73,0.31,,,14.38472222,18.84795
1616277,-0.13,-0.75,0.3,,,14.35763889,18.848075
1616287,-0.13,-0.78,0.3,51.59,18.8482,14.32222222,18.84825
1616297,-0.12,-0.77,0.29,,,14.29930556,18.84835
1616307,-0.14,-0.81,0.32,,,14.26805556,18.8485
1616317,-0.15,-0.83,0.28,,,14.23680556,18.84865
1616327,-0.14,-0.86,0.24,51.14,18.8488,14.19027778,18.8488
1616337,-0.14,-0.85,0.21,,,14.16666667,18.84895
1616347,-0.13,-0.87,0.19,,,14.12777778,18.8491
1616357,-0.13,-0.83,0.18,,,14.08888889,18.84925
1616367,-0.12,-0.84,0.19,50.58,18.8494,14.03333333,18.84935
1616377,-0.12,-0.82,0.19,,,14.00277778,18.849525
1616387,-0.12,-0.83,0.18,,,13.95555556,18.84965
1616397,-0.12,-0.84,0.16,,,13.90833333,18.849775
1616407,-0.14,-0.82,0.17,49.9,18.8499,13.98611111,18.84995
1616417,-0.13,-0.78,0.21,,,13.87638889,18.85005
1616427,-0.11,-0.78,0.23,,,13.89166667,18.8502
1616437,-0.1,-0.75,0.22,,,13.90694444,18.85035
1616447,-0.11,-0.73,0.21,50.12,18.8505,13.78055556,18.85045
1616457,-0.13,-0.71,0.2,,,13.86666667,18.850625
1616467,-0.14,-0.65,0.23,,,13.81111111,18.85075
1616477,-0.17,-0.62,0.32,,,13.75555556,18.850875
1616487,-0.17,-0.63,0.34,49.32,18.851,13.80694444,18.85105
1616497,-0.18,-0.62,0.37,,,13.69791667,18.85115
1616507,-0.17,-0.62,0.39,,,13.69583333,18.8513
1616517,-0.15,-0.67,0.39,,,13.69375,18.85145
1616527,-0.13,-0.67,0.34,49.29,18.8516,13.60833333,18.85155
1616537,-0.11,-0.68,0.31,,,13.64791667,18.851725
1616547,-0.1,-0.69,0.28,,,13.60416667,18.85185
1616557,-0.1,-0.67,0.28,,,13.56041667,18.851975
1616567,-0.12,-0.67,0.27,48.66,18.8521,13.57361111,18.85215
1616577,-0.13,-0.7,0.24,,,13.50138889,18.85225
1616587,-0.16,-0.71,0.23,,,13.48611111,18.8524
1616597,-0.16,-0.72,0.17,,,13.47083333,18.85255
1616607,-0.17,-0.72,0.14,48.44,18.8527,13.43333333,18.85265
1616617,-0.17,-0.72,0.14,,,13.42916667,18.852825
1616627,-0.16,-0.73,0.15,,,13.40277778,18.85295
1616637,-0.14,-0.76,0.15,,,13.37638889,18.853075
1616647,-0.14,-0.75,0.16,48.06,18.8532,13.37777778,18.8532
1616657,-0.13,-0.78,0.18,,,13.3375,18.853325
1616667,-0.14,-0.83,0.22,,,13.325,18.85345
1616677,-0.15,-0.83,0.28,,,13.3125,18.853575
1616687,-0.15,-0.86,0.31,47.88,18.8537,13.30694444,18.85375
1616697,-0.14,-0.85,0.32,,,13.29097222,18.85385
1616707,-0.11,-0.85,0.35,,,13.28194444,18.854
1616717,-0.12,-0.88,0.34,,,13.27291667,18.85415
1616727,-0.13,-0.9,0.32,47.75,18.8543,13.19861111,18.85425
1616737,-0.14,-0.88,0.31,,,13.22222222,18.854425
1616747,-0.15,-0.89,0.3,,,13.18055556,18.85455
1616757,-0.15,-0.95,0.29,,,13.13888889,18.854675
1616767,-0.14,-1.01,0.28,47.15,18.8548,13.14305556,18.8548
1616777,-0.15,-1.06,0.29,,,13.07847222,18.854925
1616787,-0.15,-1.09,0.33,,,13.05972222,18.85505
1616797,-0.16,-1.1,0.34,,,13.04097222,18.855175
1616807,-0.17,-1.12,0.36,46.88,18.8553,12.96111111,18.8553
1616817,-0.17,-1.16,0.36,,,12.97291667,18.855425
1616827,-0.16,-1.18,0.37,,,12.92361111,18.85555
1616837,-0.16,-1.18,0.34,,,12.87430556,18.855675
1616847,-0.16,-1.19,0.36,46.17,18.8558,12.89027778,18.8558
1616857,-0.15,-1.2,0.39,,,12.80833333,18.855925
1616867,-0.16,-1.19,0.36,,,12.79166667,18.85605
1616877,-0.15,-1.22,0.28,,,12.775,18.856175
1616887,-0.13,-1.21,0.21,45.93,18.8563,12.75,18.8563
1616897,-0.1,-1.24,0.17,,,12.7375,18.856425
1616907,-0.11,-1.26,0.16,,,12.71666667,18.85655
1616917,-0.14,-1.33,0.19,,,12.69583333,18.856675
1616927,-0.16,-1.38,0.16,45.63,18.8568,12.64166667,18.8568
1616937,-0.17,-1.43,0.13,,,12.6375,18.856925
1616947,-0.17,-1.43,0.15,,,12.6,18.85705
1616957,-0.18,-1.42,0.17,,,12.5625,18.857175
1616967,-0.17,-1.38,0.2,45.09,18.8573,12.53194444,18.8573
1616977,-0.18,-1.35,0.2,,,12.49097222,18.857425
1616987,-0.19,-1.33,0.24,,,12.45694444,18.85755
1616997,-0.19,-1.33,0.24,,,12.42291667,18.857675
1617007,-0.18,-1.32,0.25,44.6,18.8578,12.37222222,18.8578
1617017,-0.15,-1.28,0.24,,,12.34652778,18.857925
1617027,-0.13,-1.26,0.23,,,12.30416667,18.85805
1617037,-0.13,-1.34,0.24,,,12.26180556,18.858175
1617047,-0.14,-1.41,0.26,43.99,18.8583,12.26805556,18.8583
1617057,-0.16,-1.44,0.25,,,12.20138889,18.858425
1617067,-0.15,-1.45,0.23,,,12.18333333,18.85855
1617077,-0.13,-1.44,0.22,,,12.16527778,18.858675
1617087,-0.11,-1.37,0.19,43.73,18.8588,12.09305556,18.8588
1617097,-0.1,-1.33,0.17,,,12.10208333,18.858925
1617107,-0.11,-1.32,0.19,,,12.05694444,18.85905
1617117,-0.12,-1.33,0.16,,,12.01180556,18.859175
1617127,-0.13,-1.38,0.15,43.08,18.8593,12.04305556,18.8593
1617137,-0.13,-1.4,0.14,,,11.95972222,18.859425
1617147,-0.12,-1.41,0.16,,,11.95277778,18.85955
1617157,-0.11,-1.39,0.17,,,11.94583333,18.859675
1617167,-0.1,-1.39,0.18,42.98,18.8598,11.85,18.8598
1617177,-0.09,-1.39,0.19,,,11.8875,18.859925
1617187,-0.1,-1.37,0.23,,,11.83611111,18.86005
1617197,-0.1,-1.32,0.22,,,11.78472222,18.860175
1617207,-0.09,-1.28,0.23,42.24,18.8603,11.84166667,18.86025
1617217,-0.08,-1.26,0.24,,,11.73611111,18.8604
1617227,-0.07,-1.24,0.25,,,11.73888889,18.8605
1617237,-0.06,-1.3,0.26,,,11.74166667,18.8606
1617247,-0.06,-1.33,0.21,42.28,18.8607,11.67638889,18.86075
1617257,-0.07,-1.36,0.22,,,11.71319444,18.860825
1617267,-0.08,-1.3,0.27,,,11.68194444,18.86095
1617277,-0.08,-1.29,0.22,,,11.65069444,18.861075
1617287,-0.07,-1.27,0.22,41.83,18.8612,11.61388889,18.8612
1617297,-0.07,-1.29,0.2,,,11.58541667,18.861325
1617307,-0.04,-1.29,0.18,,,11.55138889,18.86145
1617317,-0.02,-1.29,0.2,,,11.51736111,18.861575
1617327,-0.03,-1.26,0.2,41.34,18.8617,11.50416667,18.86165
1617337,-0.04,-1.25,0.22,,,11.45972222,18.8618
1617347,-0.07,-1.28,0.22,,,11.43611111,18.8619
1617357,-0.08,-1.33,0.17,,,11.4125,18.862
1617367,-0.07,-1.35,0.16,41,18.8621,11.44166667,18.86215
1617377,-0.06,-1.39,0.19,,,11.39166667,18.862225
1617387,-0.05,-1.4,0.19,,,11.39444444,18.86235
1617397,-0.04,-1.33,0.21,,,11.39722222,18.862475
1617407,-0.07,-1.24,0.21,41.04,18.8626,11.34027778,18.86255
1617417,-0.07,-1.21,0.2,,,11.37291667,18.8627
1617427,-0.08,-1.19,0.22,,,11.34583333,18.8628
1617437,-0.06,-1.18,0.21,,,11.31875,18.8629
1617447,-0.04,-1.19,0.22,40.65,18.863,11.29583333,18.86305
1617457,-0.06,-1.27,0.3,,,11.26666667,18.863125
1617467,-0.07,-1.31,0.26,,,11.24166667,18.86325
1617477,-0.08,-1.35,0.24,,,11.21666667,18.863375
1617487,-0.07,-1.31,0.23,40.29,18.8635,11.16111111,18.86345
1617497,-0.01,-1.25,0.22,,,11.15138889,18.8636
1617507,-0.01,-1.21,0.2,,,11.11111111,18.8637
1617517,0.02,-1.19,0.22,,,11.07083333,18.8638
1617527,0.04,-1.19,0.22,39.71,18.8639,11.10833333,18.86395
1617537,0.04,-1.16,0.11,,,11.02916667,18.864025
1617547,0.04,-1.14,0.13,,,11.02777778,18.86415
1617557,0.03,-1.16,0.21,,,11.02638889,18.864275
1617567,0.02,-1.16,0.17,39.69,18.8644,11.04444444,18.86435
1617577,-0.01,-1.18,0.17,,,11.03333333,18.8645
1617587,-0.01,-1.2,0.09,,,11.04166667,18.8646
1617597,0,-1.26,0.02,,,11.05,18.8647
1617607,-0.03,-1.3,0.1,39.81,18.8648,11.0125,18.8648
1617617,-0.05,-1.32,0.05,,,11.04375,18.8649
1617627,-0.02,-1.27,-0.03,,,11.02916667,18.865
1617637,0,-1.17,0.01,,,11.01458333,18.8651
1617647,0.01,-1.1,0.05,39.6,18.8652,11.02916667,18.86525
1617657,0.03,-0.98,-0.01,,,11,18.865325
1617667,0.04,-0.83,0.02,,,11,18.86545
1617677,0.02,-0.73,0.06,,,11,18.865575
1617687,0.02,-0.68,0.05,39.6,18.8657,11.03055556,18.86565
1617697,0.04,-0.67,0.07,,,11.01527778,18.8658
1617707,0.03,-0.59,0.08,,,11.03055556,18.8659
1617717,0.03,-0.41,0.06,,,11.04583333,18.866
1617727,0.04,-0.19,0.05,39.82,18.8661,11.01944444,18.86615
1617737,0.02,-0.05,0.06,,,11.05555556,18.866225
1617747,-0.01,0,0.03,,,11.05,18.86635
1617757,0,0.04,0.01,,,11.04444444,18.866475
1617767,-0.03,0.06,0.02,39.74,18.8666,11.05416667,18.86655
1617777,-0.02,0.15,-0.06,,,11.04097222,18.8667
1617787,0.06,0.3,-0.13,,,11.04305556,18.8668
1617797,0.05,0.46,-0.24,,,11.04513889,18.8669
1617807,0.03,0.57,-0.13,39.77,18.867,11.05555556,18.86705
1617817,0,0.64,-0.1,,,11.05347222,18.867125
1617827,0.01,0.64,-0.08,,,11.05972222,18.86725
1617837,0.02,0.62,-0.06,,,11.06597222,18.867375
1617847,0,0.63,0.01,39.86,18.8675,11.07777778,18.86745
1617857,-0.01,0.71,-0.03,,,11.08125,18.8676
1617867,0.01,0.81,-0.05,,,11.09027778,18.8677
1617877,-0.01,0.83,0.09,,,11.09930556,18.8678
1617887,0,0.86,0.06,39.99,18.8679,11.09722222,18.8679
1617897,0.04,0.91,0.08,,,11.11180556,18.868
1617907,0.05,0.94,0.07,,,11.11527778,18.8681
1617917,0.05,0.98,0.16,,,11.11875,18.8682
1617927,0.12,0.99,0.07,40.04,18.8683,11.09444444,18.86835
1617937,0.1,1.02,0.15,,,11.11180556,18.868425
1617947,0.09,1.05,0.15,,,11.10138889,18.86855
1617957,0.1,1.08,0.11,,,11.09097222,18.868675
1617967,0.11,1.11,0.07,39.89,18.8688,11.0875,18.86875
1617977,0.06,1.11,0.14,,,11.07361111,18.8689
1617987,0.08,1.13,0.07,,,11.06666667,18.869
1617997,0.08,1.14,0.14,,,11.05972222,18.8691
1618007,0.02,1.15,0.16,39.79,18.8692,11.10694444,18.86925
1618017,0.05,1.18,0.12,,,11.07291667,18.869325
1618027,0,1.19,0.16,,,11.09305556,18.86945
1618037,-0.01,1.25,0.06,,,11.11319444,18.869575
1618047,0.01,1.32,0.03,40.08,18.8697,11.02916667,18.86965
1618057,0.01,1.32,0.18,,,11.10138889,18.8698
1618067,-0.02,1.33,0.15,,,11.06944444,18.8699
1618077,0.01,1.34,-0.01,,,11.0375,18.87
1618087,0,1.33,0.14,39.62,18.8701,10.99861111,18.8701
1618097,-0.04,1.3,0.13,,,10.97013889,18.8702
1618107,-0.01,1.34,0.08,,,10.93472222,18.8703
1618117,-0.03,1.3,0.15,,,10.89930556,18.8704
1618127,-0.03,1.33,0.05,39.11,18.8705,10.91666667,18.87055
1618137,-0.02,1.35,0.11,,,10.85486111,18.870625
1618147,-0.03,1.37,0.12,,,10.84583333,18.87075
1618157,-0.07,1.36,0.15,,,10.83680556,18.870875
1618167,-0.01,1.31,0.04,38.98,18.871,10.85972222,18.87095
1618177,0,1.28,0.13,,,10.83472222,18.8711
1618187,-0.03,1.25,0.09,,,10.84166667,18.8712
1618197,0,1.25,0,,,10.84861111,18.8713
1618207,0.03,1.24,0.09,39.08,18.8714,10.85833333,18.8714
1618217,0.04,1.24,0.02,,,10.86388889,18.8715
1618227,0.07,1.25,0.06,,,10.87222222,18.8716
1618237,0.04,1.19,0.09,,,10.88055556,18.8717
1618247,0.07,1.26,-0.04,39.2,18.8718,10.82638889,18.87185
1618257,0.04,1.28,0.08,,,10.86597222,18.871925
1618267,0.06,1.27,-0.02,,,10.84305556,18.87205
1618277,0.05,1.28,0.05,,,10.82013889,18.872175
1618287,0.06,1.27,-0.06,38.87,18.8723,10.86944444,18.87225
1618297,0.08,1.28,0.01,,,10.81041667,18.8724
1618307,0.04,1.23,0.03,,,10.82361111,18.8725
1618317,0.08,1.27,-0.04,,,10.83680556,18.8726
1618327,0.05,1.22,0.06,39.06,18.8727,10.875,18.8727
1618337,0.1,1.23,-0.08,,,10.87569444,18.8728
1618347,0.07,1.21,0.06,,,10.90138889,18.8729
1618357,0.11,1.25,-0.06,,,10.92708333,18.873
1618367,0.06,1.24,0.12,39.43,18.8731,10.88888889,18.87315
1618377,0.14,1.27,-0.03,,,10.94652778,18.873225
1618387,0.11,1.23,-0.04,,,10.94027778,18.87335
1618397,0.12,1.26,-0.08,,,10.93402778,18.873475
1618407,0.12,1.18,-0.05,39.34,18.8736,10.91111111,18.87355
1618417,0.14,1.21,-0.08,,,10.91319444,18.8737
1618427,0.09,1.22,0,,,10.89861111,18.8738
1618437,0.11,1.27,-0.13,,,10.88402778,18.8739
1618447,0.09,1.28,-0.03,39.13,18.874,10.91944444,18.874
1618457,0.1,1.33,-0.12,,,10.87986111,18.8741
1618467,0.04,1.37,0.01,,,10.89027778,18.8742
1618477,0.1,1.38,-0.08,,,10.90069444,18.8743
1618487,0.08,1.33,-0.08,39.28,18.8744,10.88055556,18.87445
1618497,0.14,1.34,-0.15,,,10.90625,18.874525
1618507,0.12,1.25,-0.04,,,10.90138889,18.87465
1618517,0.17,1.24,-0.14,,,10.89652778,18.874775
1618527,0.14,1.17,-0.05,39.21,18.8749,10.94444444,18.87485
1618537,0.2,1.18,-0.17,,,10.91319444,18.875
1618547,0.17,1.12,-0.08,,,10.93472222,18.8751
1618557,0.2,1.15,-0.18,,,10.95625,18.8752
1618567,0.14,1.13,-0.07,39.52,18.8753,10.98888889,18.87535
1618577,0.16,1.17,-0.24,,,11.00486111,18.875425
1618587,0.14,1.19,-0.12,,,11.03194444,18.87555
1618597,0.14,1.2,-0.21,,,11.05902778,18.875675
1618607,0.15,1.19,-0.16,39.91,18.8758,11.0125,18.87575
1618617,0.15,1.16,-0.19,,,11.07638889,18.8759
1618627,0.17,1.2,-0.22,,,11.06666667,18.876
1618637,0.11,1.15,-0.16,,,11.05694444,18.8761
1618647,0.16,1.14,-0.28,39.77,18.8762,11.11527778,18.87625
1618657,0.14,1.1,-0.12,,,11.07152778,18.876325
1618667,0.14,1.09,-0.24,,,11.09583333,18.87645
1618677,0.12,1.11,-0.18,,,11.12013889,18.876575
1618687,0.13,1.05,-0.19,40.12,18.8767,11.15694444,18.87665
1618697,0.13,1.08,-0.1,,,11.175,18.8768
1618707,0.13,1.03,-0.17,,,11.20555556,18.8769
1618717,0.14,1.01,-0.11,,,11.23611111,18.877
1618727,0.12,0.97,-0.15,40.56,18.8771,11.24027778,18.87715
1618737,0.14,1,-0.13,,,11.28402778,18.877225
1618747,0.13,0.96,-0.12,,,11.30138889,18.87735
1618757,0.13,0.96,-0.08,,,11.31875,18.877475
1618767,0.15,0.93,-0.16,40.81,18.8776,11.3625,18.87755
1618777,0.13,0.94,-0.06,,,11.36666667,18.8777
1618787,0.19,0.95,-0.19,,,11.39722222,18.8778
1618797,0.14,0.94,-0.05,,,11.42777778,18.8779
1618807,0.18,0.99,-0.17,41.25,18.878,11.4,18.87805
1618817,0.2,0.95,-0.17,,,11.45972222,18.878125
1618827,0.19,0.99,-0.18,,,11.46111111,18.87825
1618837,0.24,0.97,-0.25,,,11.4625,18.878375
1618847,0.19,0.97,-0.14,41.27,18.8785,11.53888889,18.87845
1618857,0.22,1.01,-0.21,,,11.50277778,18.8786
1618867,0.23,1.01,-0.24,,,11.54166667,18.8787
1618877,0.16,0.99,-0.16,,,11.58055556,18.8788
1618887,0.19,1,-0.22,41.83,18.8789,11.54027778,18.87895
1618897,0.21,1.01,-0.2,,,11.61875,18.879025
1618907,0.13,1.04,-0.11,,,11.61805556,18.87915
1618917,0.14,1.07,-0.18,,,11.61736111,18.879275
1618927,0.17,1.06,-0.19,41.82,18.8794,11.6625,18.8794
1618937,0.12,1.08,-0.09,,,11.63888889,18.879525
1618947,0.16,1.08,-0.11,,,11.66111111,18.87965
1618957,0.22,1.07,-0.13,,,11.68333333,18.879775
1618967,0.19,1.05,-0.05,42.14,18.8799,11.71944444,18.87985
1618977,0.18,1.07,-0.04,,,11.73472222,18.88
1618987,0.23,1.06,-0.08,,,11.76388889,18.8801
1618997,0.23,1.04,-0.1,,,11.79305556,18.8802
1619007,0.14,1.06,-0.06,42.56,18.8803,11.75416667,18.88035
1619017,0.13,1.04,-0.03,,,11.81736111,18.880425
1619027,0.18,1.04,-0.09,,,11.8125,18.88055
1619037,0.14,1.02,-0.06,,,11.80763889,18.880675
1619047,0.13,1.05,-0.06,42.49,18.8808,11.86944444,18.8808
1619057,0.22,1.06,-0.12,,,11.83125,18.880925
1619067,0.2,1.04,-0.11,,,11.85972222,18.88105
1619077,0.17,1.08,-0.1,,,11.88819444,18.881175
1619087,0.2,1.1,-0.12,42.9,18.8813,11.85138889,18.8813
1619097,0.21,1.05,-0.09,,,11.9125,18.881425
1619107,0.14,1.03,-0.1,,,11.90833333,18.88155
1619117,0.09,1.04,-0.12,,,11.90416667,18.881675
1619127,0.14,1.02,-0.16,42.84,18.8818,12.00138889,18.88175
1619137,0.15,0.96,-0.18,,,11.94652778,18.8819
1619147,0.11,0.95,-0.16,,,11.99305556,18.882
1619157,0.12,0.97,-0.19,,,12.03958333,18.8821
1619167,0.17,0.93,-0.24,43.51,18.8822,11.98333333,18.88225
1619177,0.12,0.89,-0.14,,,12.08125,18.882325
1619187,0.07,0.9,-0.1,,,12.07638889,18.88245
1619197,0.17,0.9,-0.11,,,12.07152778,18.882575
1619207,0.29,0.88,-0.2,43.44,18.8827,12.20833333,18.8827
1619217,0.33,0.87,-0.3,,,12.13263889,18.882825
1619227,0.27,0.84,-0.21,,,12.19861111,18.88295
1619237,0.24,0.85,-0.15,,,12.26458333,18.883075
1619247,0.24,0.85,-0.13,44.39,18.8832,12.13472222,18.8832
1619257,0.26,0.85,-0.18,,,12.29861111,18.883325
1619267,0.21,0.85,-0.15,,,12.26666667,18.88345
1619277,0.11,0.86,-0.06,,,12.23472222,18.883575
1619287,0.06,0.89,-0.01,43.93,18.8837,12.34722222,18.8837
1619297,0.12,0.88,-0.1,,,12.24305556,18.883825
1619307,0.08,0.87,-0.09,,,12.28333333,18.88395
1619317,0.04,0.88,-0.11,,,12.32361111,18.884075
1619327,-0.03,0.88,-0.11,44.51,18.8842,12.35416667,18.8842
1619337,-0.07,0.84,-0.03,,,12.39930556,18.884325
1619347,0.03,0.85,-0.09,,,12.43472222,18.88445
1619357,0.15,0.85,-0.14,,,12.47013889,18.884575
1619367,0.24,0.88,-0.17,45.02,18.8847,12.46527778,18.8847
1619377,0.18,0.91,-0.18,,,12.52083333,18.884825
1619387,0.09,0.93,-0.13,,,12.53611111,18.88495
1619397,-0.02,0.94,-0.09,,,12.55138889,18.885075
1619407,-0.11,0.96,0,45.24,18.8852,12.57916667,18.8852
1619417,-0.17,0.96,0.05,,,12.58819444,18.885325
1619427,-0.16,0.93,0.05,,,12.60972222,18.88545
1619437,-0.15,0.93,0.05,,,12.63125,18.885575
1619447,-0.02,0.92,0,45.55,18.8857,12.64027778,18.8857
1619457,0.07,0.9,-0.01,,,12.66805556,18.885825
1619467,0.2,0.91,-0.07,,,12.68333333,18.88595
1619477,0.33,0.89,-0.11,,,12.69861111,18.886075
1619487,0.45,0.88,-0.19,45.77,18.8862,12.69166667,18.8862
1619497,0.58,0.9,-0.26,,,12.71805556,18.886325
1619507,0.67,0.93,-0.33,,,12.72222222,18.88645
1619517,0.7,0.93,-0.37,,,12.72638889,18.886575
1619527,0.65,0.95,-0.35,45.83,18.8867,12.73055556,18.8867
1619537,0.62,0.95,-0.3,,,12.73472222,18.886825
1619547,0.64,0.95,-0.26,,,12.73888889,18.88695
1619557,0.68,0.98,-0.26,,,12.74305556,18.887075
1619567,0.73,0.98,-0.34,45.89,18.8872,12.86666667,18.8872
1619577,0.76,0.98,-0.35,,,12.81111111,18.887325
1619587,0.71,1.03,-0.3,,,12.875,18.88745
1619597,0.6,1.07,-0.23,,,12.93888889,18.887575
1619607,0.49,1.1,-0.15,46.81,18.8877,12.92638889,18.8877
1619617,0.41,1.07,-0.04,,,13.02847222,18.887825
1619627,0.4,1.03,0,,,13.05416667,18.88795
1619637,0.41,1.01,-0.03,,,13.07986111,18.888075
1619647,0.42,1.03,-0.09,47.18,18.8882,13.05138889,18.8882
1619657,0.41,1.02,-0.13,,,13.10416667,18.888325
1619667,0.44,0.99,-0.18,,,13.10277778,18.88845
1619677,0.47,1.01,-0.26,,,13.10138889,18.888575
1619687,0.54,1.06,-0.32,47.16,18.8887,13.1625,18.88875
1619697,0.51,1.04,-0.32,,,13.12986111,18.88885
1619707,0.43,1.1,-0.23,,,13.15972222,18.889
1619717,0.34,1.12,-0.15,,,13.18958333,18.88915
1619727,0.31,1.11,-0.17,47.59,18.8893,13.20555556,18.88925
1619737,0.36,1.1,-0.25,,,13.24236111,18.889425
1619747,0.43,1.08,-0.35,,,13.26527778,18.88955
1619757,0.44,1.09,-0.35,,,13.28819444,18.889675
1619767,0.39,1.14,-0.28,47.92,18.8898,13.27916667,18.8898
1619777,0.31,1.15,-0.17,,,13.31805556,18.889925
1619787,0.28,1.16,-0.12,,,13.325,18.89005
1619797,0.31,1.13,-0.12,,,13.33194444,18.890175
1619807,0.32,1.07,-0.13,48.02,18.8903,13.36527778,18.89035
1619817,0.25,1.07,-0.13,,,13.35902778,18.89045
1619827,0.2,1.08,-0.11,,,13.37916667,18.8906
1619837,0.27,1.06,-0.19,,,13.39930556,18.89075
1619847,0.33,1.11,-0.29,48.31,18.8909,13.44305556,18.89085
1619857,0.3,1.13,-0.29,,,13.45138889,18.891025
1619867,0.28,1.15,-0.25,,,13.48333333,18.89115
1619877,0.25,1.19,-0.2,,,13.51527778,18.891275
1619887,0.23,1.2,-0.17,48.77,18.8914,13.46388889,18.89145
1619897,0.24,1.17,-0.16,,,13.5375,18.89155
1619907,0.2,1.13,-0.19,,,13.52777778,18.8917
1619917,0.25,1.11,-0.23,,,13.51805556,18.89185
1619927,0.3,1.07,-0.24,48.63,18.892,13.57916667,18.89195
1619937,0.37,1.06,-0.26,,,13.53402778,18.892125
1619947,0.36,1.04,-0.25,,,13.55972222,18.89225
1619957,0.42,1.01,-0.26,,,13.58541667,18.892375
1619967,0.43,0.97,-0.29,49,18.8925,13.62777778,18.8925
1619977,0.42,0.92,-0.28,,,13.64513889,18.892625
1619987,0.35,0.91,-0.23,,,13.67916667,18.89275
1619997,0.33,0.91,-0.21,,,13.71319444,18.892875
1620007,0.38,0.9,-0.26,49.49,18.893,13.70555556,18.89305
1620017,0.35,0.91,-0.26,,,13.76041667,18.89315
1620027,0.31,0.87,-0.17,,,13.77361111,18.8933
1620037,0.34,0.81,-0.15,,,13.78680556,18.89345
1620047,0.36,0.83,-0.19,49.68,18.8936,13.7875,18.89355
1620057,0.38,0.78,-0.25,,,13.80694444,18.893725
1620067,0.38,0.75,-0.3,,,13.81388889,18.89385
1620077,0.34,0.69,-0.32,,,13.82083333,18.893975
1620087,0.37,0.62,-0.32,49.78,18.8941,13.87361111,18.89415
1620097,0.32,0.56,-0.28,,,13.85763889,18.89425
1620107,0.21,0.57,-0.21,,,13.8875,18.8944
1620117,0.12,0.5,-0.15,,,13.91736111,18.89455
1620127,0.13,0.45,-0.15,50.21,18.8947,13.95555556,18.8947
1620137,0.15,0.45,-0.17,,,13.98125,18.89485
1620147,0.17,0.35,-0.17,,,14.01527778,18.895
1620157,0.2,0.28,-0.2,,,14.04930556,18.89515
1620167,0.2,0.24,-0.2,50.7,18.8953,14.04583333,18.89525
1620177,0.17,0.17,-0.16,,,14.09861111,18.895425
1620187,0.15,0.14,-0.14,,,14.11388889,18.89555
1620197,0.2,0.09,-0.19,,,14.12916667,18.895675
1620207,0.23,0.05,-0.19,50.92,18.8958,14.16666667,18.89585
1620217,0.25,0.05,-0.22,,,14.17083333,18.89595
1620227,0.28,0.08,-0.25,,,14.19722222,18.8961
1620237,0.28,0.04,-0.23,,,14.22361111,18.89625
1620247,0.27,-0.05,-0.23,51.3,18.8964,14.24166667,18.8964
1620257,0.25,-0.15,-0.25,,,14.27222222,18.89655
1620267,0.23,-0.17,-0.26,,,14.29444444,18.8967
1620277,0.29,-0.12,-0.3,,,14.31666667,18.89685
1620287,0.31,-0.11,-0.29,51.62,18.897,14.20694444,18.89695
1620297,0.33,-0.14,-0.25,,,14.29513889,18.897125
1620307,0.37,-0.16,-0.28,,,14.25138889,18.89725
1620317,0.35,-0.16,-0.24,,,14.20763889,18.897375
1620327,0.35,-0.17,-0.22,50.99,18.8975,14.46527778,18.89755
1620337,0.3,-0.19,-0.24,,,14.27083333,18.89765
1620347,0.25,-0.26,-0.27,,,14.37777778,18.8978
1620357,0.27,-0.28,-0.3,,,14.48472222,18.89795
1620367,0.32,-0.38,-0.28,52.53,18.8981,14.40555556,18.8981
1620377,0.33,-0.39,-0.3,,,14.60555556,18.89825
1620387,0.3,-0.4,-0.23,,,14.61944444,18.8984
1620397,0.32,-0.46,-0.2,,,14.63333333,18.89855
1620407,0.31,-0.45,-0.18,52.73,18.8987,14.61666667,18.8987
1620417,0.3,-0.49,-0.16,,,14.64583333,18.89885
1620427,0.25,-0.48,-0.15,,,14.64444444,18.899
1620437,0.22,-0.49,-0.17,,,14.64305556,18.89915
1620447,0.19,-0.51,-0.2,52.71,18.8993,14.68472222,18.8993
1620457,0.18,-0.52,-0.23,,,14.66180556,18.89945
1620467,0.16,-0.53,-0.18,,,14.68194444,18.8996
1620477,0.18,-0.61,-0.09,,,14.70208333,18.89975
1620487,0.23,-0.61,-0.07,53,18.8999,14.73333333,18.89985
1620497,0.23,-0.65,-0.08,,,14.74791667,18.900025
1620507,0.22,-0.67,-0.07,,,14.77361111,18.90015
1620517,0.24,-0.68,-0.11,,,14.79930556,18.900275
1620527,0.25,-0.69,-0.16,53.37,18.9004,14.75833333,18.90045
1620537,0.22,-0.67,-0.14,,,14.81736111,18.90055
1620547,0.2,-0.69,-0.12,,,14.80972222,18.9007
1620557,0.18,-0.71,-0.13,,,14.80208333,18.90085
1620567,0.19,-0.72,-0.13,53.26,18.901,14.85416667,18.901
1620577,0.23,-0.75,-0.13,,,14.81666667,18.90115
1620587,0.24,-0.74,-0.09,,,14.83888889,18.9013
1620597,0.26,-0.71,-0.11,,,14.86111111,18.90145
1620607,0.29,-0.71,-0.09,53.58,18.9016,14.87222222,18.9016
1620617,0.26,-0.68,-0.09,,,14.9,18.90175
1620627,0.26,-0.7,-0.1,,,14.91666667,18.9019
1620637,0.24,-0.71,-0.09,,,14.93333333,18.90205
1620647,0.22,-0.74,-0.06,53.82,18.9022,14.95,18.9022
1620657,0.18,-0.84,-0.08,,,14.96666667,18.90235
1620667,0.16,-0.87,-0.07,,,14.98333333,18.9025
1620677,0.2,-0.86,-0.15,,,15,18.90265
1620687,0.31,-0.82,-0.25,54.06,18.9028,14.94722222,18.9028
1620697,0.34,-0.77,-0.21,,,14.99861111,18.90295
1620707,0.34,-0.8,-0.21,,,14.98055556,18.9031
1620717,0.28,-0.83,-0.18,,,14.9625,18.90325
1620727,0.25,-0.85,-0.17,53.8,18.9034,15.21388889,18.9034
1620737,0.28,-0.89,-0.15,,,15.06111111,18.90355
1620747,0.26,-0.89,-0.14,,,15.17777778,18.9037
1620757,0.26,-0.93,-0.15,,,15.29444444,18.90385
1620767,0.27,-0.96,-0.17,55.48,18.904,15.07777778,18.904
1620777,0.3,-0.9,-0.15,,,15.36111111,18.90415
1620787,0.34,-0.85,-0.14,,,15.31111111,18.9043
1620797,0.3,-0.76,-0.1,,,15.26111111,18.90445
1620807,0.26,-0.84,-0.03,54.76,18.9046,15.34444444,18.9046
1620817,0.25,-0.91,-0.02,,,15.22777778,18.90475
1620827,0.28,-0.96,-0.05,,,15.24444444,18.9049
1620837,0.3,-1.01,-0.05,,,15.26111111,18.90505
1620847,0.3,-0.97,-0.05,55,18.9052,15.22916667,18.90525
1620857,0.32,-0.94,-0.06,,,15.27013889,18.905375
1620867,0.32,-0.89,-0.08,,,15.2625,18.90555
1620877,0.34,-0.85,-0.1,,,15.25486111,18.905725
1620887,0.36,-0.88,-0.12,54.89,18.9059,15.28055556,18.90585
1620897,0.38,-0.88,-0.17,,,15.25625,18.90605
1620907,0.39,-0.97,-0.17,,,15.26527778,18.9062
1620917,0.36,-1.06,-0.15,,,15.27430556,18.90635
1620927,0.33,-1.09,-0.16,55.02,18.9065,15.31805556,18.9065
1620937,0.34,-1.09,-0.17,,,15.30972222,18.90665
1620947,0.36,-1.02,-0.18,,,15.33611111,18.9068
1620957,0.36,-0.98,-0.19,,,15.3625,18.90695
1620967,0.35,-1,-0.16,55.4,18.9071,15.36666667,18.9071
1620977,0.3,-1.03,-0.17,,,15.40416667,18.90725
1620987,0.26,-1.09,-0.19,,,15.41944444,18.9074
1620997,0.23,-1.09,-0.17,,,15.43472222,18.90755
1621007,0.28,-1.11,-0.13,55.62,18.9077,15.45138889,18.9077
1621017,0.3,-1.1,-0.11,,,15.46597222,18.90785
1621027,0.31,-1.03,-0.11,,,15.48194444,18.908
1621037,0.34,-1.04,-0.1,,,15.49791667,18.90815
1621047,0.33,-1,-0.08,55.85,18.9083,15.47916667,18.9083
1621057,0.33,-1.06,-0.07,,,15.5125,18.90845
1621067,0.26,-1.08,-0.06,,,15.51111111,18.9086
1621077,0.28,-1.13,-0.06,,,15.50972222,18.90875
1621087,0.32,-1.16,-0.05,55.83,18.9089,15.58611111,18.90895
1621097,0.31,-1.11,-0.06,,,15.54583333,18.909075
1621107,0.33,-1.09,-0.07,,,15.58333333,18.90925
1621117,0.37,-1.07,-0.08,,,15.62083333,18.909425
1621127,0.3,-1.07,-0.08,56.37,18.9096,15.53611111,18.90955
1621137,0.27,-1.12,-0.08,,,15.63472222,18.90975
1621147,0.24,-1.13,-0.09,,,15.61111111,18.9099
1621157,0.23,-1.2,-0.1,,,15.5875,18.91005
1621167,0.23,-1.18,-0.09,56.03,18.9102,15.625,18.9102
1621177,0.29,-1.18,-0.1,,,15.57083333,18.91035
1621187,0.32,-1.15,-0.14,,,15.57777778,18.9105
1621197,0.29,-1.12,-0.09,,,15.58472222,18.91065
1621207,0.25,-1.16,-0.09,56.13,18.9108,15.64722222,18.9108
1621217,0.27,-1.17,-0.09,,,15.62638889,18.91095
1621227,0.29,-1.23,-0.1,,,15.66111111,18.9111
1621237,0.27,-1.25,-0.12,,,15.69583333,18.91125
1621247,0.25,-1.24,-0.13,56.63,18.9114,15.64305556,18.91145
1621257,0.3,-1.23,-0.15,,,15.72152778,18.911575
1621267,0.31,-1.19,-0.17,,,15.7125,18.91175
1621277,0.34,-1.16,-0.16,,,15.70347222,18.911925
1621287,0.32,-1.15,-0.12,56.5,18.9121,15.78888889,18.91205
1621297,0.31,-1.14,-0.13,,,15.73263889,18.91225
1621307,0.24,-1.18,-0.09,,,15.77083333,18.9124
1621317,0.27,-1.15,-0.08,,,15.80902778,18.91255
1621327,0.29,-1.18,-0.03,57.05,18.9127,15.77777778,18.9127
1621337,0.31,-1.11,-0.05,,,15.85069444,18.91285
1621347,0.31,-1.09,-0.03,,,15.85416667,18.913
1621357,0.28,-1.09,-0.03,,,15.85763889,18.91315
1621367,0.22,-1.07,-0.08,57.1,18.9133,15.86527778,18.91335
1621377,0.23,-1.1,-0.12,,,15.86666667,18.913475
1621387,0.23,-1.06,-0.12,,,15.87222222,18.91365
1621397,0.22,-1.1,-0.09,,,15.87777778,18.913825
1621407,0.23,-1.06,-0.07,57.18,18.914,15.89444444,18.91395
1621417,0.26,-1.02,-0.11,,,15.89444444,18.91415
1621427,0.22,-1.03,-0.14,,,15.90555556,18.9143
1621437,0.18,-0.99,-0.14,,,15.91666667,18.91445
1621447,0.16,-1.01,-0.14,57.34,18.9146,15.94305556,18.91465
1621457,0.15,-1.02,-0.13,,,15.94652778,18.914775
1621467,0.15,-1.03,-0.16,,,15.96527778,18.91495
1621477,0.17,-1.04,-0.18,,,15.98402778,18.915125
1621487,0.21,-0.94,-0.15,57.61,18.9153,16.03333333,18.91525
1621497,0.22,-0.93,-0.13,,,16.03680556,18.91545
1621507,0.22,-0.86,-0.1,,,16.07083333,18.9156
1621517,0.24,-0.9,-0.08,,,16.10486111,18.91575
1621527,0.24,-0.88,-0.1,58.1,18.9159,16.08611111,18.9159
1621537,0.21,-0.88,-0.11,,,16.14652778,18.91605
1621547,0.21,-0.92,-0.13,,,16.15416667,18.9162
1621557,0.2,-0.92,-0.14,,,16.16180556,18.91635
1621567,0.24,-0.91,-0.16,58.21,18.9165,16.1875,18.91655
1621577,0.22,-0.88,-0.14,,,16.18611111,18.916675
1621587,0.2,-0.84,-0.11,,,16.20277778,18.91685
1621597,0.24,-0.85,-0.11,,,16.21944444,18.917025
1621607,0.23,-0.85,-0.13,58.45,18.9172,16.20277778,18.91715
1621617,0.23,-0.91,-0.12,,,16.23611111,18.91735
1621627,0.21,-0.89,-0.12,,,16.23611111,18.9175
1621637,0.24,-0.94,-0.11,,,16.23611111,18.91765
1621647,0.27,-0.95,-0.13,58.45,18.9178,16.31666667,18.91785
1621657,0.24,-0.94,-0.17,,,16.27638889,18.917975
1621667,0.31,-0.96,-0.15,,,16.31666667,18.91815
1621677,0.28,-0.93,-0.17,,,16.35694444,18.918325
1621687,0.27,-0.99,-0.15,59.03,18.9185,16.26527778,18.91845
1621697,0.24,-0.97,-0.13,,,16.37152778,18.91865
1621707,0.22,-1.02,-0.11,,,16.34583333,18.9188
1621717,0.24,-1.06,-0.1,,,16.32013889,18.91895
1621727,0.23,-1.08,-0.1,58.66,18.9191,16.34722222,18.91915
1621737,0.26,-1.13,-0.09,,,16.29513889,18.919275
1621747,0.24,-1.08,-0.1,,,16.29583333,18.91945
1621757,0.28,-1.15,-0.13,,,16.29652778,18.919625
1621767,0.25,-1.09,-0.16,58.67,18.9198,16.33194444,18.9198
1621777,0.23,-1.13,-0.18,,,16.31527778,18.919975
1621787,0.21,-1.12,-0.16,,,16.33333333,18.92015
1621797,0.25,-1.12,-0.18,,,16.35138889,18.920325
1621807,0.26,-1.21,-0.22,58.93,18.9205,16.34027778,18.92045
1621817,0.23,-1.21,-0.22,,,16.37291667,18.92065
1621827,0.19,-1.27,-0.2,,,16.37638889,18.9208
1621837,0.19,-1.23,-0.16,,,16.37986111,18.92095
1621847,0.23,-1.24,-0.17,58.98,18.9211,16.41527778,18.92115
1621857,0.23,-1.22,-0.15,,,16.40277778,18.921275
1621867,0.24,-1.23,-0.12,,,16.42222222,18.92145
1621877,0.25,-1.26,-0.1,,,16.44166667,18.921625
1621887,0.27,-1.2,-0.12,59.26,18.9218,16.46666667,18.92175
1621897,0.36,-1.21,-0.11,,,16.48333333,18.92195
1621907,0.38,-1.13,-0.12,,,16.50555556,18.9221
1621917,0.39,-1.12,-0.12,,,16.52777778,18.92225
1621927,0.41,-1.08,-0.11,59.58,18.9224,16.56527778,18.92245
1621937,0.44,-1.09,-0.14,,,16.57986111,18.922575
1621947,0.4,-1.15,-0.14,,,16.60972222,18.92275
1621957,0.37,-1.17,-0.15,,,16.63958333,18.922925
1621967,0.36,-1.26,-0.15,60.01,18.9231,16.62916667,18.9231
1621977,0.37,-1.23,-0.16,,,16.67916667,18.923275
1621987,0.37,-1.21,-0.18,,,16.68888889,18.92345
1621997,0.34,-1.15,-0.17,,,16.69861111,18.923625
1622007,0.3,-1.12,-0.14,60.15,18.9238,16.62361111,18.92375
1622017,0.28,-1.1,-0.12,,,16.67569444,18.92395
1622027,0.23,-1.07,-0.14,,,16.64305556,18.9241
1622037,0.21,-1.12,-0.19,,,16.61041667,18.92425
1622047,0.23,-1.13,-0.17,59.68,18.9244,16.70138889,18.92445
1622057,0.2,-1.17,-0.15,,,16.60694444,18.924575
1622067,0.19,-1.14,-0.13,,,16.63611111,18.92475
1622077,0.18,-1.08,-0.13,,,16.66527778,18.924925
1622087,0.15,-1.07,-0.1,60.1,18.9251,16.65,18.9251
1622097,0.1,-1.01,-0.08,,,16.70138889,18.925275
1622107,0.06,-1.03,-0.06,,,16.70833333,18.92545
1622117,0.03,-0.99,-0.02,,,16.71527778,18.925625
1622127,-0.01,-0.96,-0.01,60.2,18.9258,16.725,18.92575
1622137,-0.05,-0.9,0.02,,,16.73055556,18.92595
1622147,-0.1,-0.78,0.08,,,16.73888889,18.9261
1622157,-0.13,-0.72,0.18,,,16.74722222,18.92625
1622167,-0.13,-0.63,0.22,60.32,18.9264,16.65972222,18.92645
1622177,-0.12,-0.61,0.26,,,16.71597222,18.926575
1622187,-0.12,-0.6,0.26,,,16.67638889,18.92675
1622197,-0.12,-0.56,0.32,,,16.63680556,18.926925
1622207,-0.11,-0.54,0.27,59.75,18.9271,16.58888889,18.9271
1622217,-0.11,-0.42,0.32,,,16.55347222,18.927275
1622227,-0.11,-0.31,0.31,,,16.50972222,18.92745
1622237,-0.13,-0.25,0.35,,,16.46597222,18.927625
1622247,-0.12,-0.19,0.31,59.12,18.9278,16.44305556,18.92775
1622257,-0.14,-0.22,0.33,,,16.38888889,18.92795
1622267,-0.15,-0.17,0.32,,,16.35555556,18.9281
1622277,-0.17,-0.18,0.3,,,16.32222222,18.92825
1622287,-0.14,-0.2,0.26,58.64,18.9284,16.30555556,18.92845
1622297,-0.13,-0.13,0.23,,,16.26388889,18.928575
1622307,-0.12,-0.09,0.22,,,16.23888889,18.92875
1622317,-0.12,0.01,0.24,,,16.21388889,18.928925
1622327,-0.12,0.03,0.22,58.28,18.9291,16.1875,18.92905
1622337,-0.13,0.02,0.19,,,16.16319444,18.92925
1622347,-0.16,0.03,0.23,,,16.1375,18.9294
1622357,-0.17,-0.01,0.24,,,16.11180556,18.92955
1622367,-0.17,0.01,0.21,57.91,18.9297,16.03888889,18.92975
1622377,-0.17,0.03,0.23,,,16.03680556,18.929875
1622387,-0.16,0.06,0.23,,,15.9875,18.93005
1622397,-0.15,0.09,0.26,,,15.93819444,18.930225
1622407,-0.15,0.09,0.28,57.2,18.9304,15.93888889,18.93035
1622417,-0.14,0.12,0.31,,,15.86458333,18.93055
1622427,-0.16,0.16,0.3,,,15.84027778,18.9307
1622437,-0.17,0.14,0.32,,,15.81597222,18.93085
1622447,-0.18,0.18,0.29,56.85,18.931,15.75416667,18.931
1622457,-0.2,0.2,0.3,,,15.74861111,18.93115
1622467,-0.21,0.26,0.26,,,15.70555556,18.9313
1622477,-0.23,0.35,0.3,,,15.6625,18.93145
1622487,-0.23,0.36,0.29,56.23,18.9316,15.64305556,18.9316
1622497,-0.24,0.39,0.31,,,15.58819444,18.93175
1622507,-0.24,0.38,0.31,,,15.55694444,18.9319
1622517,-0.26,0.39,0.33,,,15.52569444,18.93205
1622527,-0.26,0.44,0.35,55.78,18.9322,15.48611111,18.93225
1622537,-0.25,0.48,0.34,,,15.45902778,18.932375
1622547,-0.25,0.57,0.36,,,15.42361111,18.93255
1622557,-0.25,0.62,0.4,,,15.38819444,18.932725
1622567,-0.25,0.63,0.41,55.27,18.9329,15.32777778,18.93285
1622577,-0.26,0.68,0.44,,,15.30486111,18.93305
1622587,-0.28,0.69,0.47,,,15.25694444,18.9332
1622597,-0.28,0.72,0.5,,,15.20902778,18.93335
1622607,-0.28,0.75,0.54,54.58,18.9335,15.14583333,18.9335
1622617,-0.29,0.81,0.54,,,15.10555556,18.93365
1622627,-0.29,0.82,0.54,,,15.05,18.9338
1622637,-0.27,0.87,0.54,,,14.99444444,18.93395
1622647,-0.21,0.87,0.5,53.78,18.9341,14.94166667,18.9341
1622657,-0.14,0.9,0.46,,,14.88472222,18.93425
1622667,-0.17,0.93,0.52,,,14.83055556,18.9344
1622677,-0.18,0.96,0.51,,,14.77638889,18.93455
1622687,-0.2,0.95,0.55,53,18.9347,14.68611111,18.9347
1622697,-0.22,0.96,0.57,,,14.65,18.93485
1622707,-0.28,0.96,0.6,,,14.57777778,18.935
1622717,-0.34,1.05,0.6,,,14.50555556,18.93515
1622727,-0.34,1.12,0.53,51.96,18.9353,14.46388889,18.93525
1622737,-0.36,1.17,0.43,,,14.37638889,18.935425
1622747,-0.34,1.21,0.39,,,14.31944444,18.93555
1622757,-0.31,1.22,0.4,,,14.2625,18.935675
1622767,-0.27,1.26,0.39,51.14,18.9358,14.175,18.93585
1622777,-0.21,1.24,0.42,,,14.13333333,18.93595
1622787,-0.19,1.22,0.42,,,14.06111111,18.9361
1622797,-0.18,1.2,0.44,,,13.98888889,18.93625
1622807,-0.19,1.21,0.44,50.1,18.9364,13.95972222,18.93635
1622817,-0.21,1.17,0.46,,,13.86597222,18.936525
1622827,-0.23,1.16,0.4,,,13.81527778,18.93665
1622837,-0.2,1.15,0.48,,,13.76458333,18.936775
1622847,-0.18,1.17,0.45,49.37,18.9369,13.66388889,18.93695
1622857,-0.17,1.18,0.44,,,13.63819444,18.93705
1622867,-0.13,1.16,0.36,,,13.5625,18.9372
1622877,-0.1,1.13,0.37,,,13.48680556,18.93735
1622887,-0.1,1.12,0.38,48.28,18.9375,13.50555556,18.93745
1622897,-0.09,1.12,0.41,,,13.38263889,18.937625
1622907,-0.11,1.1,0.42,,,13.35416667,18.93775
1622917,-0.12,1.11,0.35,,,13.32569444,18.937875
1622927,-0.16,1.06,0.5,47.87,18.938,13.26527778,18.93805
1622937,-0.16,1.1,0.36,,,13.25277778,18.93815
1622947,-0.16,1.07,0.36,,,13.20833333,18.9383
1622957,-0.15,1.11,0.42,,,13.16388889,18.93845
1622967,-0.14,1.13,0.34,47.23,18.9386,13.06666667,18.93855
1622977,-0.13,1.16,0.3,,,13.04861111,18.938725
1622987,-0.13,1.18,0.31,,,12.97777778,18.93885
1622997,-0.14,1.18,0.3,,,12.90694444,18.938975
1623007,-0.15,1.15,0.33,46.21,18.9391,12.90277778,18.9391
1623017,-0.17,1.16,0.32,,,12.79861111,18.939225
1623027,-0.17,1.16,0.31,,,12.76111111,18.93935
1623037,-0.18,1.16,0.32,,,12.72361111,18.939475
1623047,-0.18,1.15,0.31,45.67,18.9396,12.65,18.9396
1623057,-0.19,1.17,0.31,,,12.63055556,18.939725
1623067,-0.19,1.19,0.29,,,12.575,18.93985
1623077,-0.18,1.16,0.36,,,12.51944444,18.939975
1623087,-0.18,1.17,0.33,44.87,18.9401,12.50555556,18.9401
1623097,-0.18,1.16,0.32,,,12.42916667,18.940225
1623107,-0.17,1.12,0.31,,,12.39444444,18.94035
1623117,-0.16,1.1,0.34,,,12.35972222,18.940475
1623127,-0.16,1.07,0.34,44.37,18.9406,12.35972222,18.9406
1623137,-0.15,1.04,0.36,,,12.30763889,18.940725
1623147,-0.15,0.99,0.34,,,12.29027778,18.94085
1623157,-0.15,1,0.35,,,12.27291667,18.940975
1623167,-0.15,0.97,0.34,44.12,18.9411,12.16111111,18.9411
1623177,-0.13,0.96,0.31,,,12.19097222,18.941225
1623187,-0.12,0.96,0.29,,,12.12638889,18.94135
1623197,-0.12,0.94,0.29,,,12.06180556,18.941475
1623207,-0.12,0.93,0.29,43.19,18.9416,12.13055556,18.94155
1623217,-0.11,0.92,0.31,,,11.99930556,18.9417
1623227,-0.1,0.93,0.3,,,12.00138889,18.9418
1623237,-0.09,0.89,0.31,,,12.00347222,18.9419
1623247,-0.08,0.86,0.28,43.22,18.942,11.9375,18.94205
1623257,-0.08,0.84,0.3,,,11.97361111,18.942125
1623267,-0.09,0.85,0.26,,,11.94166667,18.94225
1623277,-0.07,0.85,0.27,,,11.90972222,18.942375
1623287,-0.08,0.87,0.24,42.76,18.9425,11.89583333,18.9425
1623297,-0.08,0.88,0.23,,,11.85486111,18.942625
1623307,-0.09,0.87,0.18,,,11.83194444,18.94275
1623317,-0.07,0.86,0.17,,,11.80902778,18.942875
1623327,-0.06,0.85,0.16,42.43,18.943,11.80694444,18.94295
1623337,-0.05,0.87,0.15,,,11.77361111,18.9431
1623347,-0.05,0.87,0.13,,,11.76111111,18.9432
1623357,-0.03,0.89,0.14,,,11.74861111,18.9433
1623367,-0.04,0.87,0.14,42.25,18.9434,11.72083333,18.94345
1623377,-0.02,0.82,0.11,,,11.71597222,18.943525
1623387,-0.01,0.78,0.1,,,11.69583333,18.94365
1623397,-0.02,0.77,0.09,,,11.67569444,18.943775
1623407,-0.02,0.75,0.08,41.96,18.9439,11.66805556,18.9439
1623417,-0.02,0.7,0.06,,,11.64166667,18.944025
1623427,-0.01,0.67,0.07,,,11.62777778,18.94415
1623437,-0.02,0.62,0.05,,,11.61388889,18.944275
1623447,-0.01,0.56,0.06,41.76,18.9444,11.60833333,18.94435
1623457,-0.02,0.52,0.04,,,11.59027778,18.9445
1623467,-0.02,0.49,0.06,,,11.58055556,18.9446
1623477,-0.04,0.43,0.07,,,11.57083333,18.9447
1623487,-0.04,0.38,0.06,41.62,18.9448,11.575,18.94485
1623497,-0.04,0.32,0.06,,,11.55833333,18.944925
1623507,-0.03,0.24,0.05,,,11.55555556,18.94505
1623517,-0.02,0.15,0.05,,,11.55277778,18.945175
1623527,-0.02,0.05,0.06,41.58,18.9453,11.52083333,18.9453
1623537,-0.02,-0.02,0.06,,,11.53263889,18.945425
1623547,-0.02,-0.1,0.06,,,11.51527778,18.94555
1623557,-0.02,-0.17,0.07,,,11.49791667,18.945675
1623567,-0.03,-0.25,0.1,41.33,18.9458,11.48472222,18.94575
1623577,-0.05,-0.32,0.07,,,11.46527778,18.9459
1623587,-0.05,-0.4,0.1,,,11.45,18.946
1623597,-0.06,-0.46,0.1,,,11.43472222,18.9461
1623607,-0.07,-0.49,0.02,41.11,18.9462,11.38611111,18.94625
1623617,-0.07,-0.54,0.02,,,11.3875,18.946325
1623627,-0.02,-0.58,0,,,11.35555556,18.94645
1623637,-0.01,-0.64,-0.01,,,11.32361111,18.946575
1623647,-0.05,-0.67,-0.05,40.65,18.9467,11.38888889,18.94665
1623657,-0.01,-0.75,0.05,,,11.30833333,18.9468
1623667,0,-0.77,-0.08,,,11.325,18.9469
1623677,-0.05,-0.82,0.06,,,11.34166667,18.947
1623687,-0.06,-0.88,0.12,40.89,18.9471,11.29861111,18.94715
1623697,-0.07,-0.92,0.06,,,11.34513889,18.947225
1623707,-0.07,-0.96,0.09,,,11.33194444,18.94735
1623717,-0.06,-0.98,0.09,,,11.31875,18.947475
1623727,-0.09,-1,0.04,40.7,18.9476,11.29166667,18.94755
1623737,-0.07,-1.01,0.09,,,11.28541667,18.9477
1623747,-0.08,-1.03,0.1,,,11.26527778,18.9478
1623757,-0.07,-1.03,0.18,,,11.24513889,18.9479
1623767,-0.07,-1.04,0.13,40.41,18.948,11.27083333,18.94805
1623777,-0.06,-1.04,0.25,,,11.22777778,18.948125
1623787,-0.06,-1.02,0.18,,,11.23055556,18.94825
1623797,-0.05,-1.11,0.26,,,11.23333333,18.948375
1623807,-0.03,-1.13,0.2,40.45,18.9485,11.20833333,18.94845
1623817,-0.01,-1.18,0.23,,,11.225,18.9486
1623827,-0.03,-1.16,0.16,,,11.21388889,18.9487
1623837,-0.02,-1.22,0.16,,,11.20277778,18.9488
1623847,-0.04,-1.2,0.12,40.29,18.9489,11.17083333,18.94895
1623857,-0.01,-1.23,0.11,,,11.17013889,18.949025
1623867,0,-1.18,-0.05,,,11.14861111,18.94915
1623877,-0.01,-1.2,-0.02,,,11.12708333,18.949275
1623887,-0.06,-1.22,0.02,39.98,18.9494,11.14305556,18.94935
1623897,-0.07,-1.25,0.09,,,11.10277778,18.9495
1623907,-0.08,-1.34,0.14,,,11.1,18.9496
1623917,-0.09,-1.34,0.13,,,11.09722222,18.9497
1623927,-0.08,-1.32,0.07,39.94,18.9498,11.03055556,18.94985
1623937,-0.09,-1.35,0.13,,,11.05972222,18.949925
1623947,-0.08,-1.31,0.07,,,11.025,18.95005
1623957,-0.09,-1.33,0.12,,,10.99027778,18.950175
1623967,-0.07,-1.33,0.07,39.44,18.9503,11.01388889,18.95025
1623977,-0.05,-1.31,0,,,10.95,18.9504
1623987,-0.08,-1.32,0.11,,,10.94444444,18.9505
1623997,-0.1,-1.29,0.12,,,10.93888889,18.9506
1624007,-0.07,-1.27,0.06,39.36,18.9507,10.91944444,18.9507
1624017,-0.07,-1.3,0.19,,,10.92083333,18.9508
1624027,-0.07,-1.29,0.16,,,10.90833333,18.9509
1624037,-0.05,-1.29,0.15,,,10.89583333,18.951
1624047,-0.04,-1.3,0.21,39.18,18.9511,10.85277778,18.95115
1624057,0.01,-1.27,0.12,,,10.85555556,18.951225
1624067,0,-1.31,0.13,,,10.82777778,18.95135
1624077,0.01,-1.31,0.08,,,10.8,18.951475
1624087,0.03,-1.29,-0.01,38.78,18.9516,10.84444444,18.95155
1624097,0.02,-1.27,0.09,,,10.78055556,18.9517
1624107,-0.01,-1.27,0.14,,,10.78888889,18.9518
1624117,-0.02,-1.28,0.1,,,10.79722222,18.9519
1624127,-0.02,-1.3,0.05,38.9,18.952,10.78888889,18.952
1624137,-0.01,-1.3,0.05,,,10.80555556,18.9521
1624147,-0.03,-1.31,0.11,,,10.80555556,18.9522
1624157,-0.01,-1.28,0.08,,,10.80555556,18.9523
1624167,0.02,-1.24,0.09,38.9,18.9524,10.73888889,18.95245
1624177,-0.02,-1.2,0.09,,,10.77222222,18.952525
1624187,0,-1.16,0.03,,,10.73888889,18.95265
1624197,0.02,-1.11,-0.06,,,10.70555556,18.952775
1624207,0.02,-1.07,0.04,38.42,18.9529,10.74444444,18.95285
1624217,0,-1.04,0.1,,,10.675,18.953
1624227,0.01,-0.97,0.06,,,10.67777778,18.9531
1624237,0,-0.9,-0.01,,,10.68055556,18.9532
1624247,-0.01,-0.84,0.03,38.46,18.9533,10.70277778,18.9533
1624257,-0.02,-0.8,0.03,,,10.69583333,18.9534
1624267,-0.02,-0.76,0.04,,,10.70833333,18.9535
1624277,-0.02,-0.72,0.03,,,10.72083333,18.9536
1624287,-0.02,-0.66,0.02,38.64,18.9537,10.70138889,18.9537
1624297,-0.03,-0.59,0.02,,,10.72986111,18.9538
1624307,-0.01,-0.55,0.02,,,10.72638889,18.9539
1624317,0,-0.48,0.04,,,10.72291667,18.954
1624327,-0.01,-0.42,0.04,38.59,18.9541,10.72222222,18.95415
1624337,-0.01,-0.34,0.06,,,10.71736111,18.954225
1624347,0.01,-0.25,0.08,,,10.71527778,18.95435
1624357,0,-0.16,0.14,,,10.71319444,18.954475
1624367,-0.02,-0.06,0.11,38.56,18.9546,10.71388889,18.95455
1624377,-0.01,0.02,0.07,,,10.71041667,18.9547
1624387,0,0.09,0.07,,,10.70972222,18.9548
1624397,0,0.15,0.08,,,10.70902778,18.9549
1624407,-0.01,0.2,0.09,38.55,18.955,10.73888889,18.955
1624417,-0.01,0.24,0.03,,,10.72291667,18.9551
1624427,0.02,0.32,0.04,,,10.7375,18.9552
1624437,0.01,0.38,0.12,,,10.75208333,18.9553
1624447,-0.02,0.43,0.11,38.76,18.9554,10.7375,18.9554
1624457,-0.03,0.51,0.01,,,10.76666667,18.9555
1624467,-0.03,0.6,-0.01,,,10.76666667,18.9556
1624477,-0.04,0.66,0.04,,,10.76666667,18.9557
1624487,-0.03,0.69,0.08,38.76,18.9558,10.79444444,18.95585
1624497,-0.01,0.73,0.08,,,10.78055556,18.955925
1624507,-0.01,0.77,0.11,,,10.79444444,18.95605
1624517,-0.02,0.82,0.1,,,10.80833333,18.956175
1624527,0,0.86,0.07,38.96,18.9563,10.75416667,18.95625
1624537,0.02,0.87,0.12,,,10.80208333,18.9564
1624547,-0.01,0.9,0.11,,,10.78194444,18.9565
1624557,-0.01,0.93,0.03,,,10.76180556,18.9566
1624567,0.01,0.97,0,38.67,18.9567,10.80833333,18.9567
1624577,0.03,1.03,0.1,,,10.75486111,18.9568
1624587,0.03,1.05,0.15,,,10.76805556,18.9569
1624597,0,1.03,0.13,,,10.78125,18.957
1624607,0.01,1.06,0.04,38.86,18.9571,10.75972222,18.95715
1624617,0.01,1.08,0.12,,,10.79027778,18.957225
1624627,0,1.08,0.06,,,10.78611111,18.95735
1624637,0.04,1.12,-0.03,,,10.78194444,18.957475
1624647,0.04,1.11,0.08,38.8,18.9576,10.81388889,18.95755
1624657,0.02,1.11,0.05,,,10.79166667,18.9577
1624667,0.09,1.13,-0.06,,,10.80555556,18.9578
1624677,0.09,1.09,0.04,,,10.81944444,18.9579
1624687,0.1,1.12,-0.05,39,18.958,10.825,18.958
1624697,0.12,1.13,0.01,,,10.84305556,18.9581
1624707,0.08,1.09,0.05,,,10.85277778,18.9582
1624717,0.15,1.13,-0.06,,,10.8625,18.9583
1624727,0.13,1.07,-0.06,39.14,18.9584,10.81527778,18.9584
1624737,0.15,1.11,-0.09,,,10.85347222,18.9585
1624747,0.12,1.08,-0.04,,,10.83472222,18.9586
1624757,0.15,1.12,-0.19,,,10.81597222,18.9587
1624767,0.12,1.11,-0.09,38.87,18.9588,10.67777778,18.95885
1624777,0.16,1.12,-0.17,,,10.71875,18.958925
1624787,0.15,1.13,-0.09,,,10.64027778,18.95905
1624797,0.14,1.14,-0.18,,,10.56180556,18.959175
1624807,0.12,1.14,-0.1,37.74,18.9593,10.91388889,18.95925
1624817,0.19,1.12,-0.18,,,10.62013889,18.9594
1624827,0.17,1.11,-0.1,,,10.75694444,18.9595
1624837,0.2,1.12,-0.22,,,10.89375,18.9596
1624847,0.17,1.09,-0.11,39.71,18.9597,10.75833333,18.9597
1624857,0.21,1.11,-0.24,,,11.03125,18.9598
1624867,0.15,1.1,-0.15,,,11.03194444,18.9599
1624877,0.18,1.13,-0.26,,,11.03263889,18.96
1624887,0.15,1.11,-0.17,39.72,18.9601,11.08055556,18.96015
1624897,0.2,1.13,-0.22,,,11.05763889,18.960225
1624907,0.15,1.1,-0.11,,,11.08194444,18.96035
1624917,0.2,1.13,-0.2,,,11.10625,18.960475
1624927,0.19,1.09,-0.17,40.07,18.9606,11.13472222,18.96055
1624937,0.21,1.12,-0.17,,,11.15694444,18.9607
1624947,0.25,1.07,-0.25,,,11.18333333,18.9608
1624957,0.22,1.09,-0.18,,,11.20972222,18.9609
1624967,0.26,1.08,-0.32,40.45,18.961,11.24722222,18.96105
1624977,0.2,1.02,-0.22,,,11.26805556,18.961125
1624987,0.25,1.02,-0.3,,,11.3,18.96125
1624997,0.2,0.99,-0.24,,,11.33194444,18.961375
1625007,0.23,1.03,-0.28,40.91,18.9615,11.3375,18.96145
1625017,0.22,0.98,-0.25,,,11.38263889,18.9616
1625027,0.24,1.04,-0.23,,,11.40138889,18.9617
1625037,0.25,0.99,-0.31,,,11.42013889,18.9618
1625047,0.2,0.95,-0.22,41.18,18.9619,11.46527778,18.96195
1625057,0.22,0.94,-0.31,,,11.47083333,18.962025
1625067,0.16,0.91,-0.2,,,11.50277778,18.96215
1625077,0.2,0.93,-0.26,,,11.53472222,18.962275
1625087,0.18,0.89,-0.25,41.64,18.9624,11.54305556,18.9624
1625097,0.16,0.91,-0.19,,,11.58680556,18.962525
1625107,0.21,0.87,-0.31,,,11.60694444,18.96265
1625117,0.19,0.81,-0.2,,,11.62708333,18.962775
1625127,0.18,0.85,-0.21,41.93,18.9629,11.64305556,18.96285
1625137,0.19,0.86,-0.2,,,11.66527778,18.963
1625147,0.15,0.84,-0.19,,,11.68333333,18.9631
1625157,0.17,0.84,-0.21,,,11.70138889,18.9632
1625167,0.18,0.78,-0.22,42.19,18.9633,11.73055556,18.96335
1625177,0.11,0.74,-0.16,,,11.74305556,18.963425
1625187,0.15,0.73,-0.24,,,11.76666667,18.96355
1625197,0.15,0.7,-0.28,,,11.79027778,18.963675
1625207,0.11,0.72,-0.23,42.53,18.9638,11.83194444,18.9638
1625217,0.16,0.71,-0.28,,,11.84652778,18.963925
1625227,0.18,0.69,-0.25,,,11.87916667,18.96405
1625237,0.16,0.73,-0.25,,,11.91180556,18.964175
1625247,0.24,0.71,-0.28,43,18.9643,11.93055556,18.9643
1625257,0.31,0.63,-0.31,,,11.97013889,18.964425
1625267,0.25,0.57,-0.32,,,11.99583333,18.96455
1625277,0.2,0.6,-0.31,,,12.02152778,18.964675
1625287,0.22,0.56,-0.28,43.37,18.9648,12.08194444,18.96475
1625297,0.19,0.49,-0.27,,,12.09027778,18.9649
1625307,0.13,0.48,-0.23,,,12.13333333,18.965
1625317,0.15,0.48,-0.21,,,12.17638889,18.9651
1625327,0.22,0.49,-0.23,43.99,18.9652,12.18611111,18.96525
1625337,0.27,0.45,-0.25,,,12.24583333,18.965325
1625347,0.21,0.4,-0.27,,,12.27222222,18.96545
1625357,0.15,0.39,-0.18,,,12.29861111,18.965575
1625367,0.21,0.32,-0.14,44.37,18.9657,12.2875,18.9657
1625377,0.19,0.26,-0.18,,,12.33263889,18.965825
1625387,0.14,0.22,-0.22,,,12.34027778,18.96595
1625397,0.21,0.16,-0.19,,,12.34791667,18.966075
1625407,0.25,0.12,-0.34,44.48,18.9662,12.41527778,18.9662
1625417,0.25,0.09,-0.31,,,12.39305556,18.966325
1625427,0.15,0.07,-0.29,,,12.43055556,18.96645
1625437,0.06,0.07,-0.19,,,12.46805556,18.966575
1625447,0.09,0.05,-0.03,45.02,18.9667,12.46944444,18.9667
1625457,0.22,0.03,-0.04,,,12.525,18.966825
1625467,0.32,-0.05,-0.13,,,12.54444444,18.96695
1625477,0.38,-0.1,-0.25,,,12.56388889,18.967075
1625487,0.36,-0.15,-0.39,45.3,18.9672,12.6125,18.9672
1625497,0.23,-0.2,-0.38,,,12.61736111,18.967325
1625507,0.14,-0.22,-0.25,,,12.65138889,18.96745
1625517,0.07,-0.21,-0.13,,,12.68541667,18.967575
1625527,0.1,-0.19,0.01,45.79,18.9677,12.69305556,18.9677
1625537,0.13,-0.14,0.16,,,12.74027778,18.967825
1625547,0.25,-0.14,0.19,,,12.76111111,18.96795
1625557,0.36,-0.22,0.09,,,12.78194444,18.968075
1625567,0.48,-0.29,-0.02,46.09,18.9682,12.85416667,18.9682
1625577,0.58,-0.34,-0.15,,,12.84930556,18.968325
1625587,0.68,-0.38,-0.3,,,12.89583333,18.96845
1625597,0.73,-0.4,-0.45,,,12.94236111,18.968575
1625607,0.73,-0.37,-0.57,46.76,18.9687,12.9,18.96875
1625617,0.72,-0.37,-0.66,,,12.99097222,18.96885
1625627,0.76,-0.38,-0.75,,,12.99305556,18.969
1625637,0.82,-0.37,-0.85,,,12.99513889,18.96915
1625647,0.84,-0.41,-0.93,46.79,18.9693,13.08333333,18.96925
1625657,0.82,-0.41,-0.97,,,13.04236111,18.969425
1625667,0.78,-0.4,-0.87,,,13.0875,18.96955
1625677,0.75,-0.4,-0.71,,,13.13263889,18.969675
1625687,0.72,-0.42,-0.54,47.44,18.9698,13.11805556,18.9698
1625697,0.67,-0.42,-0.35,,,13.19305556,18.969925
1625707,0.62,-0.46,-0.17,,,13.20833333,18.97005
1625717,0.51,-0.48,0.02,,,13.22361111,18.970175
1625727,0.32,-0.48,0.15,47.66,18.9703,13.23194444,18.97035
1625737,0.2,-0.51,0.18,,,13.25069444,18.97045
1625747,0.13,-0.56,0.17,,,13.2625,18.9706
1625757,0.17,-0.6,0.02,,,13.27430556,18.97075
1625767,0.25,-0.62,-0.16,47.83,18.9709,13.32916667,18.97085
1625777,0.27,-0.62,-0.18,,,13.31944444,18.971025
1625787,0.24,-0.61,-0.15,,,13.35277778,18.97115
1625797,0.18,-0.63,-0.05,,,13.38611111,18.971275
1625807,0.11,-0.66,0.02,48.31,18.9714,13.38055556,18.9714
1625817,0.12,-0.67,-0.06,,,13.43333333,18.971525
1625827,0.2,-0.7,-0.21,,,13.44722222,18.97165
1625837,0.24,-0.7,-0.28,,,13.46111111,18.971775
1625847,0.19,-0.7,-0.33,48.51,18.9719,13.48055556,18.97195
1625857,0.13,-0.7,-0.31,,,13.49166667,18.97205
1625867,0.14,-0.7,-0.32,,,13.50833333,18.9722
1625877,0.23,-0.75,-0.41,,,13.525,18.97235
1625887,0.27,-0.74,-0.47,48.75,18.9725,13.58194444,18.97245
1625897,0.19,-0.69,-0.35,,,13.57847222,18.972625
1625907,0.16,-0.65,-0.2,,,13.61527778,18.97275
1625917,0.2,-0.64,-0.19,,,13.65208333,18.972875
1625927,0.25,-0.61,-0.28,49.28,18.973,13.65555556,18.97305
1625937,0.24,-0.63,-0.28,,,13.70902778,18.97315
1625947,0.18,-0.64,-0.25,,,13.72916667,18.9733
1625957,0.23,-0.62,-0.28,,,13.74930556,18.97345
1625967,0.29,-0.63,-0.36,49.57,18.9736,13.82222222,18.97355
1625977,0.28,-0.61,-0.37,,,13.81597222,18.973725
1625987,0.19,-0.59,-0.29,,,13.8625,18.97385
1625997,0.22,-0.61,-0.29,,,13.90902778,18.973975
1626007,0.25,-0.57,-0.3,50.24,18.9741,13.89722222,18.97415
1626017,0.23,-0.58,-0.26,,,13.97291667,18.97425
1626027,0.25,-0.59,-0.23,,,13.99027778,18.9744
1626037,0.29,-0.54,-0.24,,,14.00763889,18.97455
1626047,0.27,-0.53,-0.21,50.49,18.9747,14.01666667,18.97465
1626057,0.22,-0.54,-0.19,,,14.03819444,18.974825
1626067,0.24,-0.51,-0.2,,,14.05138889,18.97495
1626077,0.21,-0.5,-0.15,,,14.06458333,18.975075
1626087,0.17,-0.49,-0.1,50.68,18.9752,14.10555556,18.97525
1626097,0.22,-0.52,-0.17,,,14.10486111,18.97535
1626107,0.26,-0.52,-0.22,,,14.13194444,18.9755
1626117,0.26,-0.49,-0.3,,,14.15902778,18.97565
1626127,0.27,-0.46,-0.37,51.07,18.9758,14.14861111,18.9758
1626137,0.29,-0.48,-0.36,,,14.19444444,18.97595
1626147,0.27,-0.46,-0.32,,,14.20277778,18.9761
1626157,0.29,-0.46,-0.29,,,14.21111111,18.97625
1626167,0.33,-0.45,-0.27,51.19,18.9764,14.31944444,18.97635
1626177,0.39,-0.44,-0.31,,,14.27777778,18.976525
1626187,0.43,-0.45,-0.33,,,14.33611111,18.97665
1626197,0.38,-0.45,-0.32,,,14.39444444,18.976775
1626207,0.36,-0.43,-0.3,52.03,18.9769,14.35,18.97695
1626217,0.34,-0.46,-0.25,,,14.45972222,18.97705
1626227,0.34,-0.46,-0.28,,,14.46666667,18.9772
1626237,0.32,-0.48,-0.26,,,14.47361111,18.97735
1626247,0.31,-0.52,-0.24,52.13,18.9775,14.4875,18.9775
1626257,0.31,-0.49,-0.22,,,14.49097222,18.97765
1626267,0.27,-0.49,-0.22,,,14.50138889,18.9778
1626277,0.23,-0.52,-0.2,,,14.51180556,18.97795
1626287,0.22,-0.52,-0.22,52.28,18.9781,14.53611111,18.9781
1626297,0.26,-0.54,-0.23,,,14.53958333,18.97825
1626307,0.26,-0.55,-0.22,,,14.55694444,18.9784
1626317,0.26,-0.57,-0.24,,,14.57430556,18.97855
1626327,0.3,-0.61,-0.2,52.53,18.9787,14.6375,18.9787
1626337,0.31,-0.62,-0.21,,,14.63194444,18.97885
1626347,0.3,-0.64,-0.2,,,14.67222222,18.979
1626357,0.26,-0.67,-0.18,,,14.7125,18.97915
1626367,0.26,-0.66,-0.2,53.11,18.9793,14.69861111,18.9793
1626377,0.23,-0.67,-0.21,,,14.76597222,18.97945
1626387,0.23,-0.68,-0.21,,,14.77916667,18.9796
1626397,0.18,-0.67,-0.18,,,14.79236111,18.97975
1626407,0.22,-0.71,-0.17,53.3,18.9799,14.81111111,18.9799
1626417,0.19,-0.7,-0.14,,,14.82152778,18.98005
1626427,0.24,-0.71,-0.17,,,14.8375,18.9802
1626437,0.25,-0.72,-0.21,,,14.85347222,18.98035
1626447,0.27,-0.72,-0.26,53.53,18.9805,14.87083333,18.9805
1626457,0.27,-0.72,-0.3,,,14.88611111,18.98065
1626467,0.24,-0.66,-0.25,,,14.90277778,18.9808
1626477,0.26,-0.65,-0.19,,,14.91944444,18.98095
1626487,0.25,-0.68,-0.2,53.77,18.9811,14.95416667,18.9811
1626497,0.2,-0.68,-0.22,,,14.96180556,18.98125
1626507,0.19,-0.74,-0.21,,,14.9875,18.9814
1626517,0.2,-0.7,-0.21,,,15.01319444,18.98155
1626527,0.22,-0.67,-0.21,54.14,18.9817,14.99583333,18.98165
1626537,0.27,-0.67,-0.21,,,15.04305556,18.981825
1626547,0.26,-0.62,-0.19,,,15.04722222,18.98195
1626557,0.19,-0.63,-0.15,,,15.05138889,18.982075
1626567,0.2,-0.64,-0.13,54.2,18.9822,15.09583333,18.9823
1626577,0.17,-0.62,-0.13,,,15.07986111,18.982375
1626587,0.18,-0.65,-0.11,,,15.10416667,18.98255
1626597,0.18,-0.65,-0.11,,,15.12847222,18.982725
1626607,0.16,-0.69,-0.11,54.55,18.9829,15.16944444,18.98285
1626617,0.17,-0.72,-0.1,,,15.18541667,18.98305
1626627,0.16,-0.69,-0.09,,,15.21805556,18.9832
1626637,0.19,-0.7,-0.07,,,15.25069444,18.98335
1626647,0.2,-0.72,-0.08,55.02,18.9835,15.20555556,18.9835
1626657,0.19,-0.77,-0.05,,,15.27708333,18.98365
1626667,0.21,-0.83,-0.06,,,15.27083333,18.9838
1626677,0.2,-0.82,-0.1,,,15.26458333,18.98395
1626687,0.2,-0.86,-0.12,54.93,18.9841,15.28055556,18.9841
1626697,0.17,-0.84,-0.12,,,15.26319444,18.98425
1626707,0.17,-0.81,-0.11,,,15.26805556,18.9844
1626717,0.16,-0.82,-0.11,,,15.27291667,18.98455
1626727,0.13,-0.82,-0.1,55,18.9847,15.31666667,18.9847
1626737,0.12,-0.88,-0.1,,,15.30208333,18.98485
1626747,0.1,-0.92,-0.1,,,15.32638889,18.985
1626757,0.08,-0.94,-0.07,,,15.35069444,18.98515
1626767,0.12,-0.98,-0.05,55.35,18.9853,15.30833333,18.9853
1626777,0.12,-0.97,-0.03,,,15.36597222,18.98545
1626787,0.14,-0.97,-0.01,,,15.35694444,18.9856
1626797,0.13,-0.95,0,,,15.34791667,18.98575
1626807,0.11,-0.94,0,55.22,18.9859,15.39166667,18.9859
1626817,0.09,-1,0.01,,,15.35625,18.98605
1626827,0.07,-1.01,0,,,15.37361111,18.9862
1626837,0.06,-1.06,-0.05,,,15.39097222,18.98635
1626847,0.05,-1.12,-0.06,55.47,18.9865,15.33472222,18.9865
1626857,0.03,-1.16,-0.06,,,15.38888889,18.98665
1626867,0.02,-1.21,-0.05,,,15.36944444,18.9868
1626877,0.02,-1.18,-0.05,,,15.35,18.98695
1626887,0.01,-1.14,-0.03,55.19,18.9871,15.36944444,18.9871
1626897,-0.02,-1.17,0,,,15.33055556,18.98725
1626907,-0.04,-1.19,0,,,15.33055556,18.9874
1626917,-0.05,-1.19,-0.04,,,15.33055556,18.98755
1626927,-0.03,-1.17,-0.07,55.19,18.9877,15.33888889,18.9877
1626937,-0.06,-1.12,-0.05,,,15.33472222,18.98785
1626947,-0.05,-1.1,0.01,,,15.33888889,18.988
1626957,-0.06,-1.04,0.09,,,15.34305556,18.98815
1626967,-0.05,-0.95,0.09,55.25,18.9883,15.25,18.98835
1626977,-0.05,-0.92,0.06,,,15.30277778,18.988475
1626987,-0.06,-0.86,0.07,,,15.25833333,18.98865
1626997,-0.06,-0.84,0.07,,,15.21388889,18.988825
1627007,-0.06,-0.81,0.12,54.61,18.989,15.27916667,18.98895
1627017,-0.06,-0.76,0.18,,,15.17986111,18.98915
1627027,-0.05,-0.74,0.17,,,15.19027778,18.9893
1627037,-0.03,-0.71,0.18,,,15.20069444,18.98945
1627047,-0.02,-0.66,0.16,54.76,18.9896,15.14305556,18.9896
1627057,-0.02,-0.6,0.15,,,15.1875,18.98975
1627067,-0.04,-0.54,0.25,,,15.16388889,18.9899
1627077,-0.03,-0.54,0.17,,,15.14027778,18.99005
1627087,-0.03,-0.52,0.13,54.42,18.9902,15.14027778,18.9902
1627097,-0.03,-0.48,0.15,,,15.10486111,18.99035
1627107,-0.05,-0.48,0.2,,,15.09305556,18.9905
1627117,-0.04,-0.42,0.18,,,15.08125,18.99065
1627127,-0.05,-0.36,0.16,54.25,18.9908,15.10416667,18.9908
1627137,-0.05,-0.32,0.14,,,15.075,18.99095
1627147,-0.05,-0.26,0.13,,,15.08055556,18.9911
1627157,-0.04,-0.25,0.06,,,15.08611111,18.99125
1627167,-0.04,-0.25,0.05,54.33,18.9914,15.04722222,18.9914
1627177,-0.06,-0.21,0.06,,,15.075,18.99155
1627187,-0.08,-0.22,0.11,,,15.05833333,18.9917
1627197,-0.09,-0.18,0.09,,,15.04166667,18.99185
1627207,-0.08,-0.14,0.1,54.09,18.992,15.0375,18.992
1627217,-0.07,-0.1,0.09,,,15.01458333,18.99215
1627227,-0.07,0,0.09,,,15.00416667,18.9923
1627237,-0.07,0.05,0.09,,,14.99375,18.99245
1627247,-0.07,0.08,0.09,53.94,18.9926,14.97916667,18.9926
1627257,-0.07,0.13,0.07,,,14.97083333,18.99275
1627267,-0.05,0.13,0.05,,,14.95833333,18.9929
1627277,-0.04,0.18,0.04,,,14.94583333,18.99305
1627287,-0.03,0.26,0.03,53.76,18.9932,14.97361111,18.9932
1627297,0.01,0.32,0,,,14.94097222,18.99335
1627307,0.02,0.42,-0.01,,,14.94861111,18.9935
1627317,0.04,0.48,-0.03,,,14.95625,18.99365
1627327,0.05,0.51,-0.01,53.87,18.9938,14.97083333,18.9938
1627337,0.04,0.55,0.02,,,14.975,18.99395
1627347,0.04,0.54,0.04,,,14.98611111,18.9941
1627357,0.05,0.59,0.02,,,14.99722222,18.99425
1627367,0.07,0.6,0.01,54.03,18.9944,15.03888889,18.9944
1627377,0.1,0.63,0.01,,,15.03472222,18.99455
1627387,0.1,0.73,-0.02,,,15.06111111,18.9947
1627397,0.07,0.74,0.01,,,15.0875,18.99485
1627407,0.06,0.78,0,54.41,18.995,15.05972222,18.995
1627417,0.06,0.81,0,,,15.11319444,18.99515
1627427,0.09,0.79,-0.02,,,15.1125,18.9953
1627437,0.09,0.84,-0.05,,,15.11180556,18.99545
1627447,0.1,0.86,0,54.4,18.9956,15.09305556,18.9956
1627457,0.08,0.9,-0.02,,,15.10138889,18.99575
1627467,0.06,0.98,-0.05,,,15.09166667,18.9959
1627477,0.06,0.98,-0.06,,,15.08194444,18.99605
1627487,0.04,0.96,-0.03,54.26,18.9962,15.08194444,18.9962
1627497,0.07,0.95,-0.04,,,15.06736111,18.99635
1627507,0.06,0.93,-0.05,,,15.0625,18.9965
1627517,0.06,0.95,-0.05,,,15.05763889,18.99665
1627527,0.08,0.93,-0.07,54.19,18.9968,15.0875,18.9968
1627537,0.06,0.94,-0.08,,,15.06527778,18.99695
1627547,0.04,1,-0.05,,,15.07777778,18.9971
1627557,0.03,0.99,-0.05,,,15.09027778,18.99725
1627567,0.04,0.96,-0.06,54.37,18.9974,15.10555556,18.9974
1627577,0.03,0.94,-0.05,,,15.11666667,18.99755
1627587,0.05,0.89,-0.03,,,15.13055556,18.9977
1627597,0.07,0.89,-0.03,,,15.14444444,18.99785
1627607,0.05,0.88,0,54.57,18.998,15.12916667,18.998
1627617,0.06,0.92,0.02,,,15.15763889,18.99815
1627627,0.05,0.95,0.03,,,15.15694444,18.9983
1627637,0.07,0.93,0.02,,,15.15625,18.99845
1627647,0.07,0.94,0.02,54.56,18.9986,15.19583333,18.9986
1627657,0.07,0.92,0.04,,,15.175,18.99875
1627667,0.09,0.9,0.03,,,15.19444444,18.9989
1627677,0.1,0.89,0.03,,,15.21388889,18.99905
1627687,0.09,0.88,0.05,54.84,18.9992,15.14305556,18.9992
1627697,0.09,0.91,0.04,,,15.20763889,18.99935
1627707,0.07,0.94,0,,,15.18194444,18.9995
1627717,0.05,1,0.01,,,15.15625,18.99965
1627727,0.04,1.05,-0.02,54.47,18.9998,15.20972222,18.99985
1627737,0.03,1.05,-0.03,,,15.14444444,18.999975
1627747,0.04,1.04,-0.02,,,15.15833333,19.00015
1627757,0.05,1.04,-0.07,,,15.17222222,19.000325
1627767,0.06,1.02,-0.07,54.67,19.0005,15.15972222,19.00045
1627777,0.04,1.06,-0.06,,,15.18680556,19.00065
1627787,0.05,1.1,-0.08,,,15.1875,19.0008
1627797,0.07,1.11,-0.1,,,15.18819444,19.00095
1627807,0.06,1.14,-0.09,54.68,19.0011,15.21527778,19.0011
1627817,0.06,1.1,-0.07,,,15.20277778,19.00125
1627827,0.06,1.11,-0.07,,,15.21666667,19.0014
1627837,0.09,1.08,-0.08,,,15.23055556,19.00155
1627847,0.1,1.06,-0.07,54.88,19.0017,15.20138889,19.0017
1627857,0.11,1.06,-0.05,,,15.23680556,19.00185
1627867,0.09,1.07,-0.04,,,15.22916667,19.002
1627877,0.12,1.11,-0.04,,,15.22152778,19.00215
1627887,0.09,1.13,-0.04,54.77,19.0023,15.26527778,19.0023
1627897,0.1,1.08,-0.03,,,15.23194444,19.00245
1627907,0.12,1.08,-0.02,,,15.25,19.0026
1627917,0.11,1.06,-0.03,,,15.26805556,19.00275
1627927,0.1,1.05,-0.02,55.03,19.0029,15.23055556,19.0029
1627937,0.11,1.07,0,,,15.27638889,19.00305
1627947,0.12,1.07,0.02,,,15.26666667,19.0032
1627957,0.12,1.1,0.02,,,15.25694444,19.00335
1627967,0.12,1.12,0,54.89,19.0035,15.28333333,19.0035
1627977,0.12,1.11,0.01,,,15.25555556,19.00365
1627987,0.12,1.12,-0.01,,,15.26388889,19.0038
1627997,0.12,1.08,-0.01,,,15.27222222,19.00395
1628007,0.09,1.09,-0.01,55.01,19.0041,15.2625,19.0041
1628017,0.08,1.09,-0.03,,,15.27986111,19.00425
1628027,0.08,1.09,-0.05,,,15.27916667,19.0044
1628037,0.07,1.16,-0.06,,,15.27847222,19.00455
1628047,0.09,1.14,-0.05,55,19.0047,15.29305556,19.0047
1628057,0.09,1.11,-0.04,,,15.28472222,19.00485
1628067,0.12,1.09,-0.07,,,15.29166667,19.005
1628077,0.12,1.05,-0.04,,,15.29861111,19.00515
1628087,0.11,1.07,-0.03,55.1,19.0053,15.31111111,19.0053
1628097,0.13,1.06,-0.03,,,15.31527778,19.00545
1628107,0.12,1.05,-0.05,,,15.325,19.0056
1628117,0.12,1.08,-0.06,,,15.33472222,19.00575
1628127,0.14,1.08,-0.07,55.24,19.0059,15.35138889,19.00595
1628137,0.15,1.09,-0.06,,,15.35763889,19.006075
1628147,0.17,1.05,-0.05,,,15.37083333,19.00625
1628157,0.17,1.02,-0.05,,,15.38402778,19.006425
1628167,0.16,1.03,-0.04,55.43,19.0066,15.39166667,19.00655
1628177,0.15,1.03,-0.05,,,15.40763889,19.00675
1628187,0.13,1.07,-0.08,,,15.41805556,19.0069
1628197,0.13,1.1,-0.11,,,15.42847222,19.00705
1628207,0.13,1.1,-0.13,55.58,19.0072,15.40694444,19.0072
1628217,0.13,1.12,-0.13,,,15.43333333,19.00735
1628227,0.11,1.08,-0.11,,,15.42777778,19.0075
1628237,0.13,1.09,-0.1,,,15.42222222,19.00765
1628247,0.15,1.07,-0.12,55.5,19.0078,15.48194444,19.0078
1628257,0.14,1.04,-0.12,,,15.44375,19.00795
1628267,0.13,1.06,-0.08,,,15.47083333,19.0081
1628277,0.1,1.06,-0.07,,,15.49791667,19.00825
1628287,0.12,1.08,-0.07,55.89,19.0084,15.45277778,19.0084
1628297,0.11,1.05,-0.07,,,15.51597222,19.00855
1628307,0.1,0.98,-0.07,,,15.50694444,19.0087
1628317,0.12,0.94,-0.11,,,15.49791667,19.00885
1628327,0.12,0.86,-0.09,55.76,19.009,15.525,19.009
1628337,0.1,0.84,-0.08,,,15.49791667,19.00915
1628347,0.08,0.83,-0.08,,,15.50694444,19.0093
1628357,0.09,0.82,-0.09,,,15.51597222,19.00945
1628367,0.09,0.84,-0.11,55.89,19.0096,15.54027778,19.00965
1628377,0.09,0.8,-0.11,,,15.54166667,19.009775
1628387,0.11,0.73,-0.12,,,15.55833333,19.00995
1628397,0.1,0.7,-0.14,,,15.575,19.010125
1628407,0.09,0.58,-0.13,56.13,19.0103,15.56944444,19.01025
1628417,0.07,0.56,-0.13,,,15.59722222,19.01045
1628427,0.04,0.52,-0.1,,,15.60277778,19.0106
1628437,0.01,0.5,-0.1,,,15.60833333,19.01075
1628447,0,0.49,-0.09,56.21,19.0109,15.6125,19.0109
1628457,0,0.42,-0.07,,,15.61875,19.01105
1628467,0,0.35,-0.01,,,15.62361111,19.0112
1628477,-0.04,0.3,0.02,,,15.62847222,19.01135
1628487,-0.08,0.18,0.11,56.28,19.0115,15.56527778,19.01155
1628497,-0.13,0.15,0.21,,,15.60416667,19.011675
1628507,-0.14,0.11,0.21,,,15.575,19.01185
1628517,-0.17,0.14,0.17,,,15.54583333,19.012025
1628527,-0.17,0.15,0.17,55.86,19.0122,15.51527778,19.01215
1628537,-0.16,0.13,0.15,,,15.48680556,19.01235
1628547,-0.16,0.09,0.18,,,15.45694444,19.0125
1628557,-0.15,0.06,0.17,,,15.42708333,19.01265
1628567,-0.16,-0.01,0.17,55.43,19.0128,15.45277778,19.0128
1628577,-0.17,-0.01,0.17,,,15.39513889,19.01295
1628587,-0.19,-0.07,0.21,,,15.39305556,19.0131
1628597,-0.17,-0.08,0.16,,,15.39097222,19.01325
1628607,-0.18,0,0.11,55.4,19.0134,15.29722222,19.0134
1628617,-0.17,-0.03,0.13,,,15.34097222,19.01355
1628627,-0.15,-0.04,0.13,,,15.29305556,19.0137
1628637,-0.15,-0.1,0.12,,,15.24513889,19.01385
1628647,-0.16,-0.13,0.15,54.71,19.014,15.24166667,19.014
1628657,-0.16,-0.16,0.2,,,15.17152778,19.01415
1628667,-0.15,-0.19,0.22,,,15.14583333,19.0143
1628677,-0.12,-0.2,0.22,,,15.12013889,19.01445
1628687,-0.09,-0.17,0.21,54.34,19.0146,15.09583333,19.0146
1628697,-0.08,-0.17,0.19,,,15.06944444,19.01475
1628707,-0.08,-0.16,0.2,,,15.04444444,19.0149
1628717,-0.08,-0.2,0.2,,,15.01944444,19.01505
1628727,-0.08,-0.23,0.22,53.98,19.0152,14.99027778,19.0152
1628737,-0.09,-0.26,0.22,,,14.96736111,19.01535
1628747,-0.1,-0.3,0.22,,,14.94027778,19.0155
1628757,-0.1,-0.32,0.2,,,14.91319444,19.01565
1628767,-0.1,-0.33,0.21,53.59,19.0158,14.88055556,19.0158
1628777,-0.08,-0.35,0.19,,,14.85625,19.01595
1628787,-0.1,-0.33,0.18,,,14.82638889,19.0161
1628797,-0.11,-0.34,0.18,,,14.79652778,19.01625
1628807,-0.13,-0.39,0.19,53.16,19.0164,14.81111111,19.0164
1628817,-0.14,-0.41,0.19,,,14.75902778,19.01655
1628827,-0.17,-0.44,0.17,,,14.75138889,19.0167
1628837,-0.16,-0.44,0.14,,,14.74375,19.01685
1628847,-0.17,-0.39,0.15,53.05,19.017,14.66666667,19.017
1628857,-0.19,-0.36,0.15,,,14.69375,19.01715
1628867,-0.2,-0.33,0.15,,,14.65138889,19.0173
1628877,-0.21,-0.34,0.19,,,14.60902778,19.01745
1628887,-0.21,-0.37,0.21,52.44,19.0176,14.60694444,19.0176
1628897,-0.2,-0.36,0.26,,,14.54444444,19.01775
1628907,-0.19,-0.4,0.28,,,14.52222222,19.0179
1628917,-0.21,-0.44,0.29,,,14.5,19.01805
1628927,-0.22,-0.43,0.28,52.12,19.0182,14.45277778,19.01815
1628937,-0.23,-0.41,0.25,,,14.44305556,19.018325
1628947,-0.21,-0.42,0.26,,,14.40833333,19.01845
1628957,-0.22,-0.4,0.28,,,14.37361111,19.018575
1628967,-0.23,-0.42,0.31,51.62,19.0187,14.31111111,19.01875
1628977,-0.23,-0.45,0.34,,,14.29027778,19.01885
1628987,-0.23,-0.46,0.35,,,14.24166667,19.019
1628997,-0.22,-0.5,0.36,,,14.19305556,19.01915
1629007,-0.21,-0.55,0.39,50.92,19.0193,14.15138889,19.0193
1629017,-0.21,-0.55,0.41,,,14.09930556,19.01945
1629027,-0.2,-0.56,0.42,,,14.05416667,19.0196
1629037,-0.18,-0.56,0.42,,,14.00902778,19.01975
1629047,-0.2,-0.54,0.41,50.27,19.0199,13.93888889,19.01985
1629057,-0.22,-0.55,0.42,,,13.90625,19.020025
1629067,-0.22,-0.58,0.43,,,13.84861111,19.02015
1629077,-0.23,-0.61,0.44,,,13.79097222,19.020275
1629087,-0.25,-0.66,0.44,49.44,19.0204,13.75277778,19.02045
1629097,-0.27,-0.68,0.43,,,13.68541667,19.02055
1629107,-0.28,-0.71,0.39,,,13.6375,19.0207
1629117,-0.28,-0.73,0.37,,,13.58958333,19.02085
1629127,-0.26,-0.74,0.34,48.75,19.021,13.50555556,19.02095
1629137,-0.25,-0.74,0.31,,,13.47569444,19.021125
1629147,-0.24,-0.75,0.31,,,13.40972222,19.02125
1629157,-0.26,-0.75,0.33,,,13.34375,19.021375
1629167,-0.29,-0.74,0.38,47.8,19.0215,13.34583333,19.02155
1629177,-0.3,-0.79,0.39,,,13.24583333,19.02165
1629187,-0.31,-0.83,0.4,,,13.21388889,19.0218
1629197,-0.33,-0.82,0.41,,,13.18194444,19.02195
1629207,-0.33,-0.82,0.38,47.34,19.0221,13.12916667,19.02205
1629217,-0.31,-0.8,0.34,,,13.10763889,19.022225
1629227,-0.29,-0.76,0.28,,,13.06527778,19.02235
1629237,-0.3,-0.78,0.28,,,13.02291667,19.022475
1629247,-0.31,-0.78,0.29,46.73,19.0226,12.99166667,19.0226
1629257,-0.32,-0.73,0.33,,,12.94375,19.022725
1629267,-0.32,-0.7,0.33,,,12.90694444,19.02285
1629277,-0.31,-0.7,0.34,,,12.87013889,19.022975
1629287,-0.3,-0.73,0.35,46.2,19.0231,12.78194444,19.0231
1629297,-0.29,-0.72,0.37,,,12.77083333,19.023225
1629307,-0.27,-0.69,0.38,,,12.70833333,19.02335
1629317,-0.24,-0.64,0.39,,,12.64583333,19.023475
1629327,-0.23,-0.61,0.4,45.3,19.0236,12.60555556,19.0236
1629337,-0.23,-0.62,0.39,,,12.53194444,19.023725
1629347,-0.24,-0.62,0.39,,,12.48055556,19.02385
1629357,-0.24,-0.62,0.43,,,12.42916667,19.023975
1629367,-0.24,-0.63,0.38,44.56,19.0241,12.3875,19.0241
1629377,-0.25,-0.65,0.4,,,12.33125,19.024225
1629387,-0.26,-0.66,0.45,,,12.28472222,19.02435
1629397,-0.27,-0.68,0.42,,,12.23819444,19.024475
1629407,-0.27,-0.73,0.42,43.89,19.0246,12.21388889,19.0246
1629417,-0.27,-0.72,0.41,,,12.15625,19.024725
1629427,-0.26,-0.72,0.41,,,12.12083333,19.02485
1629437,-0.25,-0.72,0.41,,,12.08541667,19.024975
1629447,-0.26,-0.77,0.41,43.38,19.0251,12.03888889,19.0251
1629457,-0.26,-0.76,0.41,,,12.00902778,19.025225
1629467,-0.25,-0.8,0.4,,,11.96805556,19.02535
1629477,-0.26,-0.83,0.41,,,11.92708333,19.025475
1629487,-0.26,-0.86,0.4,42.79,19.0256,11.84444444,19.02555
1629497,-0.26,-0.86,0.4,,,11.82430556,19.0257
1629507,-0.26,-0.86,0.44,,,11.7625,19.0258
1629517,-0.24,-0.84,0.41,,,11.70069444,19.0259
1629527,-0.22,-0.85,0.41,41.9,19.026,11.71388889,19.02605
1629537,-0.2,-0.85,0.4,,,11.61458333,19.026125
1629547,-0.2,-0.86,0.38,,,11.59027778,19.02625
1629557,-0.19,-0.86,0.39,,,11.56597222,19.026375
1629567,-0.2,-0.84,0.36,41.55,19.0265,11.44722222,19.0265
1629577,-0.2,-0.85,0.37,,,11.47013889,19.026625
1629587,-0.2,-0.87,0.37,,,11.39861111,19.02675
1629597,-0.21,-0.89,0.32,,,11.32708333,19.026875
1629607,-0.21,-0.93,0.32,40.52,19.027,11.35277778,19.02695
1629617,-0.2,-0.94,0.32,,,11.23263889,19.0271
1629627,-0.19,-0.94,0.33,,,11.20972222,19.0272
1629637,-0.18,-0.9,0.32,,,11.18680556,19.0273
1629647,-0.18,-0.86,0.32,40.19,19.0274,11.15416667,19.0274
1629657,-0.17,-0.83,0.31,,,11.13611111,19.0275
1629667,-0.17,-0.82,0.32,,,11.10833333,19.0276
1629677,-0.15,-0.8,0.33,,,11.08055556,19.0277
1629687,-0.15,-0.81,0.38,39.79,19.0278,11.01666667,19.02785
1629697,-0.16,-0.81,0.37,,,11.00694444,19.027925
1629707,-0.16,-0.78,0.3,,,10.96111111,19.02805
1629717,-0.16,-0.75,0.33,,,10.91527778,19.028175
1629727,-0.15,-0.77,0.32,39.13,19.0283,10.87083333,19.02825
1629737,-0.15,-0.79,0.28,,,10.82430556,19.0284
1629747,-0.15,-0.79,0.27,,,10.77916667,19.0285
1629757,-0.15,-0.76,0.27,,,10.73402778,19.0286
1629767,-0.14,-0.76,0.25,38.48,19.0287,10.75833333,19.0287
1629777,-0.14,-0.74,0.27,,,10.67847222,19.0288
1629787,-0.15,-0.71,0.26,,,10.66805556,19.0289
1629797,-0.15,-0.69,0.24,,,10.65763889,19.029
1629807,-0.16,-0.69,0.22,38.33,19.0291,10.62361111,19.02915
1629817,-0.16,-0.69,0.22,,,10.625,19.029225
1629827,-0.16,-0.68,0.22,,,10.60277778,19.02935
1629837,-0.17,-0.65,0.21,,,10.58055556,19.029475
1629847,-0.18,-0.64,0.22,38.01,19.0296,10.52222222,19.02955
1629857,-0.18,-0.6,0.2,,,10.51805556,19.0297
1629867,-0.18,-0.57,0.19,,,10.47777778,19.0298
1629877,-0.18,-0.55,0.2,,,10.4375,19.0299
1629887,-0.17,-0.53,0.2,37.43,19.03,10.26527778,19.03
1629897,-0.17,-0.51,0.22,,,10.29097222,19.0301
1629907,-0.16,-0.47,0.23,,,10.18472222,19.0302
1629917,-0.16,-0.44,0.22,,,10.07847222,19.0303
1629927,-0.14,-0.41,0.19,35.9,19.0304,10.34305556,19.0304
1629937,-0.13,-0.39,0.21,,,10.05138889,19.0305
1629947,-0.12,-0.35,0.2,,,10.13055556,19.0306
1629957,-0.11,-0.34,0.21,,,10.20972222,19.0307
1629967,-0.11,-0.31,0.22,37.04,19.0308,10.10138889,19.0308
1629977,-0.11,-0.29,0.22,,,10.27430556,19.0309
1629987,-0.1,-0.24,0.21,,,10.25972222,19.031
1629997,-0.1,-0.25,0.21,,,10.24513889,19.0311
1630007,-0.11,-0.24,0.17,36.83,19.0312,9.966666667,19.0312
1630017,-0.13,-0.24,0.16,,,10.08402778,19.0313
1630027,-0.14,-0.19,0.18,,,9.9375,19.0314
1630037,-0.15,-0.19,0.17,,,9.790972222,19.0315
1630047,-0.14,-0.16,0.17,34.72,19.0316,10.07083333,19.0316
1630057,-0.13,-0.16,0.19,,,9.711111111,19.0317
1630067,-0.13,-0.12,0.2,,,9.777777778,19.0318
1630077,-0.13,-0.08,0.19,,,9.844444444,19.0319
1630087,-0.14,-0.02,0.21,35.68,19.032,9.776388889,19.032
1630097,-0.14,0.02,0.2,,,9.910416667,19.0321
1630107,-0.13,0.06,0.2,,,9.909722222,19.0322
1630117,-0.13,0.07,0.18,,,9.909027778,19.0323
1630127,-0.12,0.1,0.18,35.67,19.0324,9.833333333,19.0324
1630137,-0.12,0.12,0.19,,,9.870138889,19.0325
1630147,-0.12,0.14,0.18,,,9.831944444,19.0326
1630157,-0.13,0.14,0.18,,,9.79375,19.0327
1630167,-0.14,0.13,0.18,35.12,19.0328,9.823611111,19.0328
1630177,-0.15,0.14,0.18,,,9.751388889,19.0329
1630187,-0.16,0.15,0.23,,,9.747222222,19.033
1630197,-0.14,0.17,0.25,,,9.743055556,19.0331
1630207,-0.12,0.18,0.16,35.06,19.0332,9.684722222,19.0332
1630217,-0.13,0.21,0.11,,,9.707638889,19.0333
1630227,-0.13,0.23,0.12,,,9.676388889,19.0334
1630237,-0.13,0.26,0.12,,,9.645138889,19.0335
1630247,-0.13,0.28,0.14,34.61,19.0336,9.613888889,19.0336
